out 08 01:24:27.013427 f3-fedora systemd[1]: Starting fprintd.service - Fingerprint Authentication Daemon...
out 08 01:24:27.080487 f3-fedora systemd[1]: Started fprintd.service - Fingerprint Authentication Daemon.
out 08 01:24:57.756938 f3-fedora systemd[1]: fprintd.service: Deactivated successfully.
out 08 01:29:50.629560 f3-fedora systemd[1]: Starting fprintd.service - Fingerprint Authentication Daemon...
out 08 01:29:50.708128 f3-fedora systemd[1]: Started fprintd.service - Fingerprint Authentication Daemon.
out 08 01:29:57.943360 f3-fedora systemd[1]: Stopping fprintd.service - Fingerprint Authentication Daemon...
out 08 01:29:57.945487 f3-fedora systemd[1]: fprintd.service: Deactivated successfully.
out 08 01:29:57.945756 f3-fedora systemd[1]: Stopped fprintd.service - Fingerprint Authentication Daemon.
out 08 01:29:57.978353 f3-fedora systemd[1]: Starting fprintd.service - Fingerprint Authentication Daemon...
out 08 01:29:58.065916 f3-fedora fprintd[18271]: About to load configuration file '/etc/fprintd.conf'
out 08 01:29:58.065945 f3-fedora fprintd[18271]: Launching FprintObject
out 08 01:29:58.066018 f3-fedora fprintd[18271]: Initializing FpContext (libfprint version 1.94.6)
out 08 01:29:58.069267 f3-fedora fprintd[18271]: Preparing devices for resume
out 08 01:29:58.069381 f3-fedora fprintd[18271]: No driver found for USB device 1D6B:0003
out 08 01:29:58.069424 f3-fedora fprintd[18271]: No driver found for USB device 13D3:5415
out 08 01:29:58.069431 f3-fedora fprintd[18271]: No driver found for USB device 8087:0026
out 08 01:29:58.069438 f3-fedora fprintd[18271]: No driver found for USB device 1D6B:0002
out 08 01:29:58.069498 f3-fedora fprintd[18271]: Device reported probe completion
out 08 01:29:58.069516 f3-fedora fprintd[18271]: Completing action FPI_DEVICE_ACTION_PROBE in idle!
out 08 01:29:58.069521 f3-fedora fprintd[18271]: Not updating temperature model, device can run continuously!
out 08 01:29:58.070502 f3-fedora fprintd[18271]: Device Goodix TLS Fingerprint Sensor 55X4 scan type changed to 'press'
out 08 01:29:58.070512 f3-fedora fprintd[18271]: Device Goodix TLS Fingerprint Sensor 55X4 enroll stages changed to 41
out 08 01:29:58.070523 f3-fedora fprintd[18271]: Finger present 0
out 08 01:29:58.070528 f3-fedora fprintd[18271]: Finger needed 0
out 08 01:29:58.070674 f3-fedora fprintd[18271]: Got delay inhibitor for sleep.
out 08 01:29:58.070738 f3-fedora fprintd[18271]: entering main loop
out 08 01:29:58.070953 f3-fedora fprintd[18271]: D-Bus service launched with name: net.reactivated.Fprint
out 08 01:29:58.070954 f3-fedora systemd[1]: Started fprintd.service - Fingerprint Authentication Daemon.
out 08 01:29:58.072584 f3-fedora fprintd[18271]: Requesting authorization from :1.301 to call method 'ListEnrolledFingers' for device 'Goodix TLS Fingerprint Sensor 55X4'
out 08 01:29:58.072817 f3-fedora fprintd[18271]: Getting authorization to perform Polkit action net.reactivated.fprint.device.setusername
out 08 01:29:58.073903 f3-fedora fprintd[18271]: Getting authorization to perform Polkit action net.reactivated.fprint.device.verify
out 08 01:29:58.074657 f3-fedora fprintd[18271]: Authorization granted to :1.301 to call method 'ListEnrolledFingers' for device 'Goodix TLS Fingerprint Sensor 55X4'!
out 08 01:29:58.074738 f3-fedora fprintd[18271]: file_storage_discover_prints() for user 'f360c4' in '/var/lib/fprint/f360c4/goodixtls55x4/0'
out 08 01:29:58.082944 f3-fedora fprintd[18271]: scan_dev_storedir(): opendir("/var/lib/fprint/f360c4/goodixtls55x4/0") failed: Erro ao abrir o diretório “/var/lib/fprint/f360c4/goodixtls55x4/0”: Arquivo ou diretório inexistente
out 08 01:29:58.090146 f3-fedora fprintd[18271]: Requesting authorization from :1.303 to call method 'Claim' for device 'Goodix TLS Fingerprint Sensor 55X4'
out 08 01:29:58.090317 f3-fedora fprintd[18271]: Getting authorization to perform Polkit action net.reactivated.fprint.device.setusername
out 08 01:29:58.091286 f3-fedora fprintd[18271]: Getting authorization to perform Polkit action net.reactivated.fprint.device.verify
out 08 01:29:58.092075 f3-fedora fprintd[18271]: Authorization granted to :1.303 to call method 'Claim' for device 'Goodix TLS Fingerprint Sensor 55X4'!
out 08 01:29:58.092123 f3-fedora fprintd[18271]: user 'f360c4' claiming the device: 0
out 08 01:29:58.198107 f3-fedora fprintd[18271]: Image device open completed
out 08 01:29:58.198144 f3-fedora fprintd[18271]: Device reported open completion
out 08 01:29:58.198645 f3-fedora fprintd[18271]: Completing action FPI_DEVICE_ACTION_OPEN in idle!
out 08 01:29:58.198678 f3-fedora fprintd[18271]: Not updating temperature model, device can run continuously!
out 08 01:29:58.198725 f3-fedora fprintd[18271]: claimed device 0
out 08 01:29:58.200541 f3-fedora fprintd[18271]: Requesting authorization from :1.303 to call method 'ListEnrolledFingers' for device 'Goodix TLS Fingerprint Sensor 55X4'
out 08 01:29:58.201550 f3-fedora fprintd[18271]: Getting authorization to perform Polkit action net.reactivated.fprint.device.setusername
out 08 01:29:58.206604 f3-fedora fprintd[18271]: Getting authorization to perform Polkit action net.reactivated.fprint.device.verify
out 08 01:29:58.211781 f3-fedora fprintd[18271]: Authorization granted to :1.303 to call method 'ListEnrolledFingers' for device 'Goodix TLS Fingerprint Sensor 55X4'!
out 08 01:29:58.211948 f3-fedora fprintd[18271]: file_storage_discover_prints() for user 'f360c4' in '/var/lib/fprint/f360c4/goodixtls55x4/0'
out 08 01:29:58.212014 f3-fedora fprintd[18271]: scan_dev_storedir(): opendir("/var/lib/fprint/f360c4/goodixtls55x4/0") failed: Erro ao abrir o diretório “/var/lib/fprint/f360c4/goodixtls55x4/0”: Arquivo ou diretório inexistente
out 08 01:29:58.214692 f3-fedora fprintd[18271]: Image device close completed
out 08 01:29:58.214734 f3-fedora fprintd[18271]: Device reported close completion
out 08 01:29:58.214921 f3-fedora fprintd[18271]: Completing action FPI_DEVICE_ACTION_CLOSE in idle!
out 08 01:29:58.214955 f3-fedora fprintd[18271]: Not updating temperature model, device can run continuously!
out 08 01:30:00.228832 f3-fedora systemd[1]: Stopping fprintd.service - Fingerprint Authentication Daemon...
out 08 01:30:00.229033 f3-fedora fprintd[18271]: main loop completed
out 08 01:30:00.231515 f3-fedora systemd[1]: fprintd.service: Deactivated successfully.
out 08 01:30:00.231789 f3-fedora systemd[1]: Stopped fprintd.service - Fingerprint Authentication Daemon.
out 08 01:33:55.065387 f3-fedora systemd[1]: Starting fprintd.service - Fingerprint Authentication Daemon...
out 08 01:33:55.153766 f3-fedora fprintd[19096]: About to load configuration file '/etc/fprintd.conf'
out 08 01:33:55.153796 f3-fedora fprintd[19096]: Launching FprintObject
out 08 01:33:55.153880 f3-fedora fprintd[19096]: Initializing FpContext (libfprint version 1.94.6)
out 08 01:33:55.157227 f3-fedora fprintd[19096]: Preparing devices for resume
out 08 01:33:55.157344 f3-fedora fprintd[19096]: No driver found for USB device 1D6B:0003
out 08 01:33:55.157384 f3-fedora fprintd[19096]: No driver found for USB device 13D3:5415
out 08 01:33:55.157392 f3-fedora fprintd[19096]: No driver found for USB device 8087:0026
out 08 01:33:55.157397 f3-fedora fprintd[19096]: No driver found for USB device 1D6B:0002
out 08 01:33:55.157444 f3-fedora fprintd[19096]: Device reported probe completion
out 08 01:33:55.157464 f3-fedora fprintd[19096]: Completing action FPI_DEVICE_ACTION_PROBE in idle!
out 08 01:33:55.157471 f3-fedora fprintd[19096]: Not updating temperature model, device can run continuously!
out 08 01:33:55.158466 f3-fedora fprintd[19096]: Device Goodix TLS Fingerprint Sensor 55X4 scan type changed to 'press'
out 08 01:33:55.158474 f3-fedora fprintd[19096]: Device Goodix TLS Fingerprint Sensor 55X4 enroll stages changed to 41
out 08 01:33:55.158481 f3-fedora fprintd[19096]: Finger present 0
out 08 01:33:55.158484 f3-fedora fprintd[19096]: Finger needed 0
out 08 01:33:55.158586 f3-fedora fprintd[19096]: Got delay inhibitor for sleep.
out 08 01:33:55.158626 f3-fedora fprintd[19096]: entering main loop
out 08 01:33:55.158791 f3-fedora fprintd[19096]: D-Bus service launched with name: net.reactivated.Fprint
out 08 01:33:55.158847 f3-fedora systemd[1]: Started fprintd.service - Fingerprint Authentication Daemon.
out 08 01:33:55.160656 f3-fedora fprintd[19096]: Requesting authorization from :1.310 to call method 'Claim' for device 'Goodix TLS Fingerprint Sensor 55X4'
out 08 01:33:55.160862 f3-fedora fprintd[19096]: Getting authorization to perform Polkit action net.reactivated.fprint.device.setusername
out 08 01:33:55.161840 f3-fedora fprintd[19096]: Getting authorization to perform Polkit action net.reactivated.fprint.device.verify
out 08 01:33:55.162454 f3-fedora fprintd[19096]: Authorization granted to :1.310 to call method 'Claim' for device 'Goodix TLS Fingerprint Sensor 55X4'!
out 08 01:33:55.162500 f3-fedora fprintd[19096]: user 'f360c4' claiming the device: 0
out 08 01:33:55.270409 f3-fedora fprintd[19096]: Image device open completed
out 08 01:33:55.270461 f3-fedora fprintd[19096]: Device reported open completion
out 08 01:33:55.270935 f3-fedora fprintd[19096]: Completing action FPI_DEVICE_ACTION_OPEN in idle!
out 08 01:33:55.270971 f3-fedora fprintd[19096]: Not updating temperature model, device can run continuously!
out 08 01:33:55.271026 f3-fedora fprintd[19096]: claimed device 0
out 08 01:33:55.272690 f3-fedora fprintd[19096]: Requesting authorization from :1.310 to call method 'EnrollStart' for device 'Goodix TLS Fingerprint Sensor 55X4'
out 08 01:33:55.272718 f3-fedora fprintd[19096]: Getting authorization to perform Polkit action net.reactivated.fprint.device.enroll
out 08 01:33:55.277635 f3-fedora fprintd[19096]: Authorization granted to :1.310 to call method 'EnrollStart' for device 'Goodix TLS Fingerprint Sensor 55X4'!
out 08 01:33:55.278258 f3-fedora fprintd[19096]: file_storage_print_data_load(): loaded '/var/lib/fprint/f360c4/goodixtls55x4/0/7' Erro desconhecido -2
out 08 01:33:55.278285 f3-fedora fprintd[19096]: start enrollment device 0 finger 7
out 08 01:33:55.278419 f3-fedora fprintd[19096]: Not updating temperature model, device can run continuously!
out 08 01:33:55.278749 f3-fedora fprintd[19096]: Read and NO OP
out 08 01:33:55.278456 f3-fedora fprintd[19096]: Activating image device
out 08 01:33:55.280598 f3-fedora fprintd[19096]: Enable Chip
out 08 01:33:55.278476 f3-fedora fprintd[19096]: Image device internal state change from FPI_IMAGE_DEVICE_STATE_INACTIVE to FPI_IMAGE_DEVICE_STATE_ACTIVATING
out 08 01:33:55.278504 f3-fedora fprintd[19096]: 6503558153: ../libfprint/drivers/goodixtls/goodix55x4.c:1510
out 08 01:33:55.278539 f3-fedora fprintd[19096]: [goodixtls55x4] ACTIVATE_NUM_STATES entering state 0
out 08 01:33:55.278754 f3-fedora fprintd[19096]: Running command: 0x00
out 08 01:33:55.279195 f3-fedora fprintd[19096]: Completed command: 0x00
out 08 01:33:55.279219 f3-fedora fprintd[19096]: [goodixtls55x4] ACTIVATE_NUM_STATES entering state 1
out 08 01:33:55.279250 f3-fedora fprintd[19096]: Running command: 0x96
out 08 01:33:55.283311 f3-fedora fprintd[19096]: Got protocol msg
out 08 01:33:55.283361 f3-fedora fprintd[19096]: got ack
out 08 01:33:55.283753 f3-fedora fprintd[19096]: NO OP
out 08 01:33:55.283403 f3-fedora fprintd[19096]: 6503563031: ../libfprint/drivers/goodixtls/goodix.c:319
out 08 01:33:55.283439 f3-fedora fprintd[19096]: Completed command: 0x96
out 08 01:33:55.284093 f3-fedora fprintd[19096]: Checking FW
out 08 01:33:55.283460 f3-fedora fprintd[19096]: [goodixtls55x4] ACTIVATE_NUM_STATES entering state 2
out 08 01:33:55.283493 f3-fedora fprintd[19096]: Running command: 0x00
out 08 01:33:55.283854 f3-fedora fprintd[19096]: Completed command: 0x00
out 08 01:33:55.283876 f3-fedora fprintd[19096]: [goodixtls55x4] ACTIVATE_NUM_STATES entering state 3
out 08 01:33:55.283909 f3-fedora fprintd[19096]: Running command: 0xa8
out 08 01:33:55.287899 f3-fedora fprintd[19096]: Got protocol msg
out 08 01:33:55.287920 f3-fedora fprintd[19096]: got ack
out 08 01:33:55.289994 f3-fedora fprintd[19096]: Got protocol msg
out 08 01:33:55.290244 f3-fedora fprintd[19096]: GF3268_RTSEC_APP_10062
out 08 01:33:55.290244 f3-fedora fprintd[19096]: Checking PSK
out 08 01:33:55.290028 f3-fedora fprintd[19096]: Completed command: 0xa8
out 08 01:33:55.290043 f3-fedora fprintd[19096]: Device firmware: "GF3268_RTSEC_APP_10062"
out 08 01:33:55.290081 f3-fedora fprintd[19096]: [goodixtls55x4] ACTIVATE_NUM_STATES entering state 4
out 08 01:33:55.290102 f3-fedora fprintd[19096]: Running command: 0xe4
out 08 01:33:55.293580 f3-fedora fprintd[19096]: Got protocol msg
out 08 01:33:55.293600 f3-fedora fprintd[19096]: got ack
out 08 01:33:55.297669 f3-fedora fprintd[19096]: Got protocol msg
out 08 01:33:55.297983 f3-fedora fprintd[19096]: length: 32, offset: 1148333902, flags: -1157496825
out 08 01:33:55.297705 f3-fedora fprintd[19096]: Completed command: 0xe4
out 08 01:33:55.297760 f3-fedora fprintd[19096]: Device PSK: 0x4e2f72445608d1ada6639ed1887460925fd3c8a9a46926dcd7af864f1005e10c
out 08 01:33:55.297771 f3-fedora fprintd[19096]: Device PSK flags: 0xbb020007
out 08 01:33:55.297792 f3-fedora fprintd[19096]: [goodixtls55x4] SSM ACTIVATE_NUM_STATES failed in state 4 with error: Invalid device PSK: 0x4e2f72445608d1ada6639ed1887460925fd3c8a9a46926dcd7af864f1005e10c
out 08 01:33:55.297806 f3-fedora fprintd[19096]: [goodixtls55x4] ACTIVATE_NUM_STATES completed with error: Invalid device PSK: 0x4e2f72445608d1ada6639ed1887460925fd3c8a9a46926dcd7af864f1005e10c
out 08 01:33:55.297823 f3-fedora fprintd[19096]: 6503577474: ../libfprint/drivers/goodixtls/goodix55x4.c:504
out 08 01:33:55.297836 f3-fedora fprintd[19096]: failed during activation: Invalid device PSK: 0x4e2f72445608d1ada6639ed1887460925fd3c8a9a46926dcd7af864f1005e10c (code: 35)
out 08 01:33:55.297848 f3-fedora fprintd[19096]: Image device activation failed
out 08 01:33:55.297864 f3-fedora fprintd[19096]: Device reported generic error (Invalid device PSK: 0x4e2f72445608d1ada6639ed1887460925fd3c8a9a46926dcd7af864f1005e10c) during action; action was: FPI_DEVICE_ACTION_IDENTIFY
out 08 01:33:55.297876 f3-fedora fprintd[19096]: Device reported identify completion
out 08 01:33:55.298025 f3-fedora fprintd[19096]: Completing action FPI_DEVICE_ACTION_IDENTIFY in idle!
out 08 01:33:55.298043 f3-fedora fprintd[19096]: Not updating temperature model, device can run continuously!
out 08 01:33:55.298209 f3-fedora fprintd[19096]: Device reported an error during identify for enroll: Invalid device PSK: 0x4e2f72445608d1ada6639ed1887460925fd3c8a9a46926dcd7af864f1005e10c
out 08 01:33:55.300407 f3-fedora fprintd[19096]: Requesting authorization from :1.310 to call method 'EnrollStop' for device 'Goodix TLS Fingerprint Sensor 55X4'
out 08 01:33:55.300442 f3-fedora fprintd[19096]: Authorization granted to :1.310 to call method 'EnrollStop' for device 'Goodix TLS Fingerprint Sensor 55X4'!
out 08 01:33:55.302227 f3-fedora fprintd[19096]: Requesting authorization from :1.310 to call method 'Release' for device 'Goodix TLS Fingerprint Sensor 55X4'
out 08 01:33:55.302263 f3-fedora fprintd[19096]: Authorization granted to :1.310 to call method 'Release' for device 'Goodix TLS Fingerprint Sensor 55X4'!
out 08 01:33:55.302763 f3-fedora fprintd[19096]: Image device close completed
out 08 01:33:55.302792 f3-fedora fprintd[19096]: Device reported close completion
out 08 01:33:55.302948 f3-fedora fprintd[19096]: transfer cancelled, aborting read loop...
out 08 01:33:55.303038 f3-fedora fprintd[19096]: Completing action FPI_DEVICE_ACTION_CLOSE in idle!
out 08 01:33:55.303055 f3-fedora fprintd[19096]: Not updating temperature model, device can run continuously!
out 08 01:33:55.303082 f3-fedora fprintd[19096]: released device 0
out 08 01:33:57.320323 f3-fedora systemd[1]: Stopping fprintd.service - Fingerprint Authentication Daemon...
out 08 01:33:57.320510 f3-fedora fprintd[19096]: main loop completed
out 08 01:33:57.323049 f3-fedora systemd[1]: fprintd.service: Deactivated successfully.
out 08 01:33:57.323327 f3-fedora systemd[1]: Stopped fprintd.service - Fingerprint Authentication Daemon.
out 08 01:40:20.989679 f3-fedora systemd[1]: Starting fprintd.service - Fingerprint Authentication Daemon...
out 08 01:40:21.083048 f3-fedora fprintd[20127]: About to load configuration file '/etc/fprintd.conf'
out 08 01:40:21.083077 f3-fedora fprintd[20127]: Launching FprintObject
out 08 01:40:21.083149 f3-fedora fprintd[20127]: Initializing FpContext (libfprint version 1.94.6)
out 08 01:40:21.086378 f3-fedora fprintd[20127]: Preparing devices for resume
out 08 01:40:21.086469 f3-fedora fprintd[20127]: No driver found for USB device 1D6B:0003
out 08 01:40:21.086496 f3-fedora fprintd[20127]: No driver found for USB device 13D3:5415
out 08 01:40:21.086499 f3-fedora fprintd[20127]: No driver found for USB device 8087:0026
out 08 01:40:21.086503 f3-fedora fprintd[20127]: No driver found for USB device 1D6B:0002
out 08 01:40:21.086534 f3-fedora fprintd[20127]: Device reported probe completion
out 08 01:40:21.086547 f3-fedora fprintd[20127]: Completing action FPI_DEVICE_ACTION_PROBE in idle!
out 08 01:40:21.086552 f3-fedora fprintd[20127]: Not updating temperature model, device can run continuously!
out 08 01:40:21.087710 f3-fedora fprintd[20127]: Device Goodix TLS Fingerprint Sensor 55X4 scan type changed to 'press'
out 08 01:40:21.087718 f3-fedora fprintd[20127]: Device Goodix TLS Fingerprint Sensor 55X4 enroll stages changed to 41
out 08 01:40:21.087725 f3-fedora fprintd[20127]: Finger present 0
out 08 01:40:21.087728 f3-fedora fprintd[20127]: Finger needed 0
out 08 01:40:21.087830 f3-fedora fprintd[20127]: Got delay inhibitor for sleep.
out 08 01:40:21.087871 f3-fedora fprintd[20127]: entering main loop
out 08 01:40:21.088071 f3-fedora fprintd[20127]: D-Bus service launched with name: net.reactivated.Fprint
out 08 01:40:21.088269 f3-fedora systemd[1]: Started fprintd.service - Fingerprint Authentication Daemon.
out 08 01:40:21.088497 f3-fedora fprintd[20127]: Requesting authorization from :1.316 to call method 'ListEnrolledFingers' for device 'Goodix TLS Fingerprint Sensor 55X4'
out 08 01:40:21.088719 f3-fedora fprintd[20127]: Getting authorization to perform Polkit action net.reactivated.fprint.device.setusername
out 08 01:40:21.089756 f3-fedora fprintd[20127]: Getting authorization to perform Polkit action net.reactivated.fprint.device.verify
out 08 01:40:21.090500 f3-fedora fprintd[20127]: Authorization granted to :1.316 to call method 'ListEnrolledFingers' for device 'Goodix TLS Fingerprint Sensor 55X4'!
out 08 01:40:21.090591 f3-fedora fprintd[20127]: file_storage_discover_prints() for user 'f360c4' in '/var/lib/fprint/f360c4/goodixtls55x4/0'
out 08 01:40:21.090704 f3-fedora fprintd[20127]: scan_dev_storedir(): opendir("/var/lib/fprint/f360c4/goodixtls55x4/0") failed: Erro ao abrir o diretório “/var/lib/fprint/f360c4/goodixtls55x4/0”: Arquivo ou diretório inexistente
out 08 01:40:51.741288 f3-fedora systemd[1]: fprintd.service: Deactivated successfully.
out 08 01:45:14.933061 f3-fedora systemd[1]: Starting fprintd.service - Fingerprint Authentication Daemon...
out 08 01:45:15.027552 f3-fedora fprintd[21137]: About to load configuration file '/etc/fprintd.conf'
out 08 01:45:15.027578 f3-fedora fprintd[21137]: Launching FprintObject
out 08 01:45:15.027651 f3-fedora fprintd[21137]: Initializing FpContext (libfprint version 1.94.6)
out 08 01:45:15.030829 f3-fedora fprintd[21137]: Preparing devices for resume
out 08 01:45:15.030923 f3-fedora fprintd[21137]: No driver found for USB device 1D6B:0003
out 08 01:45:15.030951 f3-fedora fprintd[21137]: No driver found for USB device 13D3:5415
out 08 01:45:15.030955 f3-fedora fprintd[21137]: No driver found for USB device 8087:0026
out 08 01:45:15.030958 f3-fedora fprintd[21137]: No driver found for USB device 1D6B:0002
out 08 01:45:15.030990 f3-fedora fprintd[21137]: Device reported probe completion
out 08 01:45:15.031003 f3-fedora fprintd[21137]: Completing action FPI_DEVICE_ACTION_PROBE in idle!
out 08 01:45:15.031007 f3-fedora fprintd[21137]: Not updating temperature model, device can run continuously!
out 08 01:45:15.031928 f3-fedora fprintd[21137]: Device Goodix TLS Fingerprint Sensor 55X4 scan type changed to 'press'
out 08 01:45:15.031936 f3-fedora fprintd[21137]: Device Goodix TLS Fingerprint Sensor 55X4 enroll stages changed to 41
out 08 01:45:15.031943 f3-fedora fprintd[21137]: Finger present 0
out 08 01:45:15.031946 f3-fedora fprintd[21137]: Finger needed 0
out 08 01:45:15.032056 f3-fedora fprintd[21137]: Got delay inhibitor for sleep.
out 08 01:45:15.032096 f3-fedora fprintd[21137]: entering main loop
out 08 01:45:15.032247 f3-fedora fprintd[21137]: D-Bus service launched with name: net.reactivated.Fprint
out 08 01:45:15.032319 f3-fedora systemd[1]: Started fprintd.service - Fingerprint Authentication Daemon.
out 08 01:45:15.033975 f3-fedora fprintd[21137]: Requesting authorization from :1.327 to call method 'Claim' for device 'Goodix TLS Fingerprint Sensor 55X4'
out 08 01:45:15.034251 f3-fedora fprintd[21137]: Getting authorization to perform Polkit action net.reactivated.fprint.device.verify
out 08 01:45:15.049009 f3-fedora fprintd[21137]: Authorization granted to :1.327 to call method 'Claim' for device 'Goodix TLS Fingerprint Sensor 55X4'!
out 08 01:45:15.049109 f3-fedora fprintd[21137]: user 'f360c4' claiming the device: 0
out 08 01:45:15.154782 f3-fedora fprintd[21137]: Image device open completed
out 08 01:45:15.154814 f3-fedora fprintd[21137]: Device reported open completion
out 08 01:45:15.155182 f3-fedora fprintd[21137]: Completing action FPI_DEVICE_ACTION_OPEN in idle!
out 08 01:45:15.155205 f3-fedora fprintd[21137]: Not updating temperature model, device can run continuously!
out 08 01:45:15.155233 f3-fedora fprintd[21137]: claimed device 0
out 08 01:45:15.157051 f3-fedora fprintd[21137]: Requesting authorization from :1.327 to call method 'DeleteEnrolledFingers2' for device 'Goodix TLS Fingerprint Sensor 55X4'
out 08 01:45:15.157079 f3-fedora fprintd[21137]: Getting authorization to perform Polkit action net.reactivated.fprint.device.enroll
out 08 01:45:15.527176 f3-fedora fprintd[21137]: Requesting authorization from :1.330 to call method 'ListEnrolledFingers' for device 'Goodix TLS Fingerprint Sensor 55X4'
out 08 01:45:15.527398 f3-fedora fprintd[21137]: Getting authorization to perform Polkit action net.reactivated.fprint.device.setusername
out 08 01:45:15.528748 f3-fedora fprintd[21137]: Getting authorization to perform Polkit action net.reactivated.fprint.device.verify
out 08 01:45:15.529679 f3-fedora fprintd[21137]: Authorization granted to :1.330 to call method 'ListEnrolledFingers' for device 'Goodix TLS Fingerprint Sensor 55X4'!
out 08 01:45:15.529752 f3-fedora fprintd[21137]: file_storage_discover_prints() for user 'f360c4' in '/var/lib/fprint/f360c4/goodixtls55x4/0'
out 08 01:45:15.529929 f3-fedora fprintd[21137]: scan_dev_storedir(): opendir("/var/lib/fprint/f360c4/goodixtls55x4/0") failed: Erro ao abrir o diretório “/var/lib/fprint/f360c4/goodixtls55x4/0”: Arquivo ou diretório inexistente
out 08 01:45:25.567287 f3-fedora fprintd[21137]: Authorization granted to :1.327 to call method 'DeleteEnrolledFingers2' for device 'Goodix TLS Fingerprint Sensor 55X4'!
out 08 01:45:25.567323 f3-fedora fprintd[21137]: Deleting enrolled fingers for user f360c4
out 08 01:45:25.567334 f3-fedora fprintd[21137]: file_storage_discover_prints() for user 'f360c4' in '/var/lib/fprint/f360c4/goodixtls55x4/0'
out 08 01:45:25.567383 f3-fedora fprintd[21137]: scan_dev_storedir(): opendir("/var/lib/fprint/f360c4/goodixtls55x4/0") failed: Erro ao abrir o diretório “/var/lib/fprint/f360c4/goodixtls55x4/0”: Arquivo ou diretório inexistente
out 08 01:45:25.567733 f3-fedora fprintd[21137]: Requesting authorization from :1.327 to call method 'Release' for device 'Goodix TLS Fingerprint Sensor 55X4'
out 08 01:45:25.567741 f3-fedora fprintd[21137]: Authorization granted to :1.327 to call method 'Release' for device 'Goodix TLS Fingerprint Sensor 55X4'!
out 08 01:45:25.567792 f3-fedora fprintd[21137]: Image device close completed
out 08 01:45:25.567798 f3-fedora fprintd[21137]: Device reported close completion
out 08 01:45:25.567838 f3-fedora fprintd[21137]: Completing action FPI_DEVICE_ACTION_CLOSE in idle!
out 08 01:45:25.567844 f3-fedora fprintd[21137]: Not updating temperature model, device can run continuously!
out 08 01:45:25.567852 f3-fedora fprintd[21137]: released device 0
out 08 01:45:25.621777 f3-fedora fprintd[21137]: Requesting authorization from :1.335 to call method 'Claim' for device 'Goodix TLS Fingerprint Sensor 55X4'
out 08 01:45:25.622020 f3-fedora fprintd[21137]: Getting authorization to perform Polkit action net.reactivated.fprint.device.verify
out 08 01:45:25.641898 f3-fedora fprintd[21137]: Authorization granted to :1.335 to call method 'Claim' for device 'Goodix TLS Fingerprint Sensor 55X4'!
out 08 01:45:25.641957 f3-fedora fprintd[21137]: user 'f360c4' claiming the device: 0
out 08 01:45:25.642010 f3-fedora fprintd[21137]: Image device open completed
out 08 01:45:25.642015 f3-fedora fprintd[21137]: Device reported open completion
out 08 01:45:25.642099 f3-fedora fprintd[21137]: Completing action FPI_DEVICE_ACTION_OPEN in idle!
out 08 01:45:25.642107 f3-fedora fprintd[21137]: Not updating temperature model, device can run continuously!
out 08 01:45:25.642116 f3-fedora fprintd[21137]: claimed device 0
out 08 01:45:25.642497 f3-fedora fprintd[21137]: Requesting authorization from :1.335 to call method 'EnrollStart' for device 'Goodix TLS Fingerprint Sensor 55X4'
out 08 01:45:25.642504 f3-fedora fprintd[21137]: Getting authorization to perform Polkit action net.reactivated.fprint.device.enroll
out 08 01:45:25.667869 f3-fedora fprintd[21137]: Authorization granted to :1.335 to call method 'EnrollStart' for device 'Goodix TLS Fingerprint Sensor 55X4'!
out 08 01:45:25.667923 f3-fedora fprintd[21137]: file_storage_print_data_load(): loaded '/var/lib/fprint/f360c4/goodixtls55x4/0/7' Erro desconhecido -2
out 08 01:45:25.667928 f3-fedora fprintd[21137]: start enrollment device 0 finger 7
out 08 01:45:25.667957 f3-fedora fprintd[21137]: Not updating temperature model, device can run continuously!
out 08 01:45:25.667964 f3-fedora fprintd[21137]: Activating image device
out 08 01:45:25.667969 f3-fedora fprintd[21137]: Image device internal state change from FPI_IMAGE_DEVICE_STATE_INACTIVE to FPI_IMAGE_DEVICE_STATE_ACTIVATING
out 08 01:45:25.667977 f3-fedora fprintd[21137]: 7193947637: ../libfprint/drivers/goodixtls/goodix55x4.c:1510
out 08 01:45:25.668114 f3-fedora fprintd[21137]: Read and NO OP
out 08 01:45:25.667987 f3-fedora fprintd[21137]: [goodixtls55x4] ACTIVATE_NUM_STATES entering state 0
out 08 01:45:25.668554 f3-fedora fprintd[21137]: Enable Chip
out 08 01:45:25.668144 f3-fedora fprintd[21137]: Running command: 0x00
out 08 01:45:25.668203 f3-fedora fprintd[21137]: Completed command: 0x00
out 08 01:45:25.668207 f3-fedora fprintd[21137]: [goodixtls55x4] ACTIVATE_NUM_STATES entering state 1
out 08 01:45:25.668213 f3-fedora fprintd[21137]: Running command: 0x96
out 08 01:45:25.672413 f3-fedora fprintd[21137]: Got protocol msg
out 08 01:45:25.672419 f3-fedora fprintd[21137]: got ack
out 08 01:45:25.672562 f3-fedora fprintd[21137]: NO OP
out 08 01:45:25.672562 f3-fedora fprintd[21137]: Checking FW
out 08 01:45:25.672426 f3-fedora fprintd[21137]: 7193952084: ../libfprint/drivers/goodixtls/goodix.c:319
out 08 01:45:25.672433 f3-fedora fprintd[21137]: Completed command: 0x96
out 08 01:45:25.672439 f3-fedora fprintd[21137]: [goodixtls55x4] ACTIVATE_NUM_STATES entering state 2
out 08 01:45:25.672450 f3-fedora fprintd[21137]: Running command: 0x00
out 08 01:45:25.672520 f3-fedora fprintd[21137]: Completed command: 0x00
out 08 01:45:25.672525 f3-fedora fprintd[21137]: [goodixtls55x4] ACTIVATE_NUM_STATES entering state 3
out 08 01:45:25.672531 f3-fedora fprintd[21137]: Running command: 0xa8
out 08 01:45:25.676993 f3-fedora fprintd[21137]: Got protocol msg
out 08 01:45:25.676998 f3-fedora fprintd[21137]: got ack
out 08 01:45:25.678888 f3-fedora fprintd[21137]: Got protocol msg
out 08 01:45:25.678898 f3-fedora fprintd[21137]: Completed command: 0xa8
out 08 01:45:25.678963 f3-fedora fprintd[21137]: GF3268_RTSEC_APP_10062
out 08 01:45:25.678963 f3-fedora fprintd[21137]: Checking PSK
out 08 01:45:25.678902 f3-fedora fprintd[21137]: Device firmware: "GF3268_RTSEC_APP_10062"
out 08 01:45:25.678912 f3-fedora fprintd[21137]: [goodixtls55x4] ACTIVATE_NUM_STATES entering state 4
out 08 01:45:25.678917 f3-fedora fprintd[21137]: Running command: 0xe4
out 08 01:45:25.681983 f3-fedora fprintd[21137]: Got protocol msg
out 08 01:45:25.681987 f3-fedora fprintd[21137]: got ack
out 08 01:45:25.686499 f3-fedora fprintd[21137]: Got protocol msg
out 08 01:45:25.686511 f3-fedora fprintd[21137]: Completed command: 0xe4
out 08 01:45:25.686619 f3-fedora fprintd[21137]: length: 32, offset: 1241495681, flags: -1157496825
out 08 01:45:25.686619 f3-fedora fprintd[21137]: Reset Device
out 08 01:45:25.686527 f3-fedora fprintd[21137]: Device PSK: 0x81b8ff490612022a121a9449ee3aad2792f32b9f3141182cd01019945ee50361
out 08 01:45:25.686530 f3-fedora fprintd[21137]: Device PSK flags: 0xbb020007
out 08 01:45:25.686535 f3-fedora fprintd[21137]: [goodixtls55x4] ACTIVATE_NUM_STATES entering state 5
out 08 01:45:25.686540 f3-fedora fprintd[21137]: Running command: 0xa2
out 08 01:45:25.689371 f3-fedora fprintd[21137]: Got protocol msg
out 08 01:45:25.689376 f3-fedora fprintd[21137]: got ack
out 08 01:45:25.712070 f3-fedora fprintd[21137]: Got protocol msg
out 08 01:45:25.712228 f3-fedora fprintd[21137]: Device IDLE
out 08 01:45:25.712083 f3-fedora fprintd[21137]: Completed command: 0xa2
out 08 01:45:25.712088 f3-fedora fprintd[21137]: Device reset number: 1024
out 08 01:45:25.712093 f3-fedora fprintd[21137]: [goodixtls55x4] ACTIVATE_NUM_STATES entering state 6
out 08 01:45:25.712105 f3-fedora fprintd[21137]: Running command: 0x70
out 08 01:45:25.715096 f3-fedora fprintd[21137]: Got protocol msg
out 08 01:45:25.715193 f3-fedora fprintd[21137]: Reading OTP
out 08 01:45:25.715101 f3-fedora fprintd[21137]: got ack
out 08 01:45:25.715108 f3-fedora fprintd[21137]: 7193994767: ../libfprint/drivers/goodixtls/goodix.c:319
out 08 01:45:25.715113 f3-fedora fprintd[21137]: Completed command: 0x70
out 08 01:45:25.715118 f3-fedora fprintd[21137]: [goodixtls55x4] ACTIVATE_NUM_STATES entering state 7
out 08 01:45:25.715127 f3-fedora fprintd[21137]: Running command: 0xa6
out 08 01:45:25.738536 f3-fedora fprintd[21137]: Got protocol msg
out 08 01:45:25.738551 f3-fedora fprintd[21137]: got ack
out 08 01:45:25.764292 f3-fedora fprintd[21137]: Got protocol msg
out 08 01:45:25.764383 f3-fedora fprintd[21137]: Completed command: 0xa6
out 08 01:45:25.764830 f3-fedora fprintd[21137]: OTP calibration: tcode 0xd0 (image 0x70), fdt delta 0x17 (trigger 0x17), fdt offset 0
out 08 01:45:25.764830 f3-fedora fprintd[21137]: Uploading calibrated Device Config
out 08 01:45:25.764439 f3-fedora fprintd[21137]: [goodixtls55x4] ACTIVATE_NUM_STATES entering state 8
out 08 01:45:25.764465 f3-fedora fprintd[21137]: Running command: 0x90
out 08 01:45:25.773663 f3-fedora fprintd[21137]: Got protocol msg
out 08 01:45:25.773683 f3-fedora fprintd[21137]: got ack
out 08 01:45:25.795103 f3-fedora fprintd[21137]: Got protocol msg
out 08 01:45:25.795144 f3-fedora fprintd[21137]: Completed command: 0x90
out 08 01:45:25.795161 f3-fedora fprintd[21137]: [goodixtls55x4] ACTIVATE_NUM_STATES completed successfully
out 08 01:45:25.795179 f3-fedora fprintd[21137]: 7194074828: ../libfprint/drivers/goodixtls/goodix55x4.c:504
out 08 01:45:25.795190 f3-fedora fprintd[21137]: Starting up goodix tls server
out 08 01:45:25.806297 f3-fedora fprintd[21137]: Running command: 0xd0
out 08 01:45:25.806414 f3-fedora fprintd[21137]: TLS server waiting to accept...
out 08 01:45:25.809462 f3-fedora fprintd[21137]: Got protocol msg
out 08 01:45:25.809490 f3-fedora fprintd[21137]: got ack
out 08 01:45:25.817232 f3-fedora fprintd[21137]: Got TLS msg
out 08 01:45:25.817262 f3-fedora fprintd[21137]: Completed command: 0xd0
out 08 01:45:25.817299 f3-fedora fprintd[21137]: [goodixtls55x4] TLS_HANDSHAKE_STAGE_NUM entering state 0
out 08 01:45:25.818844 f3-fedora fprintd[21137]: [goodixtls55x4] TLS_HANDSHAKE_STAGE_NUM entering state 1
out 08 01:45:25.818865 f3-fedora fprintd[21137]: goodix_read_tls()
out 08 01:45:25.834289 f3-fedora fprintd[21137]: Got TLS msg
out 08 01:45:25.834331 f3-fedora fprintd[21137]: Completed command: 0x00
out 08 01:45:25.834403 f3-fedora fprintd[21137]: [goodixtls55x4] TLS_HANDSHAKE_STAGE_NUM entering state 2
out 08 01:45:25.834415 f3-fedora fprintd[21137]: goodix_read_tls()
out 08 01:45:25.834532 f3-fedora fprintd[21137]: PSK WANTED 512
out 08 01:45:25.836427 f3-fedora fprintd[21137]: Got TLS msg
out 08 01:45:25.836452 f3-fedora fprintd[21137]: Completed command: 0x00
out 08 01:45:25.836481 f3-fedora fprintd[21137]: [goodixtls55x4] TLS_HANDSHAKE_STAGE_NUM entering state 3
out 08 01:45:25.836491 f3-fedora fprintd[21137]: goodix_read_tls()
out 08 01:45:25.849530 f3-fedora fprintd[21137]: Got TLS msg
out 08 01:45:25.849563 f3-fedora fprintd[21137]: Completed command: 0x00
out 08 01:45:25.849598 f3-fedora fprintd[21137]: [goodixtls55x4] TLS_HANDSHAKE_STAGE_NUM entering state 4
out 08 01:45:25.849609 f3-fedora fprintd[21137]: Reading to proxy back
out 08 01:45:25.850024 f3-fedora fprintd[21137]: TLS server accept done
out 08 01:45:25.850041 f3-fedora fprintd[21137]: TLS connection ready
out 08 01:45:25.851125 f3-fedora fprintd[21137]: [goodixtls55x4] TLS_HANDSHAKE_STAGE_NUM completed successfully
out 08 01:45:25.871380 f3-fedora fprintd[21137]: HANDSHAKE DONE
out 08 01:45:25.871410 f3-fedora fprintd[21137]: Image device activation completed
out 08 01:45:25.871442 f3-fedora fprintd[21137]: Image device internal state change from FPI_IMAGE_DEVICE_STATE_ACTIVATING to FPI_IMAGE_DEVICE_STATE_IDLE
out 08 01:45:25.871505 f3-fedora fprintd[21137]: 7194151128: ../libfprint/drivers/goodixtls/goodix55x4.c:1510
out 08 01:45:25.871522 f3-fedora fprintd[21137]: Image device internal state change from FPI_IMAGE_DEVICE_STATE_IDLE to FPI_IMAGE_DEVICE_STATE_AWAIT_FINGER_ON
out 08 01:45:25.871539 f3-fedora fprintd[21137]: 7194151192: ../libfprint/drivers/goodixtls/goodix55x4.c:1510
out 08 01:45:25.871556 f3-fedora fprintd[21137]: [goodixtls55x4] SCAN_STAGE_NUM entering state 0
out 08 01:45:25.871570 f3-fedora fprintd[21137]: Running command: 0x36
out 08 01:45:25.871875 f3-fedora fprintd[21137]: Device reported finger status change: FP_FINGER_STATUS_NEEDED
out 08 01:45:25.871936 f3-fedora fprintd[21137]: Finger present 0
out 08 01:45:25.871996 f3-fedora fprintd[21137]: Finger needed 1
out 08 01:45:25.875043 f3-fedora fprintd[21137]: Got protocol msg
out 08 01:45:25.875063 f3-fedora fprintd[21137]: got ack
out 08 01:45:25.893402 f3-fedora fprintd[21137]: Got protocol msg
out 08 01:45:25.893836 f3-fedora fprintd[21137]: FDT base 4468 (reference 0): 18b 197 162 134 194 1a6 17d 145 188 199 16e 131
out 08 01:45:25.893438 f3-fedora fprintd[21137]: Completed command: 0x36
out 08 01:45:25.893493 f3-fedora fprintd[21137]: [goodixtls55x4] SCAN_STAGE_NUM entering state 1
out 08 01:45:25.893506 f3-fedora fprintd[21137]: Running command: 0x20
out 08 01:45:25.896847 f3-fedora fprintd[21137]: Got protocol msg
out 08 01:45:25.896875 f3-fedora fprintd[21137]: got ack
out 08 01:45:25.934305 f3-fedora fprintd[21137]: Got TLS data msg
out 08 01:45:25.934406 f3-fedora fprintd[21137]: Completed command: 0x20
out 08 01:45:25.934850 f3-fedora fprintd[21137]: [goodixtls55x4] SCAN_STAGE_NUM entering state 2
out 08 01:45:25.935042 f3-fedora fprintd[21137]: Waiting for finger down
out 08 01:45:25.934905 f3-fedora fprintd[21137]: Running command: 0x32
out 08 01:45:25.938843 f3-fedora fprintd[21137]: Got protocol msg
out 08 01:45:25.938869 f3-fedora fprintd[21137]: got ack
out 08 01:45:28.967046 f3-fedora fprintd[21137]: Got protocol msg
out 08 01:45:28.967741 f3-fedora fprintd[21137]: Finger down (touch flag 0xeee, 3032 ms after arming)
out 08 01:45:28.967063 f3-fedora fprintd[21137]: Completed command: 0x32
out 08 01:45:28.967085 f3-fedora fprintd[21137]: [goodixtls55x4] SCAN_STAGE_NUM entering state 3
out 08 01:45:28.967096 f3-fedora fprintd[21137]: Device reported finger status change: FP_FINGER_STATUS_NEEDED | FP_FINGER_STATUS_PRESENT
out 08 01:45:28.967130 f3-fedora fprintd[21137]: Finger present 1
out 08 01:45:28.967139 f3-fedora fprintd[21137]: Finger needed 1
out 08 01:45:28.967147 f3-fedora fprintd[21137]: Image device reported finger status: on
out 08 01:45:28.967156 f3-fedora fprintd[21137]: Image device internal state change from FPI_IMAGE_DEVICE_STATE_AWAIT_FINGER_ON to FPI_IMAGE_DEVICE_STATE_CAPTURE
out 08 01:45:28.967167 f3-fedora fprintd[21137]: 7197246826: ../libfprint/drivers/goodixtls/goodix55x4.c:1510
out 08 01:45:28.967174 f3-fedora fprintd[21137]: Running command: 0x20
out 08 01:45:28.970577 f3-fedora fprintd[21137]: Got protocol msg
out 08 01:45:28.970587 f3-fedora fprintd[21137]: got ack
out 08 01:45:29.007802 f3-fedora fprintd[21137]: Got TLS data msg
out 08 01:45:29.007855 f3-fedora fprintd[21137]: Completed command: 0x20
out 08 01:45:29.051116 f3-fedora fprintd[21137]: Touch image ridge score 31,5 (gate 11), valley depth 0,244 (gate 0,10), coherence 0,56, FDT base 4468, contact 37%, ridge in contact 39,2, touch flag 0xeee -> used
out 08 01:45:29.051108 f3-fedora fprintd[21137]: Image device captured an image
out 08 01:45:29.051138 f3-fedora fprintd[21137]: Image device internal state change from FPI_IMAGE_DEVICE_STATE_CAPTURE to FPI_IMAGE_DEVICE_STATE_AWAIT_FINGER_OFF
out 08 01:45:29.051150 f3-fedora fprintd[21137]: 7197330809: ../libfprint/drivers/goodixtls/goodix55x4.c:1510
out 08 01:45:29.051158 f3-fedora fprintd[21137]: Device reported finger status change: FP_FINGER_STATUS_PRESENT
out 08 01:45:29.051175 f3-fedora fprintd[21137]: Finger present 1
out 08 01:45:29.051187 f3-fedora fprintd[21137]: Finger needed 0
out 08 01:45:29.051194 f3-fedora fprintd[21137]: [goodixtls55x4] SCAN_STAGE_NUM entering state 4
out 08 01:45:29.051198 f3-fedora fprintd[21137]: [goodixtls55x4] SCAN_STAGE_NUM entering state 6
out 08 01:45:29.051202 f3-fedora fprintd[21137]: [goodixtls55x4] SCAN_STAGE_NUM completed successfully
out 08 01:45:29.051211 f3-fedora fprintd[21137]: finished scan
out 08 01:45:29.051216 f3-fedora fprintd[21137]: Device reported finger status change: FP_FINGER_STATUS_NONE
out 08 01:45:29.051223 f3-fedora fprintd[21137]: Finger present 0
out 08 01:45:29.051228 f3-fedora fprintd[21137]: Finger needed 0
out 08 01:45:29.051233 f3-fedora fprintd[21137]: Image device reported finger status: off
out 08 01:45:29.051237 f3-fedora fprintd[21137]: Image device internal state change from FPI_IMAGE_DEVICE_STATE_AWAIT_FINGER_OFF to FPI_IMAGE_DEVICE_STATE_IDLE
out 08 01:45:29.051243 f3-fedora fprintd[21137]: 7197330904: ../libfprint/drivers/goodixtls/goodix55x4.c:1510
out 08 01:45:29.051247 f3-fedora fprintd[21137]: Deactivating image device
out 08 01:45:29.051251 f3-fedora fprintd[21137]: Image device internal state change from FPI_IMAGE_DEVICE_STATE_IDLE to FPI_IMAGE_DEVICE_STATE_DEACTIVATING
out 08 01:45:29.051257 f3-fedora fprintd[21137]: 7197330918: ../libfprint/drivers/goodixtls/goodix55x4.c:1510
out 08 01:45:29.058684 f3-fedora fprintd[21137]: sigfm extract completed in 0,007508 secs
out 08 01:45:29.058932 f3-fedora fprintd[21137]: Device reported identify result
out 08 01:45:29.258055 f3-fedora fprintd[21137]: [goodixtls55x4] SLEEP_STAGE_NUM entering state 0
out 08 01:45:29.258074 f3-fedora fprintd[21137]: Running command: 0x60
out 08 01:45:29.258245 f3-fedora fprintd[21137]: finished scan!SWITCH TO SLEEP MODE
out 08 01:45:29.261600 f3-fedora fprintd[21137]: Got protocol msg
out 08 01:45:29.261707 f3-fedora fprintd[21137]: SWITCH TO SLEEP MODE REALTEK
out 08 01:45:29.261606 f3-fedora fprintd[21137]: got ack
out 08 01:45:29.261613 f3-fedora fprintd[21137]: 7197541272: ../libfprint/drivers/goodixtls/goodix.c:319
out 08 01:45:29.261619 f3-fedora fprintd[21137]: Completed command: 0x60
out 08 01:45:29.261624 f3-fedora fprintd[21137]: [goodixtls55x4] SLEEP_STAGE_NUM entering state 1
out 08 01:45:29.261633 f3-fedora fprintd[21137]: Running command: 0x92
out 08 01:45:29.264710 f3-fedora fprintd[21137]: Got protocol msg
out 08 01:45:29.264716 f3-fedora fprintd[21137]: got ack
out 08 01:45:29.266755 f3-fedora fprintd[21137]: Got protocol msg
out 08 01:45:29.266963 f3-fedora fprintd[21137]: Device is now on sleep
out 08 01:45:29.266963 f3-fedora fprintd[21137]: Deactivated
out 08 01:45:29.266774 f3-fedora fprintd[21137]: Completed command: 0x92
out 08 01:45:29.266790 f3-fedora fprintd[21137]: [goodixtls55x4] SLEEP_STAGE_NUM entering state 2
out 08 01:45:29.266913 f3-fedora fprintd[21137]: Image device deactivation completed
out 08 01:45:29.266924 f3-fedora fprintd[21137]: Image device internal state change from FPI_IMAGE_DEVICE_STATE_DEACTIVATING to FPI_IMAGE_DEVICE_STATE_INACTIVE
out 08 01:45:29.266942 f3-fedora fprintd[21137]: 7197546601: ../libfprint/drivers/goodixtls/goodix55x4.c:1510
out 08 01:45:29.266949 f3-fedora fprintd[21137]: Device reported identify completion
out 08 01:45:29.267449 f3-fedora fprintd[21137]: Read and NO OP
out 08 01:45:29.267026 f3-fedora fprintd[21137]: Completing action FPI_DEVICE_ACTION_IDENTIFY in idle!
out 08 01:45:29.267033 f3-fedora fprintd[21137]: Not updating temperature model, device can run continuously!
out 08 01:45:29.267223 f3-fedora fprintd[21137]: Not updating temperature model, device can run continuously!
out 08 01:45:29.267645 f3-fedora fprintd[21137]: Enable Chip
out 08 01:45:29.267236 f3-fedora fprintd[21137]: Activating image device
out 08 01:45:29.267248 f3-fedora fprintd[21137]: Image device internal state change from FPI_IMAGE_DEVICE_STATE_INACTIVE to FPI_IMAGE_DEVICE_STATE_ACTIVATING
out 08 01:45:29.267258 f3-fedora fprintd[21137]: 7197546916: ../libfprint/drivers/goodixtls/goodix55x4.c:1510
out 08 01:45:29.267266 f3-fedora fprintd[21137]: [goodixtls55x4] ACTIVATE_NUM_STATES entering state 0
out 08 01:45:29.267282 f3-fedora fprintd[21137]: Running command: 0x00
out 08 01:45:29.267532 f3-fedora fprintd[21137]: Completed command: 0x00
out 08 01:45:29.267543 f3-fedora fprintd[21137]: [goodixtls55x4] ACTIVATE_NUM_STATES entering state 1
out 08 01:45:29.267560 f3-fedora fprintd[21137]: Running command: 0x96
out 08 01:45:29.271822 f3-fedora fprintd[21137]: Got protocol msg
out 08 01:45:29.271949 f3-fedora fprintd[21137]: NO OP
out 08 01:45:29.271831 f3-fedora fprintd[21137]: got ack
out 08 01:45:29.271840 f3-fedora fprintd[21137]: 7197551497: ../libfprint/drivers/goodixtls/goodix.c:319
out 08 01:45:29.271848 f3-fedora fprintd[21137]: Completed command: 0x96
out 08 01:45:29.272109 f3-fedora fprintd[21137]: Checking FW
out 08 01:45:29.271854 f3-fedora fprintd[21137]: [goodixtls55x4] ACTIVATE_NUM_STATES entering state 2
out 08 01:45:29.271866 f3-fedora fprintd[21137]: Running command: 0x00
out 08 01:45:29.272045 f3-fedora fprintd[21137]: Completed command: 0x00
out 08 01:45:29.272054 f3-fedora fprintd[21137]: [goodixtls55x4] ACTIVATE_NUM_STATES entering state 3
out 08 01:45:29.272066 f3-fedora fprintd[21137]: Running command: 0xa8
out 08 01:45:29.276595 f3-fedora fprintd[21137]: Got protocol msg
out 08 01:45:29.276604 f3-fedora fprintd[21137]: got ack
out 08 01:45:29.278427 f3-fedora fprintd[21137]: Got protocol msg
out 08 01:45:29.278702 f3-fedora fprintd[21137]: GF3268_RTSEC_APP_10062
out 08 01:45:29.278702 f3-fedora fprintd[21137]: Checking PSK
out 08 01:45:29.278454 f3-fedora fprintd[21137]: Completed command: 0xa8
out 08 01:45:29.278462 f3-fedora fprintd[21137]: Device firmware: "GF3268_RTSEC_APP_10062"
out 08 01:45:29.278484 f3-fedora fprintd[21137]: [goodixtls55x4] ACTIVATE_NUM_STATES entering state 4
out 08 01:45:29.278497 f3-fedora fprintd[21137]: Running command: 0xe4
out 08 01:45:29.281608 f3-fedora fprintd[21137]: Got protocol msg
out 08 01:45:29.281621 f3-fedora fprintd[21137]: got ack
out 08 01:45:29.286090 f3-fedora fprintd[21137]: Got protocol msg
out 08 01:45:29.286456 f3-fedora fprintd[21137]: length: 32, offset: 1241495681, flags: -1157496825
out 08 01:45:29.286456 f3-fedora fprintd[21137]: Reset Device
out 08 01:45:29.286123 f3-fedora fprintd[21137]: Completed command: 0xe4
out 08 01:45:29.286165 f3-fedora fprintd[21137]: Device PSK: 0x81b8ff490612022a121a9449ee3aad2792f32b9f3141182cd01019945ee50361
out 08 01:45:29.286174 f3-fedora fprintd[21137]: Device PSK flags: 0xbb020007
out 08 01:45:29.286186 f3-fedora fprintd[21137]: [goodixtls55x4] ACTIVATE_NUM_STATES entering state 5
out 08 01:45:29.286216 f3-fedora fprintd[21137]: Running command: 0xa2
out 08 01:45:29.289276 f3-fedora fprintd[21137]: Got protocol msg
out 08 01:45:29.289290 f3-fedora fprintd[21137]: got ack
out 08 01:45:29.312604 f3-fedora fprintd[21137]: Got protocol msg
out 08 01:45:29.312662 f3-fedora fprintd[21137]: Completed command: 0xa2
out 08 01:45:29.313097 f3-fedora fprintd[21137]: Device IDLE
out 08 01:45:29.312685 f3-fedora fprintd[21137]: Device reset number: 1024
out 08 01:45:29.312715 f3-fedora fprintd[21137]: [goodixtls55x4] ACTIVATE_NUM_STATES entering state 6
out 08 01:45:29.312761 f3-fedora fprintd[21137]: Running command: 0x70
out 08 01:45:29.315833 f3-fedora fprintd[21137]: Got protocol msg
out 08 01:45:29.315853 f3-fedora fprintd[21137]: got ack
out 08 01:45:29.316307 f3-fedora fprintd[21137]: Reading OTP
out 08 01:45:29.315877 f3-fedora fprintd[21137]: 7197595520: ../libfprint/drivers/goodixtls/goodix.c:319
out 08 01:45:29.315898 f3-fedora fprintd[21137]: Completed command: 0x70
out 08 01:45:29.315928 f3-fedora fprintd[21137]: [goodixtls55x4] ACTIVATE_NUM_STATES entering state 7
out 08 01:45:29.315960 f3-fedora fprintd[21137]: Running command: 0xa6
out 08 01:45:29.339760 f3-fedora fprintd[21137]: Got protocol msg
out 08 01:45:29.339783 f3-fedora fprintd[21137]: got ack
out 08 01:45:29.365822 f3-fedora fprintd[21137]: Got protocol msg
out 08 01:45:29.366259 f3-fedora fprintd[21137]: OTP calibration: tcode 0xd0 (image 0x70), fdt delta 0x17 (trigger 0x17), fdt offset 0
out 08 01:45:29.366259 f3-fedora fprintd[21137]: Uploading calibrated Device Config
out 08 01:45:29.365867 f3-fedora fprintd[21137]: Completed command: 0xa6
out 08 01:45:29.365914 f3-fedora fprintd[21137]: [goodixtls55x4] ACTIVATE_NUM_STATES entering state 8
out 08 01:45:29.365938 f3-fedora fprintd[21137]: Running command: 0x90
out 08 01:45:29.375657 f3-fedora fprintd[21137]: Got protocol msg
out 08 01:45:29.375681 f3-fedora fprintd[21137]: got ack
out 08 01:45:29.397305 f3-fedora fprintd[21137]: Got protocol msg
out 08 01:45:29.397429 f3-fedora fprintd[21137]: Completed command: 0x90
out 08 01:45:29.397462 f3-fedora fprintd[21137]: [goodixtls55x4] ACTIVATE_NUM_STATES completed successfully
out 08 01:45:29.397485 f3-fedora fprintd[21137]: 7197677131: ../libfprint/drivers/goodixtls/goodix55x4.c:504
out 08 01:45:29.397497 f3-fedora fprintd[21137]: Starting up goodix tls server
out 08 01:45:29.399808 f3-fedora fprintd[21137]: Running command: 0xd0
out 08 01:45:29.399952 f3-fedora fprintd[21137]: TLS server waiting to accept...
out 08 01:45:29.403169 f3-fedora fprintd[21137]: Got protocol msg
out 08 01:45:29.403194 f3-fedora fprintd[21137]: got ack
out 08 01:45:29.411658 f3-fedora fprintd[21137]: Got TLS msg
out 08 01:45:29.411711 f3-fedora fprintd[21137]: Completed command: 0xd0
out 08 01:45:29.411752 f3-fedora fprintd[21137]: [goodixtls55x4] TLS_HANDSHAKE_STAGE_NUM entering state 0
out 08 01:45:29.413738 f3-fedora fprintd[21137]: [goodixtls55x4] TLS_HANDSHAKE_STAGE_NUM entering state 1
out 08 01:45:29.413766 f3-fedora fprintd[21137]: goodix_read_tls()
out 08 01:45:29.429930 f3-fedora fprintd[21137]: Got TLS msg
out 08 01:45:29.429970 f3-fedora fprintd[21137]: Completed command: 0x00
out 08 01:45:29.430011 f3-fedora fprintd[21137]: [goodixtls55x4] TLS_HANDSHAKE_STAGE_NUM entering state 2
out 08 01:45:29.430027 f3-fedora fprintd[21137]: goodix_read_tls()
out 08 01:45:29.430207 f3-fedora fprintd[21137]: PSK WANTED 512
out 08 01:45:29.431386 f3-fedora fprintd[21137]: Got TLS msg
out 08 01:45:29.431421 f3-fedora fprintd[21137]: Completed command: 0x00
out 08 01:45:29.431457 f3-fedora fprintd[21137]: [goodixtls55x4] TLS_HANDSHAKE_STAGE_NUM entering state 3
out 08 01:45:29.431469 f3-fedora fprintd[21137]: goodix_read_tls()
out 08 01:45:29.445164 f3-fedora fprintd[21137]: Got TLS msg
out 08 01:45:29.445205 f3-fedora fprintd[21137]: Completed command: 0x00
out 08 01:45:29.445245 f3-fedora fprintd[21137]: [goodixtls55x4] TLS_HANDSHAKE_STAGE_NUM entering state 4
out 08 01:45:29.445262 f3-fedora fprintd[21137]: Reading to proxy back
out 08 01:45:29.445773 f3-fedora fprintd[21137]: TLS server accept done
out 08 01:45:29.445803 f3-fedora fprintd[21137]: TLS connection ready
out 08 01:45:29.446936 f3-fedora fprintd[21137]: [goodixtls55x4] TLS_HANDSHAKE_STAGE_NUM completed successfully
out 08 01:45:29.467476 f3-fedora fprintd[21137]: HANDSHAKE DONE
out 08 01:45:29.467504 f3-fedora fprintd[21137]: Image device activation completed
out 08 01:45:29.467534 f3-fedora fprintd[21137]: Image device internal state change from FPI_IMAGE_DEVICE_STATE_ACTIVATING to FPI_IMAGE_DEVICE_STATE_IDLE
out 08 01:45:29.467575 f3-fedora fprintd[21137]: 7197747221: ../libfprint/drivers/goodixtls/goodix55x4.c:1510
out 08 01:45:29.467592 f3-fedora fprintd[21137]: Image device internal state change from FPI_IMAGE_DEVICE_STATE_IDLE to FPI_IMAGE_DEVICE_STATE_AWAIT_FINGER_ON
out 08 01:45:29.467608 f3-fedora fprintd[21137]: 7197747262: ../libfprint/drivers/goodixtls/goodix55x4.c:1510
out 08 01:45:29.467627 f3-fedora fprintd[21137]: [goodixtls55x4] SCAN_STAGE_NUM entering state 0
out 08 01:45:29.467642 f3-fedora fprintd[21137]: Running command: 0x36
out 08 01:45:29.468068 f3-fedora fprintd[21137]: Device reported finger status change: FP_FINGER_STATUS_NEEDED
out 08 01:45:29.468121 f3-fedora fprintd[21137]: Finger present 0
out 08 01:45:29.468155 f3-fedora fprintd[21137]: Finger needed 1
out 08 01:45:29.471422 f3-fedora fprintd[21137]: Got protocol msg
out 08 01:45:29.471445 f3-fedora fprintd[21137]: got ack
out 08 01:45:29.489743 f3-fedora fprintd[21137]: Got protocol msg
out 08 01:45:29.490083 f3-fedora fprintd[21137]: FDT base 3266 (reference 4468) finger on sensor: 125 148 ee de 139 13f 11b d2 12e 132 f9 cb
out 08 01:45:29.489777 f3-fedora fprintd[21137]: Completed command: 0x36
out 08 01:45:29.740663 f3-fedora fprintd[21137]: [goodixtls55x4] SCAN_STAGE_NUM entering state 0
out 08 01:45:29.740697 f3-fedora fprintd[21137]: Running command: 0x36
out 08 01:45:29.744320 f3-fedora fprintd[21137]: Got protocol msg
out 08 01:45:29.744404 f3-fedora fprintd[21137]: got ack
out 08 01:45:29.762704 f3-fedora fprintd[21137]: Got protocol msg
out 08 01:45:29.762884 f3-fedora fprintd[21137]: FDT base 4459 (reference 4468) rising: 18a 197 161 133 194 1a5 17d 144 187 198 16d 130
out 08 01:45:29.762721 f3-fedora fprintd[21137]: Completed command: 0x36
out 08 01:45:30.013578 f3-fedora fprintd[21137]: [goodixtls55x4] SCAN_STAGE_NUM entering state 0
out 08 01:45:30.013614 f3-fedora fprintd[21137]: Running command: 0x36
out 08 01:45:30.017472 f3-fedora fprintd[21137]: Got protocol msg
out 08 01:45:30.017496 f3-fedora fprintd[21137]: got ack
out 08 01:45:30.035680 f3-fedora fprintd[21137]: Got protocol msg
out 08 01:45:30.036156 f3-fedora fprintd[21137]: FDT base 4458 (reference 4468): 18a 196 161 133 194 1a5 17d 144 187 198 16d 130
out 08 01:45:30.035728 f3-fedora fprintd[21137]: Completed command: 0x36
out 08 01:45:30.035807 f3-fedora fprintd[21137]: [goodixtls55x4] SCAN_STAGE_NUM entering state 1
out 08 01:45:30.035827 f3-fedora fprintd[21137]: Running command: 0x20
out 08 01:45:30.039747 f3-fedora fprintd[21137]: Got protocol msg
out 08 01:45:30.039777 f3-fedora fprintd[21137]: got ack
out 08 01:45:30.077461 f3-fedora fprintd[21137]: Got TLS data msg
out 08 01:45:30.077514 f3-fedora fprintd[21137]: Completed command: 0x20
out 08 01:45:30.077936 f3-fedora fprintd[21137]: [goodixtls55x4] SCAN_STAGE_NUM entering state 2
out 08 01:45:30.078000 f3-fedora fprintd[21137]: Running command: 0x32
out 08 01:45:30.078288 f3-fedora fprintd[21137]: Waiting for finger down
out 08 01:45:30.082410 f3-fedora fprintd[21137]: Got protocol msg
out 08 01:45:30.082439 f3-fedora fprintd[21137]: got ack
out 08 01:45:30.503121 f3-fedora fprintd[21137]: Got protocol msg
out 08 01:45:30.503603 f3-fedora fprintd[21137]: Finger down (touch flag 0xee2, 425 ms after arming)
out 08 01:45:30.503160 f3-fedora fprintd[21137]: Completed command: 0x32
out 08 01:45:30.503213 f3-fedora fprintd[21137]: [goodixtls55x4] SCAN_STAGE_NUM entering state 3
out 08 01:45:30.503242 f3-fedora fprintd[21137]: Device reported finger status change: FP_FINGER_STATUS_NEEDED | FP_FINGER_STATUS_PRESENT
out 08 01:45:30.503318 f3-fedora fprintd[21137]: Finger present 1
out 08 01:45:30.503377 f3-fedora fprintd[21137]: Finger needed 1
out 08 01:45:30.503400 f3-fedora fprintd[21137]: Image device reported finger status: on
out 08 01:45:30.503420 f3-fedora fprintd[21137]: Image device internal state change from FPI_IMAGE_DEVICE_STATE_AWAIT_FINGER_ON to FPI_IMAGE_DEVICE_STATE_CAPTURE
out 08 01:45:30.503449 f3-fedora fprintd[21137]: 7198783097: ../libfprint/drivers/goodixtls/goodix55x4.c:1510
out 08 01:45:30.503466 f3-fedora fprintd[21137]: Running command: 0x20
out 08 01:45:30.506666 f3-fedora fprintd[21137]: Got protocol msg
out 08 01:45:30.506690 f3-fedora fprintd[21137]: got ack
out 08 01:45:30.543937 f3-fedora fprintd[21137]: Got TLS data msg
out 08 01:45:30.543979 f3-fedora fprintd[21137]: Completed command: 0x20
out 08 01:45:30.562312 f3-fedora fprintd[21137]: Touch image ridge score 33,8 (gate 12), valley depth 0,298 (gate 0,18), coherence 0,53, FDT base 4458, contact 4%, ridge in contact 50,9, touch flag 0xee2 -> used
out 08 01:45:30.562284 f3-fedora fprintd[21137]: Image device captured an image
out 08 01:45:30.562308 f3-fedora fprintd[21137]: Image device internal state change from FPI_IMAGE_DEVICE_STATE_CAPTURE to FPI_IMAGE_DEVICE_STATE_AWAIT_FINGER_OFF
out 08 01:45:30.562448 f3-fedora fprintd[21137]: Waiting for finger up
out 08 01:45:30.562321 f3-fedora fprintd[21137]: 7198841980: ../libfprint/drivers/goodixtls/goodix55x4.c:1510
out 08 01:45:30.562331 f3-fedora fprintd[21137]: Device reported finger status change: FP_FINGER_STATUS_PRESENT
out 08 01:45:30.562355 f3-fedora fprintd[21137]: Finger present 1
out 08 01:45:30.562368 f3-fedora fprintd[21137]: Finger needed 0
out 08 01:45:30.562374 f3-fedora fprintd[21137]: [goodixtls55x4] SCAN_STAGE_NUM entering state 4
out 08 01:45:30.562384 f3-fedora fprintd[21137]: Running command: 0x34
out 08 01:45:30.567195 f3-fedora fprintd[21137]: Got protocol msg
out 08 01:45:30.567206 f3-fedora fprintd[21137]: got ack
out 08 01:45:30.567233 f3-fedora fprintd[21137]: sigfm extract completed in 0,004898 secs
out 08 01:45:30.567282 f3-fedora fprintd[21137]: Device reported enroll progress, reported 1 of 40 have been completed
out 08 01:45:30.567288 f3-fedora fprintd[21137]: enroll_stage_cb: result enroll-stage-passed
out 08 01:45:31.333975 f3-fedora fprintd[21137]: Got protocol msg
out 08 01:45:31.335304 f3-fedora fprintd[21137]: Finger up
out 08 01:45:31.334016 f3-fedora fprintd[21137]: Completed command: 0x34
out 08 01:45:31.584897 f3-fedora fprintd[21137]: [goodixtls55x4] SCAN_STAGE_NUM entering state 6
out 08 01:45:31.584932 f3-fedora fprintd[21137]: [goodixtls55x4] SCAN_STAGE_NUM completed successfully
out 08 01:45:31.584978 f3-fedora fprintd[21137]: finished scan
out 08 01:45:31.585014 f3-fedora fprintd[21137]: Device reported finger status change: FP_FINGER_STATUS_NONE
out 08 01:45:31.585101 f3-fedora fprintd[21137]: Finger present 0
out 08 01:45:31.585122 f3-fedora fprintd[21137]: Finger needed 0
out 08 01:45:31.585142 f3-fedora fprintd[21137]: Image device reported finger status: off
out 08 01:45:31.585163 f3-fedora fprintd[21137]: Image device internal state change from FPI_IMAGE_DEVICE_STATE_AWAIT_FINGER_OFF to FPI_IMAGE_DEVICE_STATE_IDLE
out 08 01:45:31.585204 f3-fedora fprintd[21137]: 7199864841: ../libfprint/drivers/goodixtls/goodix55x4.c:1510
out 08 01:45:31.585252 f3-fedora fprintd[21137]: Image device internal state change from FPI_IMAGE_DEVICE_STATE_IDLE to FPI_IMAGE_DEVICE_STATE_AWAIT_FINGER_ON
out 08 01:45:31.585288 f3-fedora fprintd[21137]: 7199864927: ../libfprint/drivers/goodixtls/goodix55x4.c:1510
out 08 01:45:31.585319 f3-fedora fprintd[21137]: [goodixtls55x4] SCAN_STAGE_NUM entering state 0
out 08 01:45:31.585413 f3-fedora fprintd[21137]: Running command: 0x36
out 08 01:45:31.585881 f3-fedora fprintd[21137]: Device reported finger status change: FP_FINGER_STATUS_NEEDED
out 08 01:45:31.585977 f3-fedora fprintd[21137]: Finger present 0
out 08 01:45:31.586035 f3-fedora fprintd[21137]: Finger needed 1
out 08 01:45:31.589018 f3-fedora fprintd[21137]: Got protocol msg
out 08 01:45:31.589051 f3-fedora fprintd[21137]: got ack
out 08 01:45:31.607799 f3-fedora fprintd[21137]: Got protocol msg
out 08 01:45:31.608159 f3-fedora fprintd[21137]: finished scan!FDT base 4462 (reference 4468): 18a 197 162 133 194 1a6 17d 144 187 198 16e 130
out 08 01:45:31.607836 f3-fedora fprintd[21137]: Completed command: 0x36
out 08 01:45:31.607896 f3-fedora fprintd[21137]: [goodixtls55x4] SCAN_STAGE_NUM entering state 1
out 08 01:45:31.607910 f3-fedora fprintd[21137]: Running command: 0x20
out 08 01:45:31.611704 f3-fedora fprintd[21137]: Got protocol msg
out 08 01:45:31.611745 f3-fedora fprintd[21137]: got ack
out 08 01:45:31.648923 f3-fedora fprintd[21137]: Got TLS data msg
out 08 01:45:31.648968 f3-fedora fprintd[21137]: Completed command: 0x20
out 08 01:45:31.649520 f3-fedora fprintd[21137]: Waiting for finger down
out 08 01:45:31.649284 f3-fedora fprintd[21137]: [goodixtls55x4] SCAN_STAGE_NUM entering state 2
out 08 01:45:31.649323 f3-fedora fprintd[21137]: Running command: 0x32
out 08 01:45:31.653681 f3-fedora fprintd[21137]: Got protocol msg
out 08 01:45:31.653704 f3-fedora fprintd[21137]: got ack
out 08 01:45:32.299401 f3-fedora fprintd[21137]: Got protocol msg
out 08 01:45:32.299444 f3-fedora fprintd[21137]: Completed command: 0x32
out 08 01:45:32.300010 f3-fedora fprintd[21137]: Finger down (touch flag 0xfee, 650 ms after arming)
out 08 01:45:32.299519 f3-fedora fprintd[21137]: [goodixtls55x4] SCAN_STAGE_NUM entering state 3
out 08 01:45:32.299549 f3-fedora fprintd[21137]: Device reported finger status change: FP_FINGER_STATUS_NEEDED | FP_FINGER_STATUS_PRESENT
out 08 01:45:32.299631 f3-fedora fprintd[21137]: Finger present 1
out 08 01:45:32.299652 f3-fedora fprintd[21137]: Finger needed 1
out 08 01:45:32.299669 f3-fedora fprintd[21137]: Image device reported finger status: on
out 08 01:45:32.299691 f3-fedora fprintd[21137]: Image device internal state change from FPI_IMAGE_DEVICE_STATE_AWAIT_FINGER_ON to FPI_IMAGE_DEVICE_STATE_CAPTURE
out 08 01:45:32.299724 f3-fedora fprintd[21137]: 7200579368: ../libfprint/drivers/goodixtls/goodix55x4.c:1510
out 08 01:45:32.299742 f3-fedora fprintd[21137]: Running command: 0x20
out 08 01:45:32.303271 f3-fedora fprintd[21137]: Got protocol msg
out 08 01:45:32.303298 f3-fedora fprintd[21137]: got ack
out 08 01:45:32.340783 f3-fedora fprintd[21137]: Got TLS data msg
out 08 01:45:32.340848 f3-fedora fprintd[21137]: Completed command: 0x20
out 08 01:45:32.362596 f3-fedora fprintd[21137]: Touch image ridge score 35,2 (gate 12), valley depth 0,257 (gate 0,18), coherence 0,48, FDT base 4462, contact 27%, ridge in contact 39,2, touch flag 0xfee -> used
out 08 01:45:32.362567 f3-fedora fprintd[21137]: Image device captured an image
out 08 01:45:32.362591 f3-fedora fprintd[21137]: Image device internal state change from FPI_IMAGE_DEVICE_STATE_CAPTURE to FPI_IMAGE_DEVICE_STATE_AWAIT_FINGER_OFF
out 08 01:45:32.362702 f3-fedora fprintd[21137]: Waiting for finger up
out 08 01:45:32.362601 f3-fedora fprintd[21137]: 7200642261: ../libfprint/drivers/goodixtls/goodix55x4.c:1510
out 08 01:45:32.362607 f3-fedora fprintd[21137]: Device reported finger status change: FP_FINGER_STATUS_PRESENT
out 08 01:45:32.362621 f3-fedora fprintd[21137]: Finger present 1
out 08 01:45:32.362631 f3-fedora fprintd[21137]: Finger needed 0
out 08 01:45:32.362635 f3-fedora fprintd[21137]: [goodixtls55x4] SCAN_STAGE_NUM entering state 4
out 08 01:45:32.362643 f3-fedora fprintd[21137]: Running command: 0x34
out 08 01:45:32.367196 f3-fedora fprintd[21137]: Got protocol msg
out 08 01:45:32.367208 f3-fedora fprintd[21137]: got ack
out 08 01:45:32.367655 f3-fedora fprintd[21137]: sigfm extract completed in 0,005005 secs
out 08 01:45:32.367695 f3-fedora fprintd[21137]: Device reported enroll progress, reported 2 of 40 have been completed
out 08 01:45:32.367702 f3-fedora fprintd[21137]: enroll_stage_cb: result enroll-stage-passed
out 08 01:45:32.930138 f3-fedora fprintd[21137]: Got protocol msg
out 08 01:45:32.930679 f3-fedora fprintd[21137]: Finger up
out 08 01:45:32.930179 f3-fedora fprintd[21137]: Completed command: 0x34
out 08 01:45:33.181067 f3-fedora fprintd[21137]: [goodixtls55x4] SCAN_STAGE_NUM entering state 6
out 08 01:45:33.181112 f3-fedora fprintd[21137]: [goodixtls55x4] SCAN_STAGE_NUM completed successfully
out 08 01:45:33.181160 f3-fedora fprintd[21137]: finished scan
out 08 01:45:33.181192 f3-fedora fprintd[21137]: Device reported finger status change: FP_FINGER_STATUS_NONE
out 08 01:45:33.181297 f3-fedora fprintd[21137]: Finger present 0
out 08 01:45:33.181318 f3-fedora fprintd[21137]: Finger needed 0
out 08 01:45:33.181384 f3-fedora fprintd[21137]: Image device reported finger status: off
out 08 01:45:33.181413 f3-fedora fprintd[21137]: Image device internal state change from FPI_IMAGE_DEVICE_STATE_AWAIT_FINGER_OFF to FPI_IMAGE_DEVICE_STATE_IDLE
out 08 01:45:33.181449 f3-fedora fprintd[21137]: 7201461093: ../libfprint/drivers/goodixtls/goodix55x4.c:1510
out 08 01:45:33.181471 f3-fedora fprintd[21137]: Image device internal state change from FPI_IMAGE_DEVICE_STATE_IDLE to FPI_IMAGE_DEVICE_STATE_AWAIT_FINGER_ON
out 08 01:45:33.181494 f3-fedora fprintd[21137]: 7201461142: ../libfprint/drivers/goodixtls/goodix55x4.c:1510
out 08 01:45:33.181518 f3-fedora fprintd[21137]: [goodixtls55x4] SCAN_STAGE_NUM entering state 0
out 08 01:45:33.181539 f3-fedora fprintd[21137]: Running command: 0x36
out 08 01:45:33.182020 f3-fedora fprintd[21137]: Device reported finger status change: FP_FINGER_STATUS_NEEDED
out 08 01:45:33.182095 f3-fedora fprintd[21137]: Finger present 0
out 08 01:45:33.182149 f3-fedora fprintd[21137]: Finger needed 1
out 08 01:45:33.184632 f3-fedora fprintd[21137]: Got protocol msg
out 08 01:45:33.184640 f3-fedora fprintd[21137]: got ack
out 08 01:45:33.202875 f3-fedora fprintd[21137]: Got protocol msg
out 08 01:45:33.203025 f3-fedora fprintd[21137]: finished scan!FDT base 4460 (reference 4468): 18a 197 162 134 193 1a6 17c 144 187 197 16e 130
out 08 01:45:33.202887 f3-fedora fprintd[21137]: Completed command: 0x36
out 08 01:45:33.202910 f3-fedora fprintd[21137]: [goodixtls55x4] SCAN_STAGE_NUM entering state 1
out 08 01:45:33.202915 f3-fedora fprintd[21137]: Running command: 0x20
out 08 01:45:33.206228 f3-fedora fprintd[21137]: Got protocol msg
out 08 01:45:33.206235 f3-fedora fprintd[21137]: got ack
out 08 01:45:33.244583 f3-fedora fprintd[21137]: Got TLS data msg
out 08 01:45:33.244611 f3-fedora fprintd[21137]: Completed command: 0x20
out 08 01:45:33.244861 f3-fedora fprintd[21137]: [goodixtls55x4] SCAN_STAGE_NUM entering state 2
out 08 01:45:33.245060 f3-fedora fprintd[21137]: Waiting for finger down
out 08 01:45:33.244888 f3-fedora fprintd[21137]: Running command: 0x32
out 08 01:45:33.248654 f3-fedora fprintd[21137]: Got protocol msg
out 08 01:45:33.248671 f3-fedora fprintd[21137]: got ack
out 08 01:45:33.568073 f3-fedora fprintd[21137]: Got protocol msg
out 08 01:45:33.569729 f3-fedora fprintd[21137]: Finger down (touch flag 0xfee, 323 ms after arming)
out 08 01:45:33.568126 f3-fedora fprintd[21137]: Completed command: 0x32
out 08 01:45:33.568183 f3-fedora fprintd[21137]: [goodixtls55x4] SCAN_STAGE_NUM entering state 3
out 08 01:45:33.568217 f3-fedora fprintd[21137]: Device reported finger status change: FP_FINGER_STATUS_NEEDED | FP_FINGER_STATUS_PRESENT
out 08 01:45:33.568299 f3-fedora fprintd[21137]: Finger present 1
out 08 01:45:33.568332 f3-fedora fprintd[21137]: Finger needed 1
out 08 01:45:33.568399 f3-fedora fprintd[21137]: Image device reported finger status: on
out 08 01:45:33.568434 f3-fedora fprintd[21137]: Image device internal state change from FPI_IMAGE_DEVICE_STATE_AWAIT_FINGER_ON to FPI_IMAGE_DEVICE_STATE_CAPTURE
out 08 01:45:33.568469 f3-fedora fprintd[21137]: 7201848114: ../libfprint/drivers/goodixtls/goodix55x4.c:1510
out 08 01:45:33.568489 f3-fedora fprintd[21137]: Running command: 0x20
out 08 01:45:33.571645 f3-fedora fprintd[21137]: Got protocol msg
out 08 01:45:33.571673 f3-fedora fprintd[21137]: got ack
out 08 01:45:33.610169 f3-fedora fprintd[21137]: Got TLS data msg
out 08 01:45:33.610221 f3-fedora fprintd[21137]: Completed command: 0x20
out 08 01:45:33.631002 f3-fedora fprintd[21137]: Touch image ridge score 36,0 (gate 12), valley depth 0,274 (gate 0,18), coherence 0,49, FDT base 4460, contact 14%, ridge in contact 43,9, touch flag 0xfee -> used
out 08 01:45:33.630975 f3-fedora fprintd[21137]: Image device captured an image
out 08 01:45:33.631102 f3-fedora fprintd[21137]: Waiting for finger up
out 08 01:45:33.630999 f3-fedora fprintd[21137]: Image device internal state change from FPI_IMAGE_DEVICE_STATE_CAPTURE to FPI_IMAGE_DEVICE_STATE_AWAIT_FINGER_OFF
out 08 01:45:33.631010 f3-fedora fprintd[21137]: 7201910670: ../libfprint/drivers/goodixtls/goodix55x4.c:1510
out 08 01:45:33.631016 f3-fedora fprintd[21137]: Device reported finger status change: FP_FINGER_STATUS_PRESENT
out 08 01:45:33.631029 f3-fedora fprintd[21137]: Finger present 1
out 08 01:45:33.631039 f3-fedora fprintd[21137]: Finger needed 0
out 08 01:45:33.631044 f3-fedora fprintd[21137]: [goodixtls55x4] SCAN_STAGE_NUM entering state 4
out 08 01:45:33.631052 f3-fedora fprintd[21137]: Running command: 0x34
out 08 01:45:33.635535 f3-fedora fprintd[21137]: Got protocol msg
out 08 01:45:33.635547 f3-fedora fprintd[21137]: got ack
out 08 01:45:33.635818 f3-fedora fprintd[21137]: sigfm extract completed in 0,004760 secs
out 08 01:45:33.635857 f3-fedora fprintd[21137]: Device reported enroll progress, reported 3 of 40 have been completed
out 08 01:45:33.635863 f3-fedora fprintd[21137]: enroll_stage_cb: result enroll-stage-passed
out 08 01:45:33.954394 f3-fedora fprintd[21137]: Got protocol msg
out 08 01:45:33.955125 f3-fedora fprintd[21137]: Finger up
out 08 01:45:33.954440 f3-fedora fprintd[21137]: Completed command: 0x34
out 08 01:45:34.204954 f3-fedora fprintd[21137]: [goodixtls55x4] SCAN_STAGE_NUM entering state 6
out 08 01:45:34.204979 f3-fedora fprintd[21137]: [goodixtls55x4] SCAN_STAGE_NUM completed successfully
out 08 01:45:34.205018 f3-fedora fprintd[21137]: finished scan
out 08 01:45:34.205047 f3-fedora fprintd[21137]: Device reported finger status change: FP_FINGER_STATUS_NONE
out 08 01:45:34.205128 f3-fedora fprintd[21137]: Finger present 0
out 08 01:45:34.205150 f3-fedora fprintd[21137]: Finger needed 0
out 08 01:45:34.205165 f3-fedora fprintd[21137]: Image device reported finger status: off
out 08 01:45:34.205184 f3-fedora fprintd[21137]: Image device internal state change from FPI_IMAGE_DEVICE_STATE_AWAIT_FINGER_OFF to FPI_IMAGE_DEVICE_STATE_IDLE
out 08 01:45:34.205212 f3-fedora fprintd[21137]: 7202484860: ../libfprint/drivers/goodixtls/goodix55x4.c:1510
out 08 01:45:34.205230 f3-fedora fprintd[21137]: Image device internal state change from FPI_IMAGE_DEVICE_STATE_IDLE to FPI_IMAGE_DEVICE_STATE_AWAIT_FINGER_ON
out 08 01:45:34.205251 f3-fedora fprintd[21137]: 7202484901: ../libfprint/drivers/goodixtls/goodix55x4.c:1510
out 08 01:45:34.205268 f3-fedora fprintd[21137]: [goodixtls55x4] SCAN_STAGE_NUM entering state 0
out 08 01:45:34.205285 f3-fedora fprintd[21137]: Running command: 0x36
out 08 01:45:34.205750 f3-fedora fprintd[21137]: Device reported finger status change: FP_FINGER_STATUS_NEEDED
out 08 01:45:34.205814 f3-fedora fprintd[21137]: Finger present 0
out 08 01:45:34.205860 f3-fedora fprintd[21137]: Finger needed 1
out 08 01:45:34.208802 f3-fedora fprintd[21137]: Got protocol msg
out 08 01:45:34.208823 f3-fedora fprintd[21137]: got ack
out 08 01:45:34.227185 f3-fedora fprintd[21137]: Got protocol msg
out 08 01:45:34.227617 f3-fedora fprintd[21137]: finished scan!FDT base 4458 (reference 4468): 18a 196 161 133 193 1a5 17d 144 187 198 16e 130
out 08 01:45:34.227220 f3-fedora fprintd[21137]: Completed command: 0x36
out 08 01:45:34.227275 f3-fedora fprintd[21137]: [goodixtls55x4] SCAN_STAGE_NUM entering state 1
out 08 01:45:34.227289 f3-fedora fprintd[21137]: Running command: 0x20
out 08 01:45:34.230875 f3-fedora fprintd[21137]: Got protocol msg
out 08 01:45:34.230901 f3-fedora fprintd[21137]: got ack
out 08 01:45:34.268457 f3-fedora fprintd[21137]: Got TLS data msg
out 08 01:45:34.268501 f3-fedora fprintd[21137]: Completed command: 0x20
out 08 01:45:34.268818 f3-fedora fprintd[21137]: [goodixtls55x4] SCAN_STAGE_NUM entering state 2
out 08 01:45:34.268962 f3-fedora fprintd[21137]: Waiting for finger down
out 08 01:45:34.268859 f3-fedora fprintd[21137]: Running command: 0x32
out 08 01:45:34.272790 f3-fedora fprintd[21137]: Got protocol msg
out 08 01:45:34.272813 f3-fedora fprintd[21137]: got ack
out 08 01:45:34.776530 f3-fedora fprintd[21137]: Got protocol msg
out 08 01:45:34.777829 f3-fedora fprintd[21137]: Finger down (touch flag 0xeee, 507 ms after arming)
out 08 01:45:34.776568 f3-fedora fprintd[21137]: Completed command: 0x32
out 08 01:45:34.776616 f3-fedora fprintd[21137]: [goodixtls55x4] SCAN_STAGE_NUM entering state 3
out 08 01:45:34.776641 f3-fedora fprintd[21137]: Device reported finger status change: FP_FINGER_STATUS_NEEDED | FP_FINGER_STATUS_PRESENT
out 08 01:45:34.776729 f3-fedora fprintd[21137]: Finger present 1
out 08 01:45:34.776750 f3-fedora fprintd[21137]: Finger needed 1
out 08 01:45:34.776766 f3-fedora fprintd[21137]: Image device reported finger status: on
out 08 01:45:34.776784 f3-fedora fprintd[21137]: Image device internal state change from FPI_IMAGE_DEVICE_STATE_AWAIT_FINGER_ON to FPI_IMAGE_DEVICE_STATE_CAPTURE
out 08 01:45:34.776811 f3-fedora fprintd[21137]: 7203056460: ../libfprint/drivers/goodixtls/goodix55x4.c:1510
out 08 01:45:34.776828 f3-fedora fprintd[21137]: Running command: 0x20
out 08 01:45:34.780616 f3-fedora fprintd[21137]: Got protocol msg
out 08 01:45:34.780637 f3-fedora fprintd[21137]: got ack
out 08 01:45:34.818296 f3-fedora fprintd[21137]: Got TLS data msg
out 08 01:45:34.818401 f3-fedora fprintd[21137]: Completed command: 0x20
out 08 01:45:34.864320 f3-fedora fprintd[21137]: Touch image ridge score 37,2 (gate 12), valley depth 0,242 (gate 0,18), coherence 0,57, FDT base 4458, contact 52%, ridge in contact 39,1, touch flag 0xeee -> used
out 08 01:45:34.864294 f3-fedora fprintd[21137]: Image device captured an image
out 08 01:45:34.864462 f3-fedora fprintd[21137]: Waiting for finger up
out 08 01:45:34.864323 f3-fedora fprintd[21137]: Image device internal state change from FPI_IMAGE_DEVICE_STATE_CAPTURE to FPI_IMAGE_DEVICE_STATE_AWAIT_FINGER_OFF
out 08 01:45:34.864342 f3-fedora fprintd[21137]: 7203143995: ../libfprint/drivers/goodixtls/goodix55x4.c:1510
out 08 01:45:34.864350 f3-fedora fprintd[21137]: Device reported finger status change: FP_FINGER_STATUS_PRESENT
out 08 01:45:34.864368 f3-fedora fprintd[21137]: Finger present 1
out 08 01:45:34.864381 f3-fedora fprintd[21137]: Finger needed 0
out 08 01:45:34.864387 f3-fedora fprintd[21137]: [goodixtls55x4] SCAN_STAGE_NUM entering state 4
out 08 01:45:34.864397 f3-fedora fprintd[21137]: Running command: 0x34
out 08 01:45:34.869370 f3-fedora fprintd[21137]: Got protocol msg
out 08 01:45:34.869384 f3-fedora fprintd[21137]: got ack
out 08 01:45:34.870744 f3-fedora fprintd[21137]: sigfm extract completed in 0,006358 secs
out 08 01:45:34.870806 f3-fedora fprintd[21137]: Device reported enroll progress, reported 4 of 40 have been completed
out 08 01:45:34.870814 f3-fedora fprintd[21137]: enroll_stage_cb: result enroll-stage-passed
out 08 01:45:35.289732 f3-fedora fprintd[21137]: Got protocol msg
out 08 01:45:35.290056 f3-fedora fprintd[21137]: Finger up
out 08 01:45:35.289759 f3-fedora fprintd[21137]: Completed command: 0x34
out 08 01:45:35.540245 f3-fedora fprintd[21137]: [goodixtls55x4] SCAN_STAGE_NUM entering state 6
out 08 01:45:35.540284 f3-fedora fprintd[21137]: [goodixtls55x4] SCAN_STAGE_NUM completed successfully
out 08 01:45:35.540324 f3-fedora fprintd[21137]: finished scan
out 08 01:45:35.540397 f3-fedora fprintd[21137]: Device reported finger status change: FP_FINGER_STATUS_NONE
out 08 01:45:35.540489 f3-fedora fprintd[21137]: Finger present 0
out 08 01:45:35.540511 f3-fedora fprintd[21137]: Finger needed 0
out 08 01:45:35.540529 f3-fedora fprintd[21137]: Image device reported finger status: off
out 08 01:45:35.540550 f3-fedora fprintd[21137]: Image device internal state change from FPI_IMAGE_DEVICE_STATE_AWAIT_FINGER_OFF to FPI_IMAGE_DEVICE_STATE_IDLE
out 08 01:45:35.540580 f3-fedora fprintd[21137]: 7203820227: ../libfprint/drivers/goodixtls/goodix55x4.c:1510
out 08 01:45:35.540600 f3-fedora fprintd[21137]: Image device internal state change from FPI_IMAGE_DEVICE_STATE_IDLE to FPI_IMAGE_DEVICE_STATE_AWAIT_FINGER_ON
out 08 01:45:35.540619 f3-fedora fprintd[21137]: 7203820271: ../libfprint/drivers/goodixtls/goodix55x4.c:1510
out 08 01:45:35.540637 f3-fedora fprintd[21137]: [goodixtls55x4] SCAN_STAGE_NUM entering state 0
out 08 01:45:35.540655 f3-fedora fprintd[21137]: Running command: 0x36
out 08 01:45:35.540974 f3-fedora fprintd[21137]: Device reported finger status change: FP_FINGER_STATUS_NEEDED
out 08 01:45:35.541013 f3-fedora fprintd[21137]: Finger present 0
out 08 01:45:35.541059 f3-fedora fprintd[21137]: Finger needed 1
out 08 01:45:35.544153 f3-fedora fprintd[21137]: Got protocol msg
out 08 01:45:35.544176 f3-fedora fprintd[21137]: got ack
out 08 01:45:35.562824 f3-fedora fprintd[21137]: Got protocol msg
out 08 01:45:35.563246 f3-fedora fprintd[21137]: finished scan!FDT base 4457 (reference 4468): 18a 197 161 133 193 1a5 17d 144 187 197 16d 130
out 08 01:45:35.562858 f3-fedora fprintd[21137]: Completed command: 0x36
out 08 01:45:35.562915 f3-fedora fprintd[21137]: [goodixtls55x4] SCAN_STAGE_NUM entering state 1
out 08 01:45:35.562928 f3-fedora fprintd[21137]: Running command: 0x20
out 08 01:45:35.566680 f3-fedora fprintd[21137]: Got protocol msg
out 08 01:45:35.566716 f3-fedora fprintd[21137]: got ack
out 08 01:45:35.604002 f3-fedora fprintd[21137]: Got TLS data msg
out 08 01:45:35.604048 f3-fedora fprintd[21137]: Completed command: 0x20
out 08 01:45:35.604606 f3-fedora fprintd[21137]: Waiting for finger down
out 08 01:45:35.604405 f3-fedora fprintd[21137]: [goodixtls55x4] SCAN_STAGE_NUM entering state 2
out 08 01:45:35.604446 f3-fedora fprintd[21137]: Running command: 0x32
out 08 01:45:35.608653 f3-fedora fprintd[21137]: Got protocol msg
out 08 01:45:35.608680 f3-fedora fprintd[21137]: got ack
out 08 01:45:36.030160 f3-fedora fprintd[21137]: Got protocol msg
out 08 01:45:36.031707 f3-fedora fprintd[21137]: Finger down (touch flag 0xeee, 425 ms after arming)
out 08 01:45:36.030210 f3-fedora fprintd[21137]: Completed command: 0x32
out 08 01:45:36.030264 f3-fedora fprintd[21137]: [goodixtls55x4] SCAN_STAGE_NUM entering state 3
out 08 01:45:36.030296 f3-fedora fprintd[21137]: Device reported finger status change: FP_FINGER_STATUS_NEEDED | FP_FINGER_STATUS_PRESENT
out 08 01:45:36.030439 f3-fedora fprintd[21137]: Finger present 1
out 08 01:45:36.030464 f3-fedora fprintd[21137]: Finger needed 1
out 08 01:45:36.030485 f3-fedora fprintd[21137]: Image device reported finger status: on
out 08 01:45:36.030508 f3-fedora fprintd[21137]: Image device internal state change from FPI_IMAGE_DEVICE_STATE_AWAIT_FINGER_ON to FPI_IMAGE_DEVICE_STATE_CAPTURE
out 08 01:45:36.030541 f3-fedora fprintd[21137]: 7204310186: ../libfprint/drivers/goodixtls/goodix55x4.c:1510
out 08 01:45:36.030560 f3-fedora fprintd[21137]: Running command: 0x20
out 08 01:45:36.033751 f3-fedora fprintd[21137]: Got protocol msg
out 08 01:45:36.033775 f3-fedora fprintd[21137]: got ack
out 08 01:45:36.072270 f3-fedora fprintd[21137]: Got TLS data msg
out 08 01:45:36.072389 f3-fedora fprintd[21137]: Completed command: 0x20
out 08 01:45:36.091642 f3-fedora fprintd[21137]: Touch image ridge score 35,0 (gate 12), valley depth 0,244 (gate 0,18), coherence 0,47, FDT base 4457, contact 34%, ridge in contact 38,3, touch flag 0xeee -> used
out 08 01:45:36.091618 f3-fedora fprintd[21137]: Image device captured an image
out 08 01:45:36.091643 f3-fedora fprintd[21137]: Image device internal state change from FPI_IMAGE_DEVICE_STATE_CAPTURE to FPI_IMAGE_DEVICE_STATE_AWAIT_FINGER_OFF
out 08 01:45:36.091754 f3-fedora fprintd[21137]: Waiting for finger up
out 08 01:45:36.091657 f3-fedora fprintd[21137]: 7204371315: ../libfprint/drivers/goodixtls/goodix55x4.c:1510
out 08 01:45:36.091666 f3-fedora fprintd[21137]: Device reported finger status change: FP_FINGER_STATUS_PRESENT
out 08 01:45:36.091684 f3-fedora fprintd[21137]: Finger present 1
out 08 01:45:36.091696 f3-fedora fprintd[21137]: Finger needed 0
out 08 01:45:36.091703 f3-fedora fprintd[21137]: [goodixtls55x4] SCAN_STAGE_NUM entering state 4
out 08 01:45:36.091713 f3-fedora fprintd[21137]: Running command: 0x34
out 08 01:45:36.096171 f3-fedora fprintd[21137]: Got protocol msg
out 08 01:45:36.096182 f3-fedora fprintd[21137]: got ack
out 08 01:45:36.096833 f3-fedora fprintd[21137]: sigfm extract completed in 0,005170 secs
out 08 01:45:36.096872 f3-fedora fprintd[21137]: Device reported enroll progress, reported 5 of 40 have been completed
out 08 01:45:36.096880 f3-fedora fprintd[21137]: enroll_stage_cb: result enroll-stage-passed
out 08 01:45:36.476682 f3-fedora fprintd[21137]: Got protocol msg
out 08 01:45:36.477397 f3-fedora fprintd[21137]: Finger up
out 08 01:45:36.476735 f3-fedora fprintd[21137]: Completed command: 0x34
out 08 01:45:36.727604 f3-fedora fprintd[21137]: [goodixtls55x4] SCAN_STAGE_NUM entering state 6
out 08 01:45:36.727649 f3-fedora fprintd[21137]: [goodixtls55x4] SCAN_STAGE_NUM completed successfully
out 08 01:45:36.727711 f3-fedora fprintd[21137]: finished scan
out 08 01:45:36.727759 f3-fedora fprintd[21137]: Device reported finger status change: FP_FINGER_STATUS_NONE
out 08 01:45:36.727874 f3-fedora fprintd[21137]: Finger present 0
out 08 01:45:36.727923 f3-fedora fprintd[21137]: Finger needed 0
out 08 01:45:36.727958 f3-fedora fprintd[21137]: Image device reported finger status: off
out 08 01:45:36.727989 f3-fedora fprintd[21137]: Image device internal state change from FPI_IMAGE_DEVICE_STATE_AWAIT_FINGER_OFF to FPI_IMAGE_DEVICE_STATE_IDLE
out 08 01:45:36.728039 f3-fedora fprintd[21137]: 7205007673: ../libfprint/drivers/goodixtls/goodix55x4.c:1510
out 08 01:45:36.728074 f3-fedora fprintd[21137]: Image device internal state change from FPI_IMAGE_DEVICE_STATE_IDLE to FPI_IMAGE_DEVICE_STATE_AWAIT_FINGER_ON
out 08 01:45:36.728109 f3-fedora fprintd[21137]: 7205007750: ../libfprint/drivers/goodixtls/goodix55x4.c:1510
out 08 01:45:36.728142 f3-fedora fprintd[21137]: [goodixtls55x4] SCAN_STAGE_NUM entering state 0
out 08 01:45:36.728174 f3-fedora fprintd[21137]: Running command: 0x36
out 08 01:45:36.728706 f3-fedora fprintd[21137]: Device reported finger status change: FP_FINGER_STATUS_NEEDED
out 08 01:45:36.728773 f3-fedora fprintd[21137]: Finger present 0
out 08 01:45:36.728821 f3-fedora fprintd[21137]: Finger needed 1
out 08 01:45:36.732518 f3-fedora fprintd[21137]: Got protocol msg
out 08 01:45:36.732552 f3-fedora fprintd[21137]: got ack
out 08 01:45:36.749796 f3-fedora fprintd[21137]: Got protocol msg
out 08 01:45:36.749854 f3-fedora fprintd[21137]: Completed command: 0x36
out 08 01:45:36.750556 f3-fedora fprintd[21137]: finished scan!FDT base 4458 (reference 4468): 18a 197 161 133 193 1a5 17d 144 187 197 16e 130
out 08 01:45:36.749938 f3-fedora fprintd[21137]: [goodixtls55x4] SCAN_STAGE_NUM entering state 1
out 08 01:45:36.749962 f3-fedora fprintd[21137]: Running command: 0x20
out 08 01:45:36.753932 f3-fedora fprintd[21137]: Got protocol msg
out 08 01:45:36.753983 f3-fedora fprintd[21137]: got ack
out 08 01:45:36.790174 f3-fedora fprintd[21137]: Got TLS data msg
out 08 01:45:36.790269 f3-fedora fprintd[21137]: Completed command: 0x20
out 08 01:45:36.790834 f3-fedora fprintd[21137]: [goodixtls55x4] SCAN_STAGE_NUM entering state 2
out 08 01:45:36.790915 f3-fedora fprintd[21137]: Running command: 0x32
out 08 01:45:36.791193 f3-fedora fprintd[21137]: Waiting for finger down
out 08 01:45:36.795129 f3-fedora fprintd[21137]: Got protocol msg
out 08 01:45:36.795165 f3-fedora fprintd[21137]: got ack
out 08 01:45:37.807050 f3-fedora fprintd[21137]: Got protocol msg
out 08 01:45:37.807108 f3-fedora fprintd[21137]: Completed command: 0x32
out 08 01:45:37.809075 f3-fedora fprintd[21137]: Finger down (touch flag 0x777, 1016 ms after arming)
out 08 01:45:37.807210 f3-fedora fprintd[21137]: [goodixtls55x4] SCAN_STAGE_NUM entering state 3
out 08 01:45:37.807254 f3-fedora fprintd[21137]: Device reported finger status change: FP_FINGER_STATUS_NEEDED | FP_FINGER_STATUS_PRESENT
out 08 01:45:37.807431 f3-fedora fprintd[21137]: Finger present 1
out 08 01:45:37.807484 f3-fedora fprintd[21137]: Finger needed 1
out 08 01:45:37.807524 f3-fedora fprintd[21137]: Image device reported finger status: on
out 08 01:45:37.807559 f3-fedora fprintd[21137]: Image device internal state change from FPI_IMAGE_DEVICE_STATE_AWAIT_FINGER_ON to FPI_IMAGE_DEVICE_STATE_CAPTURE
out 08 01:45:37.807610 f3-fedora fprintd[21137]: 7206087242: ../libfprint/drivers/goodixtls/goodix55x4.c:1510
out 08 01:45:37.807641 f3-fedora fprintd[21137]: Running command: 0x20
out 08 01:45:37.810888 f3-fedora fprintd[21137]: Got protocol msg
out 08 01:45:37.810919 f3-fedora fprintd[21137]: got ack
out 08 01:45:37.849034 f3-fedora fprintd[21137]: Got TLS data msg
out 08 01:45:37.849116 f3-fedora fprintd[21137]: Completed command: 0x20
out 08 01:45:37.870007 f3-fedora fprintd[21137]: Touch image ridge score 34,9 (gate 12), valley depth 0,261 (gate 0,18), coherence 0,51, FDT base 4458, contact 23%, ridge in contact 42,0, touch flag 0x777 -> used
out 08 01:45:37.869997 f3-fedora fprintd[21137]: Image device captured an image
out 08 01:45:37.870022 f3-fedora fprintd[21137]: Image device internal state change from FPI_IMAGE_DEVICE_STATE_CAPTURE to FPI_IMAGE_DEVICE_STATE_AWAIT_FINGER_OFF
out 08 01:45:37.870131 f3-fedora fprintd[21137]: Waiting for finger up
out 08 01:45:37.870033 f3-fedora fprintd[21137]: 7206149693: ../libfprint/drivers/goodixtls/goodix55x4.c:1510
out 08 01:45:37.870038 f3-fedora fprintd[21137]: Device reported finger status change: FP_FINGER_STATUS_PRESENT
out 08 01:45:37.870051 f3-fedora fprintd[21137]: Finger present 1
out 08 01:45:37.870061 f3-fedora fprintd[21137]: Finger needed 0
out 08 01:45:37.870067 f3-fedora fprintd[21137]: [goodixtls55x4] SCAN_STAGE_NUM entering state 4
out 08 01:45:37.870074 f3-fedora fprintd[21137]: Running command: 0x34
out 08 01:45:37.874688 f3-fedora fprintd[21137]: Got protocol msg
out 08 01:45:37.874701 f3-fedora fprintd[21137]: got ack
out 08 01:45:37.874950 f3-fedora fprintd[21137]: sigfm extract completed in 0,004866 secs
out 08 01:45:37.874988 f3-fedora fprintd[21137]: Device reported enroll progress, reported 6 of 40 have been completed
out 08 01:45:37.874994 f3-fedora fprintd[21137]: enroll_stage_cb: result enroll-stage-passed
out 08 01:45:38.316261 f3-fedora fprintd[21137]: Got protocol msg
out 08 01:45:38.316798 f3-fedora fprintd[21137]: Finger up
out 08 01:45:38.316318 f3-fedora fprintd[21137]: Completed command: 0x34
out 08 01:45:38.567246 f3-fedora fprintd[21137]: [goodixtls55x4] SCAN_STAGE_NUM entering state 6
out 08 01:45:38.567277 f3-fedora fprintd[21137]: [goodixtls55x4] SCAN_STAGE_NUM completed successfully
out 08 01:45:38.567322 f3-fedora fprintd[21137]: finished scan
out 08 01:45:38.567404 f3-fedora fprintd[21137]: Device reported finger status change: FP_FINGER_STATUS_NONE
out 08 01:45:38.567501 f3-fedora fprintd[21137]: Finger present 0
out 08 01:45:38.567526 f3-fedora fprintd[21137]: Finger needed 0
out 08 01:45:38.567547 f3-fedora fprintd[21137]: Image device reported finger status: off
out 08 01:45:38.567567 f3-fedora fprintd[21137]: Image device internal state change from FPI_IMAGE_DEVICE_STATE_AWAIT_FINGER_OFF to FPI_IMAGE_DEVICE_STATE_IDLE
out 08 01:45:38.567601 f3-fedora fprintd[21137]: 7206847245: ../libfprint/drivers/goodixtls/goodix55x4.c:1510
out 08 01:45:38.567632 f3-fedora fprintd[21137]: Image device internal state change from FPI_IMAGE_DEVICE_STATE_IDLE to FPI_IMAGE_DEVICE_STATE_AWAIT_FINGER_ON
out 08 01:45:38.567657 f3-fedora fprintd[21137]: 7206847304: ../libfprint/drivers/goodixtls/goodix55x4.c:1510
out 08 01:45:38.567679 f3-fedora fprintd[21137]: [goodixtls55x4] SCAN_STAGE_NUM entering state 0
out 08 01:45:38.567699 f3-fedora fprintd[21137]: Running command: 0x36
out 08 01:45:38.568092 f3-fedora fprintd[21137]: Device reported finger status change: FP_FINGER_STATUS_NEEDED
out 08 01:45:38.568156 f3-fedora fprintd[21137]: Finger present 0
out 08 01:45:38.568216 f3-fedora fprintd[21137]: Finger needed 1
out 08 01:45:38.571262 f3-fedora fprintd[21137]: Got protocol msg
out 08 01:45:38.571286 f3-fedora fprintd[21137]: got ack
out 08 01:45:38.589874 f3-fedora fprintd[21137]: Got protocol msg
out 08 01:45:38.590221 f3-fedora fprintd[21137]: finished scan!FDT base 4461 (reference 4468): 18a 197 161 133 194 1a6 17d 144 187 198 16e 130
out 08 01:45:38.589908 f3-fedora fprintd[21137]: Completed command: 0x36
out 08 01:45:38.589967 f3-fedora fprintd[21137]: [goodixtls55x4] SCAN_STAGE_NUM entering state 1
out 08 01:45:38.589984 f3-fedora fprintd[21137]: Running command: 0x20
out 08 01:45:38.593940 f3-fedora fprintd[21137]: Got protocol msg
out 08 01:45:38.593963 f3-fedora fprintd[21137]: got ack
out 08 01:45:38.631060 f3-fedora fprintd[21137]: Got TLS data msg
out 08 01:45:38.631106 f3-fedora fprintd[21137]: Completed command: 0x20
out 08 01:45:38.631672 f3-fedora fprintd[21137]: Waiting for finger down
out 08 01:45:38.631480 f3-fedora fprintd[21137]: [goodixtls55x4] SCAN_STAGE_NUM entering state 2
out 08 01:45:38.631522 f3-fedora fprintd[21137]: Running command: 0x32
out 08 01:45:38.635820 f3-fedora fprintd[21137]: Got protocol msg
out 08 01:45:38.635844 f3-fedora fprintd[21137]: got ack
out 08 01:45:39.159519 f3-fedora fprintd[21137]: Got protocol msg
out 08 01:45:39.161101 f3-fedora fprintd[21137]: Finger down (touch flag 0x776, 528 ms after arming)
out 08 01:45:39.159574 f3-fedora fprintd[21137]: Completed command: 0x32
out 08 01:45:39.159630 f3-fedora fprintd[21137]: [goodixtls55x4] SCAN_STAGE_NUM entering state 3
out 08 01:45:39.159662 f3-fedora fprintd[21137]: Device reported finger status change: FP_FINGER_STATUS_NEEDED | FP_FINGER_STATUS_PRESENT
out 08 01:45:39.159747 f3-fedora fprintd[21137]: Finger present 1
out 08 01:45:39.159769 f3-fedora fprintd[21137]: Finger needed 1
out 08 01:45:39.159787 f3-fedora fprintd[21137]: Image device reported finger status: on
out 08 01:45:39.159806 f3-fedora fprintd[21137]: Image device internal state change from FPI_IMAGE_DEVICE_STATE_AWAIT_FINGER_ON to FPI_IMAGE_DEVICE_STATE_CAPTURE
out 08 01:45:39.159835 f3-fedora fprintd[21137]: 7207439483: ../libfprint/drivers/goodixtls/goodix55x4.c:1510
out 08 01:45:39.159854 f3-fedora fprintd[21137]: Running command: 0x20
out 08 01:45:39.163310 f3-fedora fprintd[21137]: Got protocol msg
out 08 01:45:39.163366 f3-fedora fprintd[21137]: got ack
out 08 01:45:39.200972 f3-fedora fprintd[21137]: Got TLS data msg
out 08 01:45:39.201041 f3-fedora fprintd[21137]: Completed command: 0x20
out 08 01:45:39.222733 f3-fedora fprintd[21137]: Touch image ridge score 36,1 (gate 12), valley depth 0,260 (gate 0,18), coherence 0,50, FDT base 4461, contact 32%, ridge in contact 39,7, touch flag 0x776 -> used
out 08 01:45:39.222706 f3-fedora fprintd[21137]: Image device captured an image
out 08 01:45:39.222730 f3-fedora fprintd[21137]: Image device internal state change from FPI_IMAGE_DEVICE_STATE_CAPTURE to FPI_IMAGE_DEVICE_STATE_AWAIT_FINGER_OFF
out 08 01:45:39.222830 f3-fedora fprintd[21137]: Waiting for finger up
out 08 01:45:39.222744 f3-fedora fprintd[21137]: 7207502402: ../libfprint/drivers/goodixtls/goodix55x4.c:1510
out 08 01:45:39.222753 f3-fedora fprintd[21137]: Device reported finger status change: FP_FINGER_STATUS_PRESENT
out 08 01:45:39.222772 f3-fedora fprintd[21137]: Finger present 1
out 08 01:45:39.222784 f3-fedora fprintd[21137]: Finger needed 0
out 08 01:45:39.222792 f3-fedora fprintd[21137]: [goodixtls55x4] SCAN_STAGE_NUM entering state 4
out 08 01:45:39.222802 f3-fedora fprintd[21137]: Running command: 0x34
out 08 01:45:39.227357 f3-fedora fprintd[21137]: Got protocol msg
out 08 01:45:39.227369 f3-fedora fprintd[21137]: got ack
out 08 01:45:39.227788 f3-fedora fprintd[21137]: sigfm extract completed in 0,005038 secs
out 08 01:45:39.227823 f3-fedora fprintd[21137]: Device reported enroll progress, reported 7 of 40 have been completed
out 08 01:45:39.227829 f3-fedora fprintd[21137]: enroll_stage_cb: result enroll-stage-passed
out 08 01:45:39.546745 f3-fedora fprintd[21137]: Got protocol msg
out 08 01:45:39.547144 f3-fedora fprintd[21137]: Finger up
out 08 01:45:39.546785 f3-fedora fprintd[21137]: Completed command: 0x34
out 08 01:45:39.797667 f3-fedora fprintd[21137]: [goodixtls55x4] SCAN_STAGE_NUM entering state 6
out 08 01:45:39.797698 f3-fedora fprintd[21137]: [goodixtls55x4] SCAN_STAGE_NUM completed successfully
out 08 01:45:39.797742 f3-fedora fprintd[21137]: finished scan
out 08 01:45:39.797777 f3-fedora fprintd[21137]: Device reported finger status change: FP_FINGER_STATUS_NONE
out 08 01:45:39.797869 f3-fedora fprintd[21137]: Finger present 0
out 08 01:45:39.797891 f3-fedora fprintd[21137]: Finger needed 0
out 08 01:45:39.797911 f3-fedora fprintd[21137]: Image device reported finger status: off
out 08 01:45:39.797932 f3-fedora fprintd[21137]: Image device internal state change from FPI_IMAGE_DEVICE_STATE_AWAIT_FINGER_OFF to FPI_IMAGE_DEVICE_STATE_IDLE
out 08 01:45:39.797974 f3-fedora fprintd[21137]: 7208077611: ../libfprint/drivers/goodixtls/goodix55x4.c:1510
out 08 01:45:39.798020 f3-fedora fprintd[21137]: Image device internal state change from FPI_IMAGE_DEVICE_STATE_IDLE to FPI_IMAGE_DEVICE_STATE_AWAIT_FINGER_ON
out 08 01:45:39.798057 f3-fedora fprintd[21137]: 7208077696: ../libfprint/drivers/goodixtls/goodix55x4.c:1510
out 08 01:45:39.798087 f3-fedora fprintd[21137]: [goodixtls55x4] SCAN_STAGE_NUM entering state 0
out 08 01:45:39.798119 f3-fedora fprintd[21137]: Running command: 0x36
out 08 01:45:39.798722 f3-fedora fprintd[21137]: Device reported finger status change: FP_FINGER_STATUS_NEEDED
out 08 01:45:39.798787 f3-fedora fprintd[21137]: Finger present 0
out 08 01:45:39.798840 f3-fedora fprintd[21137]: Finger needed 1
out 08 01:45:39.801729 f3-fedora fprintd[21137]: Got protocol msg
out 08 01:45:39.801763 f3-fedora fprintd[21137]: got ack
out 08 01:45:39.819859 f3-fedora fprintd[21137]: Got protocol msg
out 08 01:45:39.820134 f3-fedora fprintd[21137]: finished scan!FDT base 4460 (reference 4468): 18a 196 161 134 194 1a5 17d 144 187 198 16e 130
out 08 01:45:39.819886 f3-fedora fprintd[21137]: Completed command: 0x36
out 08 01:45:39.819918 f3-fedora fprintd[21137]: [goodixtls55x4] SCAN_STAGE_NUM entering state 1
out 08 01:45:39.819934 f3-fedora fprintd[21137]: Running command: 0x20
out 08 01:45:39.823731 f3-fedora fprintd[21137]: Got protocol msg
out 08 01:45:39.823745 f3-fedora fprintd[21137]: got ack
out 08 01:45:39.861661 f3-fedora fprintd[21137]: Got TLS data msg
out 08 01:45:39.861708 f3-fedora fprintd[21137]: Completed command: 0x20
out 08 01:45:39.862021 f3-fedora fprintd[21137]: [goodixtls55x4] SCAN_STAGE_NUM entering state 2
out 08 01:45:39.862193 f3-fedora fprintd[21137]: Waiting for finger down
out 08 01:45:39.862059 f3-fedora fprintd[21137]: Running command: 0x32
out 08 01:45:39.866017 f3-fedora fprintd[21137]: Got protocol msg
out 08 01:45:39.866040 f3-fedora fprintd[21137]: got ack
out 08 01:45:40.186678 f3-fedora fprintd[21137]: Got protocol msg
out 08 01:45:40.188499 f3-fedora fprintd[21137]: Finger down (touch flag 0x733, 324 ms after arming)
out 08 01:45:40.186722 f3-fedora fprintd[21137]: Completed command: 0x32
out 08 01:45:40.186780 f3-fedora fprintd[21137]: [goodixtls55x4] SCAN_STAGE_NUM entering state 3
out 08 01:45:40.186810 f3-fedora fprintd[21137]: Device reported finger status change: FP_FINGER_STATUS_NEEDED | FP_FINGER_STATUS_PRESENT
out 08 01:45:40.186892 f3-fedora fprintd[21137]: Finger present 1
out 08 01:45:40.186915 f3-fedora fprintd[21137]: Finger needed 1
out 08 01:45:40.186939 f3-fedora fprintd[21137]: Image device reported finger status: on
out 08 01:45:40.186969 f3-fedora fprintd[21137]: Image device internal state change from FPI_IMAGE_DEVICE_STATE_AWAIT_FINGER_ON to FPI_IMAGE_DEVICE_STATE_CAPTURE
out 08 01:45:40.187017 f3-fedora fprintd[21137]: 7208466649: ../libfprint/drivers/goodixtls/goodix55x4.c:1510
out 08 01:45:40.187050 f3-fedora fprintd[21137]: Running command: 0x20
out 08 01:45:40.190112 f3-fedora fprintd[21137]: Got protocol msg
out 08 01:45:40.190147 f3-fedora fprintd[21137]: got ack
out 08 01:45:40.228309 f3-fedora fprintd[21137]: Got TLS data msg
out 08 01:45:40.228427 f3-fedora fprintd[21137]: Completed command: 0x20
out 08 01:45:40.248131 f3-fedora fprintd[21137]: Touch image ridge score 31,5 (gate 12), valley depth 0,281 (gate 0,18), coherence 0,57, FDT base 4460, contact 21%, ridge in contact 43,3, touch flag 0x733 -> used
out 08 01:45:40.248103 f3-fedora fprintd[21137]: Image device captured an image
out 08 01:45:40.248231 f3-fedora fprintd[21137]: Waiting for finger up
out 08 01:45:40.248127 f3-fedora fprintd[21137]: Image device internal state change from FPI_IMAGE_DEVICE_STATE_CAPTURE to FPI_IMAGE_DEVICE_STATE_AWAIT_FINGER_OFF
out 08 01:45:40.248138 f3-fedora fprintd[21137]: 7208527798: ../libfprint/drivers/goodixtls/goodix55x4.c:1510
out 08 01:45:40.248143 f3-fedora fprintd[21137]: Device reported finger status change: FP_FINGER_STATUS_PRESENT
out 08 01:45:40.248157 f3-fedora fprintd[21137]: Finger present 1
out 08 01:45:40.248167 f3-fedora fprintd[21137]: Finger needed 0
out 08 01:45:40.248172 f3-fedora fprintd[21137]: [goodixtls55x4] SCAN_STAGE_NUM entering state 4
out 08 01:45:40.248179 f3-fedora fprintd[21137]: Running command: 0x34
out 08 01:45:40.252008 f3-fedora fprintd[21137]: sigfm extract completed in 0,003809 secs
out 08 01:45:40.252018 f3-fedora fprintd[21137]: Got protocol msg
out 08 01:45:40.252023 f3-fedora fprintd[21137]: got ack
out 08 01:45:40.252079 f3-fedora fprintd[21137]: Device reported enroll progress, reported 8 of 40 have been completed
out 08 01:45:40.252085 f3-fedora fprintd[21137]: enroll_stage_cb: result enroll-stage-passed
out 08 01:45:40.571929 f3-fedora fprintd[21137]: Got protocol msg
out 08 01:45:40.572320 f3-fedora fprintd[21137]: Finger up
out 08 01:45:40.571970 f3-fedora fprintd[21137]: Completed command: 0x34
out 08 01:45:40.822857 f3-fedora fprintd[21137]: [goodixtls55x4] SCAN_STAGE_NUM entering state 6
out 08 01:45:40.822888 f3-fedora fprintd[21137]: [goodixtls55x4] SCAN_STAGE_NUM completed successfully
out 08 01:45:40.822937 f3-fedora fprintd[21137]: finished scan
out 08 01:45:40.822974 f3-fedora fprintd[21137]: Device reported finger status change: FP_FINGER_STATUS_NONE
out 08 01:45:40.823066 f3-fedora fprintd[21137]: Finger present 0
out 08 01:45:40.823090 f3-fedora fprintd[21137]: Finger needed 0
out 08 01:45:40.823112 f3-fedora fprintd[21137]: Image device reported finger status: off
out 08 01:45:40.823142 f3-fedora fprintd[21137]: Image device internal state change from FPI_IMAGE_DEVICE_STATE_AWAIT_FINGER_OFF to FPI_IMAGE_DEVICE_STATE_IDLE
out 08 01:45:40.823212 f3-fedora fprintd[21137]: 7209102840: ../libfprint/drivers/goodixtls/goodix55x4.c:1510
out 08 01:45:40.823249 f3-fedora fprintd[21137]: Image device internal state change from FPI_IMAGE_DEVICE_STATE_IDLE to FPI_IMAGE_DEVICE_STATE_AWAIT_FINGER_ON
out 08 01:45:40.823290 f3-fedora fprintd[21137]: 7209102926: ../libfprint/drivers/goodixtls/goodix55x4.c:1510
out 08 01:45:40.823321 f3-fedora fprintd[21137]: [goodixtls55x4] SCAN_STAGE_NUM entering state 0
out 08 01:45:40.823444 f3-fedora fprintd[21137]: Running command: 0x36
out 08 01:45:40.823897 f3-fedora fprintd[21137]: Device reported finger status change: FP_FINGER_STATUS_NEEDED
out 08 01:45:40.823967 f3-fedora fprintd[21137]: Finger present 0
out 08 01:45:40.824024 f3-fedora fprintd[21137]: Finger needed 1
out 08 01:45:40.826785 f3-fedora fprintd[21137]: Got protocol msg
out 08 01:45:40.826810 f3-fedora fprintd[21137]: got ack
out 08 01:45:40.845914 f3-fedora fprintd[21137]: Got protocol msg
out 08 01:45:40.846194 f3-fedora fprintd[21137]: finished scan!FDT base 4456 (reference 4468): 18a 197 161 133 193 1a5 17c 144 187 197 16d 130
out 08 01:45:40.845936 f3-fedora fprintd[21137]: Completed command: 0x36
out 08 01:45:40.845962 f3-fedora fprintd[21137]: [goodixtls55x4] SCAN_STAGE_NUM entering state 1
out 08 01:45:40.845968 f3-fedora fprintd[21137]: Running command: 0x20
out 08 01:45:40.849644 f3-fedora fprintd[21137]: Got protocol msg
out 08 01:45:40.849656 f3-fedora fprintd[21137]: got ack
out 08 01:45:40.888132 f3-fedora fprintd[21137]: Got TLS data msg
out 08 01:45:40.888174 f3-fedora fprintd[21137]: Completed command: 0x20
out 08 01:45:40.888599 f3-fedora fprintd[21137]: [goodixtls55x4] SCAN_STAGE_NUM entering state 2
out 08 01:45:40.888837 f3-fedora fprintd[21137]: Waiting for finger down
out 08 01:45:40.888641 f3-fedora fprintd[21137]: Running command: 0x32
out 08 01:45:40.892626 f3-fedora fprintd[21137]: Got protocol msg
out 08 01:45:40.892649 f3-fedora fprintd[21137]: got ack
out 08 01:45:41.375656 f3-fedora fprintd[21137]: Got protocol msg
out 08 01:45:41.377018 f3-fedora fprintd[21137]: Finger down (touch flag 0x771, 487 ms after arming)
out 08 01:45:41.375698 f3-fedora fprintd[21137]: Completed command: 0x32
out 08 01:45:41.375751 f3-fedora fprintd[21137]: [goodixtls55x4] SCAN_STAGE_NUM entering state 3
out 08 01:45:41.375781 f3-fedora fprintd[21137]: Device reported finger status change: FP_FINGER_STATUS_NEEDED | FP_FINGER_STATUS_PRESENT
out 08 01:45:41.375863 f3-fedora fprintd[21137]: Finger present 1
out 08 01:45:41.375897 f3-fedora fprintd[21137]: Finger needed 1
out 08 01:45:41.375916 f3-fedora fprintd[21137]: Image device reported finger status: on
out 08 01:45:41.375935 f3-fedora fprintd[21137]: Image device internal state change from FPI_IMAGE_DEVICE_STATE_AWAIT_FINGER_ON to FPI_IMAGE_DEVICE_STATE_CAPTURE
out 08 01:45:41.375964 f3-fedora fprintd[21137]: 7209655611: ../libfprint/drivers/goodixtls/goodix55x4.c:1510
out 08 01:45:41.375982 f3-fedora fprintd[21137]: Running command: 0x20
out 08 01:45:41.379688 f3-fedora fprintd[21137]: Got protocol msg
out 08 01:45:41.379711 f3-fedora fprintd[21137]: got ack
out 08 01:45:41.417637 f3-fedora fprintd[21137]: Got TLS data msg
out 08 01:45:41.417692 f3-fedora fprintd[21137]: Completed command: 0x20
out 08 01:45:41.438649 f3-fedora fprintd[21137]: Touch image ridge score 34,6 (gate 12), valley depth 0,268 (gate 0,18), coherence 0,53, FDT base 4456, contact 22%, ridge in contact 43,1, touch flag 0x771 -> used
out 08 01:45:41.438625 f3-fedora fprintd[21137]: Image device captured an image
out 08 01:45:41.438774 f3-fedora fprintd[21137]: Waiting for finger up
out 08 01:45:41.438650 f3-fedora fprintd[21137]: Image device internal state change from FPI_IMAGE_DEVICE_STATE_CAPTURE to FPI_IMAGE_DEVICE_STATE_AWAIT_FINGER_OFF
out 08 01:45:41.438665 f3-fedora fprintd[21137]: 7209718323: ../libfprint/drivers/goodixtls/goodix55x4.c:1510
out 08 01:45:41.438676 f3-fedora fprintd[21137]: Device reported finger status change: FP_FINGER_STATUS_PRESENT
out 08 01:45:41.438695 f3-fedora fprintd[21137]: Finger present 1
out 08 01:45:41.438711 f3-fedora fprintd[21137]: Finger needed 0
out 08 01:45:41.438718 f3-fedora fprintd[21137]: [goodixtls55x4] SCAN_STAGE_NUM entering state 4
out 08 01:45:41.438728 f3-fedora fprintd[21137]: Running command: 0x34
out 08 01:45:41.443376 f3-fedora fprintd[21137]: sigfm extract completed in 0,004695 secs
out 08 01:45:41.443376 f3-fedora fprintd[21137]: Got protocol msg
out 08 01:45:41.443386 f3-fedora fprintd[21137]: got ack
out 08 01:45:41.443445 f3-fedora fprintd[21137]: Device reported enroll progress, reported 9 of 40 have been completed
out 08 01:45:41.443453 f3-fedora fprintd[21137]: enroll_stage_cb: result enroll-stage-passed
out 08 01:45:41.741709 f3-fedora fprintd[21137]: Got protocol msg
out 08 01:45:41.742331 f3-fedora fprintd[21137]: Finger up
out 08 01:45:41.741762 f3-fedora fprintd[21137]: Completed command: 0x34
out 08 01:45:41.992564 f3-fedora fprintd[21137]: [goodixtls55x4] SCAN_STAGE_NUM entering state 6
out 08 01:45:41.992626 f3-fedora fprintd[21137]: [goodixtls55x4] SCAN_STAGE_NUM completed successfully
out 08 01:45:41.992687 f3-fedora fprintd[21137]: finished scan
out 08 01:45:41.992738 f3-fedora fprintd[21137]: Device reported finger status change: FP_FINGER_STATUS_NONE
out 08 01:45:41.992866 f3-fedora fprintd[21137]: Finger present 0
out 08 01:45:41.992906 f3-fedora fprintd[21137]: Finger needed 0
out 08 01:45:41.992939 f3-fedora fprintd[21137]: Image device reported finger status: off
out 08 01:45:41.992969 f3-fedora fprintd[21137]: Image device internal state change from FPI_IMAGE_DEVICE_STATE_AWAIT_FINGER_OFF to FPI_IMAGE_DEVICE_STATE_IDLE
out 08 01:45:41.993015 f3-fedora fprintd[21137]: 7210272651: ../libfprint/drivers/goodixtls/goodix55x4.c:1510
out 08 01:45:41.993050 f3-fedora fprintd[21137]: Image device internal state change from FPI_IMAGE_DEVICE_STATE_IDLE to FPI_IMAGE_DEVICE_STATE_AWAIT_FINGER_ON
out 08 01:45:41.993087 f3-fedora fprintd[21137]: 7210272726: ../libfprint/drivers/goodixtls/goodix55x4.c:1510
out 08 01:45:41.993119 f3-fedora fprintd[21137]: [goodixtls55x4] SCAN_STAGE_NUM entering state 0
out 08 01:45:41.993152 f3-fedora fprintd[21137]: Running command: 0x36
out 08 01:45:41.993704 f3-fedora fprintd[21137]: Device reported finger status change: FP_FINGER_STATUS_NEEDED
out 08 01:45:41.993771 f3-fedora fprintd[21137]: Finger present 0
out 08 01:45:41.993823 f3-fedora fprintd[21137]: Finger needed 1
out 08 01:45:41.996697 f3-fedora fprintd[21137]: Got protocol msg
out 08 01:45:41.996728 f3-fedora fprintd[21137]: got ack
out 08 01:45:42.014980 f3-fedora fprintd[21137]: Got protocol msg
out 08 01:45:42.015031 f3-fedora fprintd[21137]: Completed command: 0x36
out 08 01:45:42.015607 f3-fedora fprintd[21137]: finished scan!FDT base 4403 (reference 4468): 18a 196 160 128 193 1a5 17b 131 187 197 16c 11d
out 08 01:45:42.015101 f3-fedora fprintd[21137]: [goodixtls55x4] SCAN_STAGE_NUM entering state 1
out 08 01:45:42.015118 f3-fedora fprintd[21137]: Running command: 0x20
out 08 01:45:42.018886 f3-fedora fprintd[21137]: Got protocol msg
out 08 01:45:42.018912 f3-fedora fprintd[21137]: got ack
out 08 01:45:42.057102 f3-fedora fprintd[21137]: Got TLS data msg
out 08 01:45:42.057157 f3-fedora fprintd[21137]: Completed command: 0x20
out 08 01:45:42.057606 f3-fedora fprintd[21137]: [goodixtls55x4] SCAN_STAGE_NUM entering state 2
out 08 01:45:42.057744 f3-fedora fprintd[21137]: Waiting for finger down
out 08 01:45:42.057653 f3-fedora fprintd[21137]: Running command: 0x32
out 08 01:45:42.061659 f3-fedora fprintd[21137]: Got protocol msg
out 08 01:45:42.061689 f3-fedora fprintd[21137]: got ack
out 08 01:45:42.747769 f3-fedora fprintd[21137]: Got protocol msg
out 08 01:45:42.749107 f3-fedora fprintd[21137]: Finger down (touch flag 0xecc, 690 ms after arming)
out 08 01:45:42.747810 f3-fedora fprintd[21137]: Completed command: 0x32
out 08 01:45:42.747877 f3-fedora fprintd[21137]: [goodixtls55x4] SCAN_STAGE_NUM entering state 3
out 08 01:45:42.747910 f3-fedora fprintd[21137]: Device reported finger status change: FP_FINGER_STATUS_NEEDED | FP_FINGER_STATUS_PRESENT
out 08 01:45:42.747993 f3-fedora fprintd[21137]: Finger present 1
out 08 01:45:42.748014 f3-fedora fprintd[21137]: Finger needed 1
out 08 01:45:42.748031 f3-fedora fprintd[21137]: Image device reported finger status: on
out 08 01:45:42.748051 f3-fedora fprintd[21137]: Image device internal state change from FPI_IMAGE_DEVICE_STATE_AWAIT_FINGER_ON to FPI_IMAGE_DEVICE_STATE_CAPTURE
out 08 01:45:42.748083 f3-fedora fprintd[21137]: 7211027727: ../libfprint/drivers/goodixtls/goodix55x4.c:1510
out 08 01:45:42.748100 f3-fedora fprintd[21137]: Running command: 0x20
out 08 01:45:42.751770 f3-fedora fprintd[21137]: Got protocol msg
out 08 01:45:42.751796 f3-fedora fprintd[21137]: got ack
out 08 01:45:42.789615 f3-fedora fprintd[21137]: Got TLS data msg
out 08 01:45:42.789659 f3-fedora fprintd[21137]: Completed command: 0x20
out 08 01:45:42.807363 f3-fedora fprintd[21137]: Touch image ridge score 32,1 (gate 12), valley depth 0,299 (gate 0,18), coherence 0,56, FDT base 4403, contact 10%, ridge in contact 37,8, touch flag 0xecc -> used
out 08 01:45:42.807334 f3-fedora fprintd[21137]: Image device captured an image
out 08 01:45:42.807481 f3-fedora fprintd[21137]: Waiting for finger up
out 08 01:45:42.807361 f3-fedora fprintd[21137]: Image device internal state change from FPI_IMAGE_DEVICE_STATE_CAPTURE to FPI_IMAGE_DEVICE_STATE_AWAIT_FINGER_OFF
out 08 01:45:42.807373 f3-fedora fprintd[21137]: 7211087033: ../libfprint/drivers/goodixtls/goodix55x4.c:1510
out 08 01:45:42.807379 f3-fedora fprintd[21137]: Device reported finger status change: FP_FINGER_STATUS_PRESENT
out 08 01:45:42.807397 f3-fedora fprintd[21137]: Finger present 1
out 08 01:45:42.807405 f3-fedora fprintd[21137]: Finger needed 0
out 08 01:45:42.807411 f3-fedora fprintd[21137]: [goodixtls55x4] SCAN_STAGE_NUM entering state 4
out 08 01:45:42.807418 f3-fedora fprintd[21137]: Running command: 0x34
out 08 01:45:42.810545 f3-fedora fprintd[21137]: sigfm extract completed in 0,003152 secs
out 08 01:45:42.810546 f3-fedora fprintd[21137]: Got protocol msg
out 08 01:45:42.810555 f3-fedora fprintd[21137]: got ack
out 08 01:45:42.810610 f3-fedora fprintd[21137]: Device reported enroll progress, reported 10 of 40 have been completed
out 08 01:45:42.810617 f3-fedora fprintd[21137]: enroll_stage_cb: result enroll-stage-passed
out 08 01:45:43.150934 f3-fedora fprintd[21137]: Got protocol msg
out 08 01:45:43.151447 f3-fedora fprintd[21137]: Finger up
out 08 01:45:43.150989 f3-fedora fprintd[21137]: Completed command: 0x34
out 08 01:45:43.401877 f3-fedora fprintd[21137]: [goodixtls55x4] SCAN_STAGE_NUM entering state 6
out 08 01:45:43.401912 f3-fedora fprintd[21137]: [goodixtls55x4] SCAN_STAGE_NUM completed successfully
out 08 01:45:43.401966 f3-fedora fprintd[21137]: finished scan
out 08 01:45:43.402005 f3-fedora fprintd[21137]: Device reported finger status change: FP_FINGER_STATUS_NONE
out 08 01:45:43.402097 f3-fedora fprintd[21137]: Finger present 0
out 08 01:45:43.402120 f3-fedora fprintd[21137]: Finger needed 0
out 08 01:45:43.402142 f3-fedora fprintd[21137]: Image device reported finger status: off
out 08 01:45:43.402175 f3-fedora fprintd[21137]: Image device internal state change from FPI_IMAGE_DEVICE_STATE_AWAIT_FINGER_OFF to FPI_IMAGE_DEVICE_STATE_IDLE
out 08 01:45:43.402232 f3-fedora fprintd[21137]: 7211681859: ../libfprint/drivers/goodixtls/goodix55x4.c:1510
out 08 01:45:43.402272 f3-fedora fprintd[21137]: Image device internal state change from FPI_IMAGE_DEVICE_STATE_IDLE to FPI_IMAGE_DEVICE_STATE_AWAIT_FINGER_ON
out 08 01:45:43.402313 f3-fedora fprintd[21137]: 7211681949: ../libfprint/drivers/goodixtls/goodix55x4.c:1510
out 08 01:45:43.402409 f3-fedora fprintd[21137]: [goodixtls55x4] SCAN_STAGE_NUM entering state 0
out 08 01:45:43.402454 f3-fedora fprintd[21137]: Running command: 0x36
out 08 01:45:43.402934 f3-fedora fprintd[21137]: Device reported finger status change: FP_FINGER_STATUS_NEEDED
out 08 01:45:43.403010 f3-fedora fprintd[21137]: Finger present 0
out 08 01:45:43.403083 f3-fedora fprintd[21137]: Finger needed 1
out 08 01:45:43.405780 f3-fedora fprintd[21137]: Got protocol msg
out 08 01:45:43.405821 f3-fedora fprintd[21137]: got ack
out 08 01:45:43.424811 f3-fedora fprintd[21137]: Got protocol msg
out 08 01:45:43.425188 f3-fedora fprintd[21137]: finished scan!FDT base 4461 (reference 4468): 18a 197 162 133 194 1a6 17d 144 187 197 16e 130
out 08 01:45:43.424852 f3-fedora fprintd[21137]: Completed command: 0x36
out 08 01:45:43.424923 f3-fedora fprintd[21137]: [goodixtls55x4] SCAN_STAGE_NUM entering state 1
out 08 01:45:43.424942 f3-fedora fprintd[21137]: Running command: 0x20
out 08 01:45:43.428898 f3-fedora fprintd[21137]: Got protocol msg
out 08 01:45:43.428937 f3-fedora fprintd[21137]: got ack
out 08 01:45:43.466207 f3-fedora fprintd[21137]: Got TLS data msg
out 08 01:45:43.466261 f3-fedora fprintd[21137]: Completed command: 0x20
out 08 01:45:43.466682 f3-fedora fprintd[21137]: [goodixtls55x4] SCAN_STAGE_NUM entering state 2
out 08 01:45:43.466943 f3-fedora fprintd[21137]: Waiting for finger down
out 08 01:45:43.466729 f3-fedora fprintd[21137]: Running command: 0x32
out 08 01:45:43.470557 f3-fedora fprintd[21137]: Got protocol msg
out 08 01:45:43.470584 f3-fedora fprintd[21137]: got ack
out 08 01:45:44.136475 f3-fedora fprintd[21137]: Got protocol msg
out 08 01:45:44.137956 f3-fedora fprintd[21137]: Finger down (touch flag 0xecc, 669 ms after arming)
out 08 01:45:44.136519 f3-fedora fprintd[21137]: Completed command: 0x32
out 08 01:45:44.136574 f3-fedora fprintd[21137]: [goodixtls55x4] SCAN_STAGE_NUM entering state 3
out 08 01:45:44.136604 f3-fedora fprintd[21137]: Device reported finger status change: FP_FINGER_STATUS_NEEDED | FP_FINGER_STATUS_PRESENT
out 08 01:45:44.136689 f3-fedora fprintd[21137]: Finger present 1
out 08 01:45:44.136712 f3-fedora fprintd[21137]: Finger needed 1
out 08 01:45:44.136733 f3-fedora fprintd[21137]: Image device reported finger status: on
out 08 01:45:44.136754 f3-fedora fprintd[21137]: Image device internal state change from FPI_IMAGE_DEVICE_STATE_AWAIT_FINGER_ON to FPI_IMAGE_DEVICE_STATE_CAPTURE
out 08 01:45:44.136783 f3-fedora fprintd[21137]: 7212416430: ../libfprint/drivers/goodixtls/goodix55x4.c:1510
out 08 01:45:44.136801 f3-fedora fprintd[21137]: Running command: 0x20
out 08 01:45:44.140163 f3-fedora fprintd[21137]: Got protocol msg
out 08 01:45:44.140187 f3-fedora fprintd[21137]: got ack
out 08 01:45:44.179017 f3-fedora fprintd[21137]: Got TLS data msg
out 08 01:45:44.179081 f3-fedora fprintd[21137]: Completed command: 0x20
out 08 01:45:44.198652 f3-fedora fprintd[21137]: Touch image ridge score 30,0 (gate 12), valley depth 0,270 (gate 0,18), coherence 0,47, FDT base 4461, contact 29%, ridge in contact 37,9, touch flag 0xecc -> used
out 08 01:45:44.198616 f3-fedora fprintd[21137]: Image device captured an image
out 08 01:45:44.198794 f3-fedora fprintd[21137]: Waiting for finger up
out 08 01:45:44.198640 f3-fedora fprintd[21137]: Image device internal state change from FPI_IMAGE_DEVICE_STATE_CAPTURE to FPI_IMAGE_DEVICE_STATE_AWAIT_FINGER_OFF
out 08 01:45:44.198650 f3-fedora fprintd[21137]: 7212478310: ../libfprint/drivers/goodixtls/goodix55x4.c:1510
out 08 01:45:44.198656 f3-fedora fprintd[21137]: Device reported finger status change: FP_FINGER_STATUS_PRESENT
out 08 01:45:44.198671 f3-fedora fprintd[21137]: Finger present 1
out 08 01:45:44.198682 f3-fedora fprintd[21137]: Finger needed 0
out 08 01:45:44.198687 f3-fedora fprintd[21137]: [goodixtls55x4] SCAN_STAGE_NUM entering state 4
out 08 01:45:44.198695 f3-fedora fprintd[21137]: Running command: 0x34
out 08 01:45:44.202834 f3-fedora fprintd[21137]: sigfm extract completed in 0,004149 secs
out 08 01:45:44.202860 f3-fedora fprintd[21137]: Got protocol msg
out 08 01:45:44.202867 f3-fedora fprintd[21137]: got ack
out 08 01:45:44.202924 f3-fedora fprintd[21137]: Device reported enroll progress, reported 11 of 40 have been completed
out 08 01:45:44.202931 f3-fedora fprintd[21137]: enroll_stage_cb: result enroll-stage-passed
out 08 01:45:44.379775 f3-fedora fprintd[21137]: Got protocol msg
out 08 01:45:44.380128 f3-fedora fprintd[21137]: Finger up
out 08 01:45:44.379811 f3-fedora fprintd[21137]: Completed command: 0x34
out 08 01:45:44.630691 f3-fedora fprintd[21137]: [goodixtls55x4] SCAN_STAGE_NUM entering state 6
out 08 01:45:44.630735 f3-fedora fprintd[21137]: [goodixtls55x4] SCAN_STAGE_NUM completed successfully
out 08 01:45:44.630782 f3-fedora fprintd[21137]: finished scan
out 08 01:45:44.630816 f3-fedora fprintd[21137]: Device reported finger status change: FP_FINGER_STATUS_NONE
out 08 01:45:44.630905 f3-fedora fprintd[21137]: Finger present 0
out 08 01:45:44.630927 f3-fedora fprintd[21137]: Finger needed 0
out 08 01:45:44.630946 f3-fedora fprintd[21137]: Image device reported finger status: off
out 08 01:45:44.630976 f3-fedora fprintd[21137]: Image device internal state change from FPI_IMAGE_DEVICE_STATE_AWAIT_FINGER_OFF to FPI_IMAGE_DEVICE_STATE_IDLE
out 08 01:45:44.631007 f3-fedora fprintd[21137]: 7212910653: ../libfprint/drivers/goodixtls/goodix55x4.c:1510
out 08 01:45:44.631026 f3-fedora fprintd[21137]: Image device internal state change from FPI_IMAGE_DEVICE_STATE_IDLE to FPI_IMAGE_DEVICE_STATE_AWAIT_FINGER_ON
out 08 01:45:44.631045 f3-fedora fprintd[21137]: 7212910697: ../libfprint/drivers/goodixtls/goodix55x4.c:1510
out 08 01:45:44.631066 f3-fedora fprintd[21137]: [goodixtls55x4] SCAN_STAGE_NUM entering state 0
out 08 01:45:44.631084 f3-fedora fprintd[21137]: Running command: 0x36
out 08 01:45:44.631560 f3-fedora fprintd[21137]: Device reported finger status change: FP_FINGER_STATUS_NEEDED
out 08 01:45:44.631606 f3-fedora fprintd[21137]: Finger present 0
out 08 01:45:44.631648 f3-fedora fprintd[21137]: Finger needed 1
out 08 01:45:44.634848 f3-fedora fprintd[21137]: Got protocol msg
out 08 01:45:44.634874 f3-fedora fprintd[21137]: got ack
out 08 01:45:44.652927 f3-fedora fprintd[21137]: Got protocol msg
out 08 01:45:44.652980 f3-fedora fprintd[21137]: Completed command: 0x36
out 08 01:45:44.653418 f3-fedora fprintd[21137]: finished scan!FDT base 4459 (reference 4468): 18a 197 161 133 194 1a6 17d 144 187 197 16d 130
out 08 01:45:44.653042 f3-fedora fprintd[21137]: [goodixtls55x4] SCAN_STAGE_NUM entering state 1
out 08 01:45:44.653060 f3-fedora fprintd[21137]: Running command: 0x20
out 08 01:45:44.656846 f3-fedora fprintd[21137]: Got protocol msg
out 08 01:45:44.656873 f3-fedora fprintd[21137]: got ack
out 08 01:45:44.694023 f3-fedora fprintd[21137]: Got TLS data msg
out 08 01:45:44.694086 f3-fedora fprintd[21137]: Completed command: 0x20
out 08 01:45:44.694520 f3-fedora fprintd[21137]: [goodixtls55x4] SCAN_STAGE_NUM entering state 2
out 08 01:45:44.694756 f3-fedora fprintd[21137]: Waiting for finger down
out 08 01:45:44.694567 f3-fedora fprintd[21137]: Running command: 0x32
out 08 01:45:44.698823 f3-fedora fprintd[21137]: Got protocol msg
out 08 01:45:44.698850 f3-fedora fprintd[21137]: got ack
out 08 01:45:45.078996 f3-fedora fprintd[21137]: Got protocol msg
out 08 01:45:45.079766 f3-fedora fprintd[21137]: Finger down (touch flag 0xeb4, 384 ms after arming)
out 08 01:45:45.079037 f3-fedora fprintd[21137]: Completed command: 0x32
out 08 01:45:45.079104 f3-fedora fprintd[21137]: [goodixtls55x4] SCAN_STAGE_NUM entering state 3
out 08 01:45:45.079134 f3-fedora fprintd[21137]: Device reported finger status change: FP_FINGER_STATUS_NEEDED | FP_FINGER_STATUS_PRESENT
out 08 01:45:45.079219 f3-fedora fprintd[21137]: Finger present 1
out 08 01:45:45.079243 f3-fedora fprintd[21137]: Finger needed 1
out 08 01:45:45.079261 f3-fedora fprintd[21137]: Image device reported finger status: on
out 08 01:45:45.079282 f3-fedora fprintd[21137]: Image device internal state change from FPI_IMAGE_DEVICE_STATE_AWAIT_FINGER_ON to FPI_IMAGE_DEVICE_STATE_CAPTURE
out 08 01:45:45.079312 f3-fedora fprintd[21137]: 7213358958: ../libfprint/drivers/goodixtls/goodix55x4.c:1510
out 08 01:45:45.079329 f3-fedora fprintd[21137]: Running command: 0x20
out 08 01:45:45.082989 f3-fedora fprintd[21137]: Got protocol msg
out 08 01:45:45.083016 f3-fedora fprintd[21137]: got ack
out 08 01:45:45.119983 f3-fedora fprintd[21137]: Got TLS data msg
out 08 01:45:45.120051 f3-fedora fprintd[21137]: Completed command: 0x20
out 08 01:45:45.141261 f3-fedora fprintd[21137]: Touch image ridge score 36,2 (gate 12), valley depth 0,334 (gate 0,18), coherence 0,68, FDT base 4459, contact 7%, ridge in contact 48,5, touch flag 0xeb4 -> used
out 08 01:45:45.141233 f3-fedora fprintd[21137]: Image device captured an image
out 08 01:45:45.141869 f3-fedora fprintd[21137]: Waiting for finger up
out 08 01:45:45.141256 f3-fedora fprintd[21137]: Image device internal state change from FPI_IMAGE_DEVICE_STATE_CAPTURE to FPI_IMAGE_DEVICE_STATE_AWAIT_FINGER_OFF
out 08 01:45:45.141267 f3-fedora fprintd[21137]: 7213420926: ../libfprint/drivers/goodixtls/goodix55x4.c:1510
out 08 01:45:45.141273 f3-fedora fprintd[21137]: Device reported finger status change: FP_FINGER_STATUS_PRESENT
out 08 01:45:45.141291 f3-fedora fprintd[21137]: Finger present 1
out 08 01:45:45.141300 f3-fedora fprintd[21137]: Finger needed 0
out 08 01:45:45.141305 f3-fedora fprintd[21137]: [goodixtls55x4] SCAN_STAGE_NUM entering state 4
out 08 01:45:45.141312 f3-fedora fprintd[21137]: Running command: 0x34
out 08 01:45:45.146559 f3-fedora fprintd[21137]: Got protocol msg
out 08 01:45:45.146570 f3-fedora fprintd[21137]: got ack
out 08 01:45:45.146645 f3-fedora fprintd[21137]: sigfm extract completed in 0,005361 secs
out 08 01:45:45.146683 f3-fedora fprintd[21137]: Device reported enroll progress, reported 12 of 40 have been completed
out 08 01:45:45.146690 f3-fedora fprintd[21137]: enroll_stage_cb: result enroll-stage-passed
out 08 01:45:45.505036 f3-fedora fprintd[21137]: Got protocol msg
out 08 01:45:45.505463 f3-fedora fprintd[21137]: Finger up
out 08 01:45:45.505081 f3-fedora fprintd[21137]: Completed command: 0x34
out 08 01:45:45.755593 f3-fedora fprintd[21137]: [goodixtls55x4] SCAN_STAGE_NUM entering state 6
out 08 01:45:45.755620 f3-fedora fprintd[21137]: [goodixtls55x4] SCAN_STAGE_NUM completed successfully
out 08 01:45:45.755661 f3-fedora fprintd[21137]: finished scan
out 08 01:45:45.755693 f3-fedora fprintd[21137]: Device reported finger status change: FP_FINGER_STATUS_NONE
out 08 01:45:45.755767 f3-fedora fprintd[21137]: Finger present 0
out 08 01:45:45.755788 f3-fedora fprintd[21137]: Finger needed 0
out 08 01:45:45.755803 f3-fedora fprintd[21137]: Image device reported finger status: off
out 08 01:45:45.755821 f3-fedora fprintd[21137]: Image device internal state change from FPI_IMAGE_DEVICE_STATE_AWAIT_FINGER_OFF to FPI_IMAGE_DEVICE_STATE_IDLE
out 08 01:45:45.755853 f3-fedora fprintd[21137]: 7214035496: ../libfprint/drivers/goodixtls/goodix55x4.c:1510
out 08 01:45:45.755879 f3-fedora fprintd[21137]: Image device internal state change from FPI_IMAGE_DEVICE_STATE_IDLE to FPI_IMAGE_DEVICE_STATE_AWAIT_FINGER_ON
out 08 01:45:45.755906 f3-fedora fprintd[21137]: 7214035552: ../libfprint/drivers/goodixtls/goodix55x4.c:1510
out 08 01:45:45.755932 f3-fedora fprintd[21137]: [goodixtls55x4] SCAN_STAGE_NUM entering state 0
out 08 01:45:45.755961 f3-fedora fprintd[21137]: Running command: 0x36
out 08 01:45:45.756400 f3-fedora fprintd[21137]: Device reported finger status change: FP_FINGER_STATUS_NEEDED
out 08 01:45:45.756468 f3-fedora fprintd[21137]: Finger present 0
out 08 01:45:45.756530 f3-fedora fprintd[21137]: Finger needed 1
out 08 01:45:45.759435 f3-fedora fprintd[21137]: Got protocol msg
out 08 01:45:45.759461 f3-fedora fprintd[21137]: got ack
out 08 01:45:45.778205 f3-fedora fprintd[21137]: Got protocol msg
out 08 01:45:45.778244 f3-fedora fprintd[21137]: Completed command: 0x36
out 08 01:45:45.778733 f3-fedora fprintd[21137]: finished scan!FDT base 4461 (reference 4468): 18a 197 161 133 194 1a5 17d 145 187 198 16e 130
out 08 01:45:45.778306 f3-fedora fprintd[21137]: [goodixtls55x4] SCAN_STAGE_NUM entering state 1
out 08 01:45:45.778322 f3-fedora fprintd[21137]: Running command: 0x20
out 08 01:45:45.782269 f3-fedora fprintd[21137]: Got protocol msg
out 08 01:45:45.782293 f3-fedora fprintd[21137]: got ack
out 08 01:45:45.819594 f3-fedora fprintd[21137]: Got TLS data msg
out 08 01:45:45.819648 f3-fedora fprintd[21137]: Completed command: 0x20
out 08 01:45:45.820112 f3-fedora fprintd[21137]: Waiting for finger down
out 08 01:45:45.819984 f3-fedora fprintd[21137]: [goodixtls55x4] SCAN_STAGE_NUM entering state 2
out 08 01:45:45.820025 f3-fedora fprintd[21137]: Running command: 0x32
out 08 01:45:45.824145 f3-fedora fprintd[21137]: Got protocol msg
out 08 01:45:45.824168 f3-fedora fprintd[21137]: got ack
out 08 01:45:46.021587 f3-fedora fprintd[21137]: Got protocol msg
out 08 01:45:46.022274 f3-fedora fprintd[21137]: Finger down (touch flag 0xfff, 201 ms after arming)
out 08 01:45:46.021629 f3-fedora fprintd[21137]: Completed command: 0x32
out 08 01:45:46.021683 f3-fedora fprintd[21137]: [goodixtls55x4] SCAN_STAGE_NUM entering state 3
out 08 01:45:46.021713 f3-fedora fprintd[21137]: Device reported finger status change: FP_FINGER_STATUS_NEEDED | FP_FINGER_STATUS_PRESENT
out 08 01:45:46.021797 f3-fedora fprintd[21137]: Finger present 1
out 08 01:45:46.021817 f3-fedora fprintd[21137]: Finger needed 1
out 08 01:45:46.021834 f3-fedora fprintd[21137]: Image device reported finger status: on
out 08 01:45:46.021855 f3-fedora fprintd[21137]: Image device internal state change from FPI_IMAGE_DEVICE_STATE_AWAIT_FINGER_ON to FPI_IMAGE_DEVICE_STATE_CAPTURE
out 08 01:45:46.021885 f3-fedora fprintd[21137]: 7214301532: ../libfprint/drivers/goodixtls/goodix55x4.c:1510
out 08 01:45:46.021904 f3-fedora fprintd[21137]: Running command: 0x20
out 08 01:45:46.025168 f3-fedora fprintd[21137]: Got protocol msg
out 08 01:45:46.025192 f3-fedora fprintd[21137]: got ack
out 08 01:45:46.061669 f3-fedora fprintd[21137]: Got TLS data msg
out 08 01:45:46.061681 f3-fedora fprintd[21137]: Completed command: 0x20
out 08 01:45:46.076412 f3-fedora fprintd[21137]: Touch image ridge score 37,2 (gate 12), valley depth 0,238 (gate 0,18), coherence 0,56, FDT base 4461, contact 67%, ridge in contact 37,6, touch flag 0xfff -> used
out 08 01:45:46.076382 f3-fedora fprintd[21137]: Image device captured an image
out 08 01:45:46.076523 f3-fedora fprintd[21137]: Waiting for finger up
out 08 01:45:46.076401 f3-fedora fprintd[21137]: Image device internal state change from FPI_IMAGE_DEVICE_STATE_CAPTURE to FPI_IMAGE_DEVICE_STATE_AWAIT_FINGER_OFF
out 08 01:45:46.076410 f3-fedora fprintd[21137]: 7214356070: ../libfprint/drivers/goodixtls/goodix55x4.c:1510
out 08 01:45:46.076415 f3-fedora fprintd[21137]: Device reported finger status change: FP_FINGER_STATUS_PRESENT
out 08 01:45:46.076428 f3-fedora fprintd[21137]: Finger present 1
out 08 01:45:46.076436 f3-fedora fprintd[21137]: Finger needed 0
out 08 01:45:46.076440 f3-fedora fprintd[21137]: [goodixtls55x4] SCAN_STAGE_NUM entering state 4
out 08 01:45:46.076446 f3-fedora fprintd[21137]: Running command: 0x34
out 08 01:45:46.081147 f3-fedora fprintd[21137]: Got protocol msg
out 08 01:45:46.081158 f3-fedora fprintd[21137]: got ack
out 08 01:45:46.081550 f3-fedora fprintd[21137]: sigfm extract completed in 0,005089 secs
out 08 01:45:46.081596 f3-fedora fprintd[21137]: Device reported enroll progress, reported 13 of 40 have been completed
out 08 01:45:46.081603 f3-fedora fprintd[21137]: enroll_stage_cb: result enroll-stage-passed
out 08 01:45:46.440952 f3-fedora fprintd[21137]: Got protocol msg
out 08 01:45:46.443022 f3-fedora fprintd[21137]: Finger up
out 08 01:45:46.440995 f3-fedora fprintd[21137]: Completed command: 0x34
out 08 01:45:46.691530 f3-fedora fprintd[21137]: [goodixtls55x4] SCAN_STAGE_NUM entering state 6
out 08 01:45:46.691555 f3-fedora fprintd[21137]: [goodixtls55x4] SCAN_STAGE_NUM completed successfully
out 08 01:45:46.691593 f3-fedora fprintd[21137]: finished scan
out 08 01:45:46.691624 f3-fedora fprintd[21137]: Device reported finger status change: FP_FINGER_STATUS_NONE
out 08 01:45:46.691701 f3-fedora fprintd[21137]: Finger present 0
out 08 01:45:46.691721 f3-fedora fprintd[21137]: Finger needed 0
out 08 01:45:46.691737 f3-fedora fprintd[21137]: Image device reported finger status: off
out 08 01:45:46.691758 f3-fedora fprintd[21137]: Image device internal state change from FPI_IMAGE_DEVICE_STATE_AWAIT_FINGER_OFF to FPI_IMAGE_DEVICE_STATE_IDLE
out 08 01:45:46.691800 f3-fedora fprintd[21137]: 7214971437: ../libfprint/drivers/goodixtls/goodix55x4.c:1510
out 08 01:45:46.691829 f3-fedora fprintd[21137]: Image device internal state change from FPI_IMAGE_DEVICE_STATE_IDLE to FPI_IMAGE_DEVICE_STATE_AWAIT_FINGER_ON
out 08 01:45:46.691862 f3-fedora fprintd[21137]: 7214971503: ../libfprint/drivers/goodixtls/goodix55x4.c:1510
out 08 01:45:46.691887 f3-fedora fprintd[21137]: [goodixtls55x4] SCAN_STAGE_NUM entering state 0
out 08 01:45:46.691913 f3-fedora fprintd[21137]: Running command: 0x36
out 08 01:45:46.692382 f3-fedora fprintd[21137]: Device reported finger status change: FP_FINGER_STATUS_NEEDED
out 08 01:45:46.692455 f3-fedora fprintd[21137]: Finger present 0
out 08 01:45:46.692494 f3-fedora fprintd[21137]: Finger needed 1
out 08 01:45:46.696403 f3-fedora fprintd[21137]: Got protocol msg
out 08 01:45:46.696428 f3-fedora fprintd[21137]: got ack
out 08 01:45:46.714377 f3-fedora fprintd[21137]: Got protocol msg
out 08 01:45:46.714760 f3-fedora fprintd[21137]: finished scan!FDT base 3647 (reference 4468) low: 156 159 f1 100 14b 173 14c fa 145 13f 11e f9
out 08 01:45:46.714415 f3-fedora fprintd[21137]: Completed command: 0x36
out 08 01:45:46.964976 f3-fedora fprintd[21137]: [goodixtls55x4] SCAN_STAGE_NUM entering state 0
out 08 01:45:46.965010 f3-fedora fprintd[21137]: Running command: 0x36
out 08 01:45:46.968502 f3-fedora fprintd[21137]: Got protocol msg
out 08 01:45:46.968527 f3-fedora fprintd[21137]: got ack
out 08 01:45:46.986502 f3-fedora fprintd[21137]: Got protocol msg
out 08 01:45:46.986633 f3-fedora fprintd[21137]: FDT base 3597 (reference 4468) low: 13d 158 f0 fe 14c 171 14a f6 142 13b 11a f6
out 08 01:45:46.986518 f3-fedora fprintd[21137]: Completed command: 0x36
out 08 01:45:47.237393 f3-fedora fprintd[21137]: [goodixtls55x4] SCAN_STAGE_NUM entering state 0
out 08 01:45:47.237433 f3-fedora fprintd[21137]: Running command: 0x36
out 08 01:45:47.241026 f3-fedora fprintd[21137]: Got protocol msg
out 08 01:45:47.241054 f3-fedora fprintd[21137]: got ack
out 08 01:45:47.259923 f3-fedora fprintd[21137]: Got protocol msg
out 08 01:45:47.259967 f3-fedora fprintd[21137]: Completed command: 0x36
out 08 01:45:47.260583 f3-fedora fprintd[21137]: FDT base 3603 (reference 4468) low: 157 162 119 e3 157 176 144 e1 122 145 127 de
out 08 01:45:47.510535 f3-fedora fprintd[21137]: [goodixtls55x4] SCAN_STAGE_NUM entering state 0
out 08 01:45:47.510563 f3-fedora fprintd[21137]: Running command: 0x36
out 08 01:45:47.513989 f3-fedora fprintd[21137]: Got protocol msg
out 08 01:45:47.514013 f3-fedora fprintd[21137]: got ack
out 08 01:45:47.532481 f3-fedora fprintd[21137]: Got protocol msg
out 08 01:45:47.532943 f3-fedora fprintd[21137]: FDT base 3440 (reference 4468) finger on sensor: 129 15e 10c d6 145 170 13c d8 115 13a 11b d4
out 08 01:45:47.532523 f3-fedora fprintd[21137]: Completed command: 0x36
out 08 01:45:47.783455 f3-fedora fprintd[21137]: [goodixtls55x4] SCAN_STAGE_NUM entering state 0
out 08 01:45:47.783490 f3-fedora fprintd[21137]: Running command: 0x36
out 08 01:45:47.787960 f3-fedora fprintd[21137]: Got protocol msg
out 08 01:45:47.787987 f3-fedora fprintd[21137]: got ack
out 08 01:45:47.806487 f3-fedora fprintd[21137]: Got protocol msg
out 08 01:45:47.806545 f3-fedora fprintd[21137]: Completed command: 0x36
out 08 01:45:47.807080 f3-fedora fprintd[21137]: FDT base 4466 (reference 4468) rising: 18b 197 162 134 194 1a5 17d 145 188 198 16e 131
out 08 01:45:48.057483 f3-fedora fprintd[21137]: [goodixtls55x4] SCAN_STAGE_NUM entering state 0
out 08 01:45:48.057517 f3-fedora fprintd[21137]: Running command: 0x36
out 08 01:45:48.062078 f3-fedora fprintd[21137]: Got protocol msg
out 08 01:45:48.062108 f3-fedora fprintd[21137]: got ack
out 08 01:45:48.080143 f3-fedora fprintd[21137]: Got protocol msg
out 08 01:45:48.080600 f3-fedora fprintd[21137]: FDT base 3629 (reference 4468) low: 119 141 106 130 14f 148 123 13f 134 13d 109 12a
out 08 01:45:48.080187 f3-fedora fprintd[21137]: Completed command: 0x36
out 08 01:45:48.330575 f3-fedora fprintd[21137]: [goodixtls55x4] SCAN_STAGE_NUM entering state 0
out 08 01:45:48.330629 f3-fedora fprintd[21137]: Running command: 0x36
out 08 01:45:48.334219 f3-fedora fprintd[21137]: Got protocol msg
out 08 01:45:48.334252 f3-fedora fprintd[21137]: got ack
out 08 01:45:48.352747 f3-fedora fprintd[21137]: Got protocol msg
out 08 01:45:48.353135 f3-fedora fprintd[21137]: FDT base 4466 (reference 4468) rising: 18b 197 162 134 194 1a6 17d 144 188 198 16e 131
out 08 01:45:48.352781 f3-fedora fprintd[21137]: Completed command: 0x36
out 08 01:45:48.603650 f3-fedora fprintd[21137]: [goodixtls55x4] SCAN_STAGE_NUM entering state 0
out 08 01:45:48.603684 f3-fedora fprintd[21137]: Running command: 0x36
out 08 01:45:48.607806 f3-fedora fprintd[21137]: Got protocol msg
out 08 01:45:48.607831 f3-fedora fprintd[21137]: got ack
out 08 01:45:48.626285 f3-fedora fprintd[21137]: Got protocol msg
out 08 01:45:48.626331 f3-fedora fprintd[21137]: Completed command: 0x36
out 08 01:45:48.626912 f3-fedora fprintd[21137]: FDT base 3331 (reference 4468) finger on sensor: 142 144 100 c2 147 154 115 cf 12f 13a 113 c0
out 08 01:45:48.877286 f3-fedora fprintd[21137]: [goodixtls55x4] SCAN_STAGE_NUM entering state 0
out 08 01:45:48.877334 f3-fedora fprintd[21137]: Running command: 0x36
out 08 01:45:48.880856 f3-fedora fprintd[21137]: Got protocol msg
out 08 01:45:48.880884 f3-fedora fprintd[21137]: got ack
out 08 01:45:48.899754 f3-fedora fprintd[21137]: Got protocol msg
out 08 01:45:48.900111 f3-fedora fprintd[21137]: FDT base 4466 (reference 4468) rising: 18b 197 162 134 194 1a6 17d 144 188 198 16e 131
out 08 01:45:48.899790 f3-fedora fprintd[21137]: Completed command: 0x36
out 08 01:45:49.150330 f3-fedora fprintd[21137]: [goodixtls55x4] SCAN_STAGE_NUM entering state 0
out 08 01:45:49.150407 f3-fedora fprintd[21137]: Running command: 0x36
out 08 01:45:49.153992 f3-fedora fprintd[21137]: Got protocol msg
out 08 01:45:49.154016 f3-fedora fprintd[21137]: got ack
out 08 01:45:49.172781 f3-fedora fprintd[21137]: Got protocol msg
out 08 01:45:49.173262 f3-fedora fprintd[21137]: FDT base 3901 (reference 4468) low: 18a 189 12a 101 193 17e 13a ea 186 15b 10c dd
out 08 01:45:49.172824 f3-fedora fprintd[21137]: Completed command: 0x36
out 08 01:45:49.423634 f3-fedora fprintd[21137]: [goodixtls55x4] SCAN_STAGE_NUM entering state 0
out 08 01:45:49.423657 f3-fedora fprintd[21137]: Running command: 0x36
out 08 01:45:49.427736 f3-fedora fprintd[21137]: Got protocol msg
out 08 01:45:49.427763 f3-fedora fprintd[21137]: got ack
out 08 01:45:49.446068 f3-fedora fprintd[21137]: Got protocol msg
out 08 01:45:49.446124 f3-fedora fprintd[21137]: Completed command: 0x36
out 08 01:45:49.446692 f3-fedora fprintd[21137]: FDT base 3560 (reference 4468) finger on sensor: 159 136 f1 120 160 15c 12d f4 12a 149 121 d7
out 08 01:45:49.697018 f3-fedora fprintd[21137]: [goodixtls55x4] SCAN_STAGE_NUM entering state 0
out 08 01:45:49.697063 f3-fedora fprintd[21137]: Running command: 0x36
out 08 01:45:49.700954 f3-fedora fprintd[21137]: Got protocol msg
out 08 01:45:49.700984 f3-fedora fprintd[21137]: got ack
out 08 01:45:49.719527 f3-fedora fprintd[21137]: Got protocol msg
out 08 01:45:49.719982 f3-fedora fprintd[21137]: FDT base 3401 (reference 4468) finger on sensor: 14b 125 f0 ce 163 14b 12a ec 125 143 11b d4
out 08 01:45:49.719568 f3-fedora fprintd[21137]: Completed command: 0x36
out 08 01:45:49.970518 f3-fedora fprintd[21137]: [goodixtls55x4] SCAN_STAGE_NUM entering state 0
out 08 01:45:49.970559 f3-fedora fprintd[21137]: Running command: 0x36
out 08 01:45:49.974113 f3-fedora fprintd[21137]: Got protocol msg
out 08 01:45:49.974141 f3-fedora fprintd[21137]: got ack
out 08 01:45:49.993189 f3-fedora fprintd[21137]: Got protocol msg
out 08 01:45:49.993711 f3-fedora fprintd[21137]: FDT base 3369 (reference 4468) finger on sensor: 130 130 118 d6 14a 146 139 e1 129 129 107 d8
out 08 01:45:49.993231 f3-fedora fprintd[21137]: Completed command: 0x36
out 08 01:45:50.244098 f3-fedora fprintd[21137]: [goodixtls55x4] SCAN_STAGE_NUM entering state 0
out 08 01:45:50.244133 f3-fedora fprintd[21137]: Running command: 0x36
out 08 01:45:50.247782 f3-fedora fprintd[21137]: Got protocol msg
out 08 01:45:50.247807 f3-fedora fprintd[21137]: got ack
out 08 01:45:50.266692 f3-fedora fprintd[21137]: Got protocol msg
out 08 01:45:50.267161 f3-fedora fprintd[21137]: FDT base 3335 (reference 4468) finger on sensor: 12e 12e 117 d4 147 142 137 de 124 126 103 d5
out 08 01:45:50.267161 f3-fedora fprintd[21137]: Finger still on the sensor, asking to remove it
out 08 01:45:50.266746 f3-fedora fprintd[21137]: Completed command: 0x36
out 08 01:45:50.266827 f3-fedora fprintd[21137]: Device reported finger status change: FP_FINGER_STATUS_NEEDED | FP_FINGER_STATUS_PRESENT
out 08 01:45:50.266910 f3-fedora fprintd[21137]: Finger present 1
out 08 01:45:50.266934 f3-fedora fprintd[21137]: Finger needed 1
out 08 01:45:50.266951 f3-fedora fprintd[21137]: Image device reported finger status: on
out 08 01:45:50.266971 f3-fedora fprintd[21137]: Image device internal state change from FPI_IMAGE_DEVICE_STATE_AWAIT_FINGER_ON to FPI_IMAGE_DEVICE_STATE_CAPTURE
out 08 01:45:50.267002 f3-fedora fprintd[21137]: 7218546648: ../libfprint/drivers/goodixtls/goodix55x4.c:1510
out 08 01:45:50.267027 f3-fedora fprintd[21137]: Reporting retry during enroll
out 08 01:45:50.267044 f3-fedora fprintd[21137]: Device reported enroll progress, reported 13 of 40 have been completed
out 08 01:45:50.267061 f3-fedora fprintd[21137]: enroll_stage_cb: result enroll-remove-and-retry
out 08 01:45:50.267256 f3-fedora fprintd[21137]: Image device internal state change from FPI_IMAGE_DEVICE_STATE_CAPTURE to FPI_IMAGE_DEVICE_STATE_AWAIT_FINGER_OFF
out 08 01:45:50.267301 f3-fedora fprintd[21137]: 7218546937: ../libfprint/drivers/goodixtls/goodix55x4.c:1510
out 08 01:45:50.267331 f3-fedora fprintd[21137]: Device reported finger status change: FP_FINGER_STATUS_PRESENT
out 08 01:45:50.267445 f3-fedora fprintd[21137]: Finger present 1
out 08 01:45:50.267488 f3-fedora fprintd[21137]: Finger needed 0
out 08 01:45:50.267525 f3-fedora fprintd[21137]: [goodixtls55x4] SCAN_STAGE_NUM entering state 5
out 08 01:45:50.267557 f3-fedora fprintd[21137]: Running command: 0x36
out 08 01:45:50.271192 f3-fedora fprintd[21137]: Got protocol msg
out 08 01:45:50.271218 f3-fedora fprintd[21137]: got ack
out 08 01:45:50.289421 f3-fedora fprintd[21137]: Got protocol msg
out 08 01:45:50.289462 f3-fedora fprintd[21137]: Completed command: 0x36
out 08 01:45:50.540250 f3-fedora fprintd[21137]: [goodixtls55x4] SCAN_STAGE_NUM entering state 5
out 08 01:45:50.540277 f3-fedora fprintd[21137]: Running command: 0x36
out 08 01:45:50.544465 f3-fedora fprintd[21137]: Got protocol msg
out 08 01:45:50.544488 f3-fedora fprintd[21137]: got ack
out 08 01:45:50.562503 f3-fedora fprintd[21137]: Got protocol msg
out 08 01:45:50.562547 f3-fedora fprintd[21137]: Completed command: 0x36
out 08 01:45:50.813142 f3-fedora fprintd[21137]: [goodixtls55x4] SCAN_STAGE_NUM entering state 5
out 08 01:45:50.813177 f3-fedora fprintd[21137]: Running command: 0x36
out 08 01:45:50.816834 f3-fedora fprintd[21137]: Got protocol msg
out 08 01:45:50.816859 f3-fedora fprintd[21137]: got ack
out 08 01:45:50.835547 f3-fedora fprintd[21137]: Got protocol msg
out 08 01:45:50.836019 f3-fedora fprintd[21137]: Finger lifted (FDT base 4465)
out 08 01:45:50.835605 f3-fedora fprintd[21137]: Completed command: 0x36
out 08 01:45:51.086140 f3-fedora fprintd[21137]: [goodixtls55x4] SCAN_STAGE_NUM entering state 6
out 08 01:45:51.086171 f3-fedora fprintd[21137]: [goodixtls55x4] SCAN_STAGE_NUM completed successfully
out 08 01:45:51.086219 f3-fedora fprintd[21137]: finished scan
out 08 01:45:51.086256 f3-fedora fprintd[21137]: Device reported finger status change: FP_FINGER_STATUS_NONE
out 08 01:45:51.086383 f3-fedora fprintd[21137]: Finger present 0
out 08 01:45:51.086413 f3-fedora fprintd[21137]: Finger needed 0
out 08 01:45:51.086443 f3-fedora fprintd[21137]: Image device reported finger status: off
out 08 01:45:51.086482 f3-fedora fprintd[21137]: Image device internal state change from FPI_IMAGE_DEVICE_STATE_AWAIT_FINGER_OFF to FPI_IMAGE_DEVICE_STATE_IDLE
out 08 01:45:51.086537 f3-fedora fprintd[21137]: 7219366169: ../libfprint/drivers/goodixtls/goodix55x4.c:1510
out 08 01:45:51.086572 f3-fedora fprintd[21137]: Image device internal state change from FPI_IMAGE_DEVICE_STATE_IDLE to FPI_IMAGE_DEVICE_STATE_AWAIT_FINGER_ON
out 08 01:45:51.086615 f3-fedora fprintd[21137]: 7219366248: ../libfprint/drivers/goodixtls/goodix55x4.c:1510
out 08 01:45:51.086652 f3-fedora fprintd[21137]: [goodixtls55x4] SCAN_STAGE_NUM entering state 0
out 08 01:45:51.086685 f3-fedora fprintd[21137]: Running command: 0x36
out 08 01:45:51.087160 f3-fedora fprintd[21137]: Device reported finger status change: FP_FINGER_STATUS_NEEDED
out 08 01:45:51.087227 f3-fedora fprintd[21137]: Finger present 0
out 08 01:45:51.087284 f3-fedora fprintd[21137]: Finger needed 1
out 08 01:45:51.090223 f3-fedora fprintd[21137]: Got protocol msg
out 08 01:45:51.090257 f3-fedora fprintd[21137]: got ack
out 08 01:45:51.108756 f3-fedora fprintd[21137]: Got protocol msg
out 08 01:45:51.109010 f3-fedora fprintd[21137]: finished scan!FDT base 4465 (reference 4468): 18b 197 162 134 194 1a5 17d 145 188 198 16e 130
out 08 01:45:51.108774 f3-fedora fprintd[21137]: Completed command: 0x36
out 08 01:45:51.108806 f3-fedora fprintd[21137]: [goodixtls55x4] SCAN_STAGE_NUM entering state 1
out 08 01:45:51.108814 f3-fedora fprintd[21137]: Running command: 0x20
out 08 01:45:51.112451 f3-fedora fprintd[21137]: Got protocol msg
out 08 01:45:51.112466 f3-fedora fprintd[21137]: got ack
out 08 01:45:51.150026 f3-fedora fprintd[21137]: Got TLS data msg
out 08 01:45:51.150079 f3-fedora fprintd[21137]: Completed command: 0x20
out 08 01:45:51.150535 f3-fedora fprintd[21137]: [goodixtls55x4] SCAN_STAGE_NUM entering state 2
out 08 01:45:51.150955 f3-fedora fprintd[21137]: Waiting for finger down
out 08 01:45:51.150584 f3-fedora fprintd[21137]: Running command: 0x32
out 08 01:45:51.154671 f3-fedora fprintd[21137]: Got protocol msg
out 08 01:45:51.154695 f3-fedora fprintd[21137]: got ack
out 08 01:45:52.612717 f3-fedora fprintd[21137]: Got protocol msg
out 08 01:45:52.613220 f3-fedora fprintd[21137]: Finger down (touch flag 0xffb, 1462 ms after arming)
out 08 01:45:52.612737 f3-fedora fprintd[21137]: Completed command: 0x32
out 08 01:45:52.612755 f3-fedora fprintd[21137]: [goodixtls55x4] SCAN_STAGE_NUM entering state 3
out 08 01:45:52.612764 f3-fedora fprintd[21137]: Device reported finger status change: FP_FINGER_STATUS_NEEDED | FP_FINGER_STATUS_PRESENT
out 08 01:45:52.612791 f3-fedora fprintd[21137]: Finger present 1
out 08 01:45:52.612798 f3-fedora fprintd[21137]: Finger needed 1
out 08 01:45:52.612803 f3-fedora fprintd[21137]: Image device reported finger status: on
out 08 01:45:52.612810 f3-fedora fprintd[21137]: Image device internal state change from FPI_IMAGE_DEVICE_STATE_AWAIT_FINGER_ON to FPI_IMAGE_DEVICE_STATE_CAPTURE
out 08 01:45:52.612820 f3-fedora fprintd[21137]: 7220892479: ../libfprint/drivers/goodixtls/goodix55x4.c:1510
out 08 01:45:52.612825 f3-fedora fprintd[21137]: Running command: 0x20
out 08 01:45:52.615935 f3-fedora fprintd[21137]: Got protocol msg
out 08 01:45:52.615941 f3-fedora fprintd[21137]: got ack
out 08 01:45:52.654096 f3-fedora fprintd[21137]: Got TLS data msg
out 08 01:45:52.654116 f3-fedora fprintd[21137]: Completed command: 0x20
out 08 01:45:52.682185 f3-fedora fprintd[21137]: Touch image ridge score 38,8 (gate 12), valley depth 0,292 (gate 0,18), coherence 0,56, FDT base 4465, contact 26%, ridge in contact 42,8, touch flag 0xffb -> used
out 08 01:45:52.682146 f3-fedora fprintd[21137]: Image device captured an image
out 08 01:45:52.682399 f3-fedora fprintd[21137]: Waiting for finger up
out 08 01:45:52.682179 f3-fedora fprintd[21137]: Image device internal state change from FPI_IMAGE_DEVICE_STATE_CAPTURE to FPI_IMAGE_DEVICE_STATE_AWAIT_FINGER_OFF
out 08 01:45:52.682196 f3-fedora fprintd[21137]: 7220961853: ../libfprint/drivers/goodixtls/goodix55x4.c:1510
out 08 01:45:52.682206 f3-fedora fprintd[21137]: Device reported finger status change: FP_FINGER_STATUS_PRESENT
out 08 01:45:52.682227 f3-fedora fprintd[21137]: Finger present 1
out 08 01:45:52.682244 f3-fedora fprintd[21137]: Finger needed 0
out 08 01:45:52.682253 f3-fedora fprintd[21137]: [goodixtls55x4] SCAN_STAGE_NUM entering state 4
out 08 01:45:52.682266 f3-fedora fprintd[21137]: Running command: 0x34
out 08 01:45:52.685686 f3-fedora fprintd[21137]: Got protocol msg
out 08 01:45:52.685701 f3-fedora fprintd[21137]: got ack
out 08 01:45:52.689189 f3-fedora fprintd[21137]: sigfm extract completed in 0,006942 secs
out 08 01:45:52.689333 f3-fedora fprintd[21137]: Device reported enroll progress, reported 14 of 40 have been completed
out 08 01:45:52.689349 f3-fedora fprintd[21137]: enroll_stage_cb: result enroll-stage-passed
out 08 01:45:53.331401 f3-fedora fprintd[21137]: Got protocol msg
out 08 01:45:53.331645 f3-fedora fprintd[21137]: Finger up
out 08 01:45:53.331423 f3-fedora fprintd[21137]: Completed command: 0x34
out 08 01:45:53.581973 f3-fedora fprintd[21137]: [goodixtls55x4] SCAN_STAGE_NUM entering state 6
out 08 01:45:53.582020 f3-fedora fprintd[21137]: [goodixtls55x4] SCAN_STAGE_NUM completed successfully
out 08 01:45:53.582071 f3-fedora fprintd[21137]: finished scan
out 08 01:45:53.582113 f3-fedora fprintd[21137]: Device reported finger status change: FP_FINGER_STATUS_NONE
out 08 01:45:53.582214 f3-fedora fprintd[21137]: Finger present 0
out 08 01:45:53.582239 f3-fedora fprintd[21137]: Finger needed 0
out 08 01:45:53.582263 f3-fedora fprintd[21137]: Image device reported finger status: off
out 08 01:45:53.582301 f3-fedora fprintd[21137]: Image device internal state change from FPI_IMAGE_DEVICE_STATE_AWAIT_FINGER_OFF to FPI_IMAGE_DEVICE_STATE_IDLE
out 08 01:45:53.582398 f3-fedora fprintd[21137]: 7221861986: ../libfprint/drivers/goodixtls/goodix55x4.c:1510
out 08 01:45:53.582451 f3-fedora fprintd[21137]: Image device internal state change from FPI_IMAGE_DEVICE_STATE_IDLE to FPI_IMAGE_DEVICE_STATE_AWAIT_FINGER_ON
out 08 01:45:53.582499 f3-fedora fprintd[21137]: 7221862132: ../libfprint/drivers/goodixtls/goodix55x4.c:1510
out 08 01:45:53.582540 f3-fedora fprintd[21137]: [goodixtls55x4] SCAN_STAGE_NUM entering state 0
out 08 01:45:53.582580 f3-fedora fprintd[21137]: Running command: 0x36
out 08 01:45:53.583079 f3-fedora fprintd[21137]: Device reported finger status change: FP_FINGER_STATUS_NEEDED
out 08 01:45:53.583125 f3-fedora fprintd[21137]: Finger present 0
out 08 01:45:53.583157 f3-fedora fprintd[21137]: Finger needed 1
out 08 01:45:53.586401 f3-fedora fprintd[21137]: Got protocol msg
out 08 01:45:53.586434 f3-fedora fprintd[21137]: got ack
out 08 01:45:53.605053 f3-fedora fprintd[21137]: Got protocol msg
out 08 01:45:53.605330 f3-fedora fprintd[21137]: finished scan!FDT base 4464 (reference 4468): 18a 197 162 134 194 1a6 17d 145 187 198 16e 130
out 08 01:45:53.605073 f3-fedora fprintd[21137]: Completed command: 0x36
out 08 01:45:53.605106 f3-fedora fprintd[21137]: [goodixtls55x4] SCAN_STAGE_NUM entering state 1
out 08 01:45:53.605116 f3-fedora fprintd[21137]: Running command: 0x20
out 08 01:45:53.608766 f3-fedora fprintd[21137]: Got protocol msg
out 08 01:45:53.608779 f3-fedora fprintd[21137]: got ack
out 08 01:45:53.647100 f3-fedora fprintd[21137]: Got TLS data msg
out 08 01:45:53.647166 f3-fedora fprintd[21137]: Completed command: 0x20
out 08 01:45:53.648639 f3-fedora fprintd[21137]: Waiting for finger down
out 08 01:45:53.647618 f3-fedora fprintd[21137]: [goodixtls55x4] SCAN_STAGE_NUM entering state 2
out 08 01:45:53.647664 f3-fedora fprintd[21137]: Running command: 0x32
out 08 01:45:53.651840 f3-fedora fprintd[21137]: Got protocol msg
out 08 01:45:53.651866 f3-fedora fprintd[21137]: got ack
out 08 01:45:54.113870 f3-fedora fprintd[21137]: Got protocol msg
out 08 01:45:54.114237 f3-fedora fprintd[21137]: Finger down (touch flag 0xeee, 466 ms after arming)
out 08 01:45:54.113902 f3-fedora fprintd[21137]: Completed command: 0x32
out 08 01:45:54.113944 f3-fedora fprintd[21137]: [goodixtls55x4] SCAN_STAGE_NUM entering state 3
out 08 01:45:54.113968 f3-fedora fprintd[21137]: Device reported finger status change: FP_FINGER_STATUS_NEEDED | FP_FINGER_STATUS_PRESENT
out 08 01:45:54.114033 f3-fedora fprintd[21137]: Finger present 1
out 08 01:45:54.114049 f3-fedora fprintd[21137]: Finger needed 1
out 08 01:45:54.114061 f3-fedora fprintd[21137]: Image device reported finger status: on
out 08 01:45:54.114078 f3-fedora fprintd[21137]: Image device internal state change from FPI_IMAGE_DEVICE_STATE_AWAIT_FINGER_ON to FPI_IMAGE_DEVICE_STATE_CAPTURE
out 08 01:45:54.114100 f3-fedora fprintd[21137]: 7222393751: ../libfprint/drivers/goodixtls/goodix55x4.c:1510
out 08 01:45:54.114112 f3-fedora fprintd[21137]: Running command: 0x20
out 08 01:45:54.117841 f3-fedora fprintd[21137]: Got protocol msg
out 08 01:45:54.117867 f3-fedora fprintd[21137]: got ack
out 08 01:45:54.154244 f3-fedora fprintd[21137]: Got TLS data msg
out 08 01:45:54.154298 f3-fedora fprintd[21137]: Completed command: 0x20
out 08 01:45:54.175910 f3-fedora fprintd[21137]: Touch image ridge score 37,2 (gate 12), valley depth 0,271 (gate 0,18), coherence 0,48, FDT base 4464, contact 26%, ridge in contact 40,3, touch flag 0xeee -> used
out 08 01:45:54.175879 f3-fedora fprintd[21137]: Image device captured an image
out 08 01:45:54.176017 f3-fedora fprintd[21137]: Waiting for finger up
out 08 01:45:54.175901 f3-fedora fprintd[21137]: Image device internal state change from FPI_IMAGE_DEVICE_STATE_CAPTURE to FPI_IMAGE_DEVICE_STATE_AWAIT_FINGER_OFF
out 08 01:45:54.175911 f3-fedora fprintd[21137]: 7222455571: ../libfprint/drivers/goodixtls/goodix55x4.c:1510
out 08 01:45:54.175917 f3-fedora fprintd[21137]: Device reported finger status change: FP_FINGER_STATUS_PRESENT
out 08 01:45:54.175931 f3-fedora fprintd[21137]: Finger present 1
out 08 01:45:54.175941 f3-fedora fprintd[21137]: Finger needed 0
out 08 01:45:54.175945 f3-fedora fprintd[21137]: [goodixtls55x4] SCAN_STAGE_NUM entering state 4
out 08 01:45:54.175953 f3-fedora fprintd[21137]: Running command: 0x34
out 08 01:45:54.180527 f3-fedora fprintd[21137]: Got protocol msg
out 08 01:45:54.180538 f3-fedora fprintd[21137]: got ack
out 08 01:45:54.180849 f3-fedora fprintd[21137]: sigfm extract completed in 0,004917 secs
out 08 01:45:54.180887 f3-fedora fprintd[21137]: Device reported enroll progress, reported 15 of 40 have been completed
out 08 01:45:54.180893 f3-fedora fprintd[21137]: enroll_stage_cb: result enroll-stage-passed
out 08 01:45:54.620960 f3-fedora fprintd[21137]: Got protocol msg
out 08 01:45:54.621433 f3-fedora fprintd[21137]: Finger up
out 08 01:45:54.621001 f3-fedora fprintd[21137]: Completed command: 0x34
out 08 01:45:54.871864 f3-fedora fprintd[21137]: [goodixtls55x4] SCAN_STAGE_NUM entering state 6
out 08 01:45:54.871894 f3-fedora fprintd[21137]: [goodixtls55x4] SCAN_STAGE_NUM completed successfully
out 08 01:45:54.871934 f3-fedora fprintd[21137]: finished scan
out 08 01:45:54.871963 f3-fedora fprintd[21137]: Device reported finger status change: FP_FINGER_STATUS_NONE
out 08 01:45:54.872039 f3-fedora fprintd[21137]: Finger present 0
out 08 01:45:54.872059 f3-fedora fprintd[21137]: Finger needed 0
out 08 01:45:54.872076 f3-fedora fprintd[21137]: Image device reported finger status: off
out 08 01:45:54.872094 f3-fedora fprintd[21137]: Image device internal state change from FPI_IMAGE_DEVICE_STATE_AWAIT_FINGER_OFF to FPI_IMAGE_DEVICE_STATE_IDLE
out 08 01:45:54.872121 f3-fedora fprintd[21137]: 7223151769: ../libfprint/drivers/goodixtls/goodix55x4.c:1510
out 08 01:45:54.872137 f3-fedora fprintd[21137]: Image device internal state change from FPI_IMAGE_DEVICE_STATE_IDLE to FPI_IMAGE_DEVICE_STATE_AWAIT_FINGER_ON
out 08 01:45:54.872154 f3-fedora fprintd[21137]: 7223151807: ../libfprint/drivers/goodixtls/goodix55x4.c:1510
out 08 01:45:54.872172 f3-fedora fprintd[21137]: [goodixtls55x4] SCAN_STAGE_NUM entering state 0
out 08 01:45:54.872188 f3-fedora fprintd[21137]: Running command: 0x36
out 08 01:45:54.872749 f3-fedora fprintd[21137]: Device reported finger status change: FP_FINGER_STATUS_NEEDED
out 08 01:45:54.872794 f3-fedora fprintd[21137]: Finger present 0
out 08 01:45:54.872822 f3-fedora fprintd[21137]: Finger needed 1
out 08 01:45:54.875772 f3-fedora fprintd[21137]: Got protocol msg
out 08 01:45:54.875793 f3-fedora fprintd[21137]: got ack
out 08 01:45:54.893751 f3-fedora fprintd[21137]: Got protocol msg
out 08 01:45:54.893800 f3-fedora fprintd[21137]: Completed command: 0x36
out 08 01:45:54.894310 f3-fedora fprintd[21137]: finished scan!FDT base 4463 (reference 4468): 18b 197 162 134 194 1a5 17d 144 187 198 16e 130
out 08 01:45:54.893875 f3-fedora fprintd[21137]: [goodixtls55x4] SCAN_STAGE_NUM entering state 1
out 08 01:45:54.893899 f3-fedora fprintd[21137]: Running command: 0x20
out 08 01:45:54.897766 f3-fedora fprintd[21137]: Got protocol msg
out 08 01:45:54.897815 f3-fedora fprintd[21137]: got ack
out 08 01:45:54.934903 f3-fedora fprintd[21137]: Got TLS data msg
out 08 01:45:54.934956 f3-fedora fprintd[21137]: Completed command: 0x20
out 08 01:45:54.935437 f3-fedora fprintd[21137]: [goodixtls55x4] SCAN_STAGE_NUM entering state 2
out 08 01:45:54.935734 f3-fedora fprintd[21137]: Waiting for finger down
out 08 01:45:54.935496 f3-fedora fprintd[21137]: Running command: 0x32
out 08 01:45:54.939471 f3-fedora fprintd[21137]: Got protocol msg
out 08 01:45:54.939500 f3-fedora fprintd[21137]: got ack
out 08 01:45:56.765527 f3-fedora fprintd[21137]: Got protocol msg
out 08 01:45:56.765615 f3-fedora fprintd[21137]: Completed command: 0x32
out 08 01:45:56.767463 f3-fedora fprintd[21137]: Finger down (touch flag 0x373, 1830 ms after arming)
out 08 01:45:56.765703 f3-fedora fprintd[21137]: [goodixtls55x4] SCAN_STAGE_NUM entering state 3
out 08 01:45:56.765751 f3-fedora fprintd[21137]: Device reported finger status change: FP_FINGER_STATUS_NEEDED | FP_FINGER_STATUS_PRESENT
out 08 01:45:56.765868 f3-fedora fprintd[21137]: Finger present 1
out 08 01:45:56.765910 f3-fedora fprintd[21137]: Finger needed 1
out 08 01:45:56.765943 f3-fedora fprintd[21137]: Image device reported finger status: on
out 08 01:45:56.765980 f3-fedora fprintd[21137]: Image device internal state change from FPI_IMAGE_DEVICE_STATE_AWAIT_FINGER_ON to FPI_IMAGE_DEVICE_STATE_CAPTURE
out 08 01:45:56.766030 f3-fedora fprintd[21137]: 7225045664: ../libfprint/drivers/goodixtls/goodix55x4.c:1510
out 08 01:45:56.766065 f3-fedora fprintd[21137]: Running command: 0x20
out 08 01:45:56.769743 f3-fedora fprintd[21137]: Got protocol msg
out 08 01:45:56.769777 f3-fedora fprintd[21137]: got ack
out 08 01:45:56.806742 f3-fedora fprintd[21137]: Got TLS data msg
out 08 01:45:56.806808 f3-fedora fprintd[21137]: Completed command: 0x20
out 08 01:45:56.827697 f3-fedora fprintd[21137]: Touch image ridge score 34,6 (gate 12), valley depth 0,314 (gate 0,18), coherence 0,69, FDT base 4463, contact 20%, ridge in contact 47,7, touch flag 0x373 -> used
out 08 01:45:56.827707 f3-fedora fprintd[21137]: Image device captured an image
out 08 01:45:56.827735 f3-fedora fprintd[21137]: Image device internal state change from FPI_IMAGE_DEVICE_STATE_CAPTURE to FPI_IMAGE_DEVICE_STATE_AWAIT_FINGER_OFF
out 08 01:45:56.827874 f3-fedora fprintd[21137]: Waiting for finger up
out 08 01:45:56.827748 f3-fedora fprintd[21137]: 7225107406: ../libfprint/drivers/goodixtls/goodix55x4.c:1510
out 08 01:45:56.827757 f3-fedora fprintd[21137]: Device reported finger status change: FP_FINGER_STATUS_PRESENT
out 08 01:45:56.827775 f3-fedora fprintd[21137]: Finger present 1
out 08 01:45:56.827791 f3-fedora fprintd[21137]: Finger needed 0
out 08 01:45:56.827799 f3-fedora fprintd[21137]: [goodixtls55x4] SCAN_STAGE_NUM entering state 4
out 08 01:45:56.827810 f3-fedora fprintd[21137]: Running command: 0x34
out 08 01:45:56.832139 f3-fedora fprintd[21137]: sigfm extract completed in 0,004334 secs
out 08 01:45:56.832140 f3-fedora fprintd[21137]: Got protocol msg
out 08 01:45:56.832151 f3-fedora fprintd[21137]: got ack
out 08 01:45:56.832206 f3-fedora fprintd[21137]: Device reported enroll progress, reported 16 of 40 have been completed
out 08 01:45:56.832213 f3-fedora fprintd[21137]: enroll_stage_cb: result enroll-stage-passed
out 08 01:45:57.069507 f3-fedora fprintd[21137]: Got protocol msg
out 08 01:45:57.069757 f3-fedora fprintd[21137]: Finger up
out 08 01:45:57.069524 f3-fedora fprintd[21137]: Completed command: 0x34
out 08 01:45:57.320302 f3-fedora fprintd[21137]: [goodixtls55x4] SCAN_STAGE_NUM entering state 6
out 08 01:45:57.320332 f3-fedora fprintd[21137]: [goodixtls55x4] SCAN_STAGE_NUM completed successfully
out 08 01:45:57.320448 f3-fedora fprintd[21137]: finished scan
out 08 01:45:57.320484 f3-fedora fprintd[21137]: Device reported finger status change: FP_FINGER_STATUS_NONE
out 08 01:45:57.320576 f3-fedora fprintd[21137]: Finger present 0
out 08 01:45:57.320597 f3-fedora fprintd[21137]: Finger needed 0
out 08 01:45:57.320615 f3-fedora fprintd[21137]: Image device reported finger status: off
out 08 01:45:57.320642 f3-fedora fprintd[21137]: Image device internal state change from FPI_IMAGE_DEVICE_STATE_AWAIT_FINGER_OFF to FPI_IMAGE_DEVICE_STATE_IDLE
out 08 01:45:57.320680 f3-fedora fprintd[21137]: 7225600323: ../libfprint/drivers/goodixtls/goodix55x4.c:1510
out 08 01:45:57.320706 f3-fedora fprintd[21137]: Image device internal state change from FPI_IMAGE_DEVICE_STATE_IDLE to FPI_IMAGE_DEVICE_STATE_AWAIT_FINGER_ON
out 08 01:45:57.320730 f3-fedora fprintd[21137]: 7225600377: ../libfprint/drivers/goodixtls/goodix55x4.c:1510
out 08 01:45:57.320751 f3-fedora fprintd[21137]: [goodixtls55x4] SCAN_STAGE_NUM entering state 0
out 08 01:45:57.320775 f3-fedora fprintd[21137]: Running command: 0x36
out 08 01:45:57.321182 f3-fedora fprintd[21137]: Device reported finger status change: FP_FINGER_STATUS_NEEDED
out 08 01:45:57.321259 f3-fedora fprintd[21137]: Finger present 0
out 08 01:45:57.321298 f3-fedora fprintd[21137]: Finger needed 1
out 08 01:45:57.323995 f3-fedora fprintd[21137]: Got protocol msg
out 08 01:45:57.324003 f3-fedora fprintd[21137]: got ack
out 08 01:45:57.342705 f3-fedora fprintd[21137]: Got protocol msg
out 08 01:45:57.343001 f3-fedora fprintd[21137]: finished scan!FDT base 4458 (reference 4468): 18a 197 161 133 194 1a5 17d 144 187 197 16d 130
out 08 01:45:57.342723 f3-fedora fprintd[21137]: Completed command: 0x36
out 08 01:45:57.342751 f3-fedora fprintd[21137]: [goodixtls55x4] SCAN_STAGE_NUM entering state 1
out 08 01:45:57.342785 f3-fedora fprintd[21137]: Running command: 0x20
out 08 01:45:57.346693 f3-fedora fprintd[21137]: Got protocol msg
out 08 01:45:57.346707 f3-fedora fprintd[21137]: got ack
out 08 01:45:57.383530 f3-fedora fprintd[21137]: Got TLS data msg
out 08 01:45:57.383594 f3-fedora fprintd[21137]: Completed command: 0x20
out 08 01:45:57.383986 f3-fedora fprintd[21137]: [goodixtls55x4] SCAN_STAGE_NUM entering state 2
out 08 01:45:57.384323 f3-fedora fprintd[21137]: Waiting for finger down
out 08 01:45:57.384032 f3-fedora fprintd[21137]: Running command: 0x32
out 08 01:45:57.387863 f3-fedora fprintd[21137]: Got protocol msg
out 08 01:45:57.387890 f3-fedora fprintd[21137]: got ack
out 08 01:45:58.033793 f3-fedora fprintd[21137]: Got protocol msg
out 08 01:45:58.035253 f3-fedora fprintd[21137]: Finger down (touch flag 0x773, 649 ms after arming)
out 08 01:45:58.033834 f3-fedora fprintd[21137]: Completed command: 0x32
out 08 01:45:58.033888 f3-fedora fprintd[21137]: [goodixtls55x4] SCAN_STAGE_NUM entering state 3
out 08 01:45:58.033938 f3-fedora fprintd[21137]: Device reported finger status change: FP_FINGER_STATUS_NEEDED | FP_FINGER_STATUS_PRESENT
out 08 01:45:58.034026 f3-fedora fprintd[21137]: Finger present 1
out 08 01:45:58.034048 f3-fedora fprintd[21137]: Finger needed 1
out 08 01:45:58.034065 f3-fedora fprintd[21137]: Image device reported finger status: on
out 08 01:45:58.034085 f3-fedora fprintd[21137]: Image device internal state change from FPI_IMAGE_DEVICE_STATE_AWAIT_FINGER_ON to FPI_IMAGE_DEVICE_STATE_CAPTURE
out 08 01:45:58.034116 f3-fedora fprintd[21137]: 7226313762: ../libfprint/drivers/goodixtls/goodix55x4.c:1510
out 08 01:45:58.034134 f3-fedora fprintd[21137]: Running command: 0x20
out 08 01:45:58.037700 f3-fedora fprintd[21137]: Got protocol msg
out 08 01:45:58.037725 f3-fedora fprintd[21137]: got ack
out 08 01:45:58.075895 f3-fedora fprintd[21137]: Got TLS data msg
out 08 01:45:58.075949 f3-fedora fprintd[21137]: Completed command: 0x20
out 08 01:45:58.096661 f3-fedora fprintd[21137]: Touch image ridge score 34,0 (gate 12), valley depth 0,311 (gate 0,18), coherence 0,72, FDT base 4458, contact 26%, ridge in contact 46,1, touch flag 0x773 -> used
out 08 01:45:58.096631 f3-fedora fprintd[21137]: Image device captured an image
out 08 01:45:58.096792 f3-fedora fprintd[21137]: Waiting for finger up
out 08 01:45:58.096654 f3-fedora fprintd[21137]: Image device internal state change from FPI_IMAGE_DEVICE_STATE_CAPTURE to FPI_IMAGE_DEVICE_STATE_AWAIT_FINGER_OFF
out 08 01:45:58.096666 f3-fedora fprintd[21137]: 7226376325: ../libfprint/drivers/goodixtls/goodix55x4.c:1510
out 08 01:45:58.096672 f3-fedora fprintd[21137]: Device reported finger status change: FP_FINGER_STATUS_PRESENT
out 08 01:45:58.096689 f3-fedora fprintd[21137]: Finger present 1
out 08 01:45:58.096699 f3-fedora fprintd[21137]: Finger needed 0
out 08 01:45:58.096704 f3-fedora fprintd[21137]: [goodixtls55x4] SCAN_STAGE_NUM entering state 4
out 08 01:45:58.096711 f3-fedora fprintd[21137]: Running command: 0x34
out 08 01:45:58.100757 f3-fedora fprintd[21137]: sigfm extract completed in 0,004066 secs
out 08 01:45:58.100791 f3-fedora fprintd[21137]: Got protocol msg
out 08 01:45:58.100796 f3-fedora fprintd[21137]: got ack
out 08 01:45:58.100969 f3-fedora fprintd[21137]: Device reported enroll progress, reported 17 of 40 have been completed
out 08 01:45:58.100976 f3-fedora fprintd[21137]: enroll_stage_cb: result enroll-stage-passed
out 08 01:45:58.521694 f3-fedora fprintd[21137]: Got protocol msg
out 08 01:45:58.521944 f3-fedora fprintd[21137]: Finger up
out 08 01:45:58.521709 f3-fedora fprintd[21137]: Completed command: 0x34
out 08 01:45:58.772562 f3-fedora fprintd[21137]: [goodixtls55x4] SCAN_STAGE_NUM entering state 6
out 08 01:45:58.772592 f3-fedora fprintd[21137]: [goodixtls55x4] SCAN_STAGE_NUM completed successfully
out 08 01:45:58.772641 f3-fedora fprintd[21137]: finished scan
out 08 01:45:58.772676 f3-fedora fprintd[21137]: Device reported finger status change: FP_FINGER_STATUS_NONE
out 08 01:45:58.772769 f3-fedora fprintd[21137]: Finger present 0
out 08 01:45:58.772790 f3-fedora fprintd[21137]: Finger needed 0
out 08 01:45:58.772809 f3-fedora fprintd[21137]: Image device reported finger status: off
out 08 01:45:58.772830 f3-fedora fprintd[21137]: Image device internal state change from FPI_IMAGE_DEVICE_STATE_AWAIT_FINGER_OFF to FPI_IMAGE_DEVICE_STATE_IDLE
out 08 01:45:58.772863 f3-fedora fprintd[21137]: 7227052507: ../libfprint/drivers/goodixtls/goodix55x4.c:1510
out 08 01:45:58.772883 f3-fedora fprintd[21137]: Image device internal state change from FPI_IMAGE_DEVICE_STATE_IDLE to FPI_IMAGE_DEVICE_STATE_AWAIT_FINGER_ON
out 08 01:45:58.772908 f3-fedora fprintd[21137]: 7227052555: ../libfprint/drivers/goodixtls/goodix55x4.c:1510
out 08 01:45:58.772928 f3-fedora fprintd[21137]: [goodixtls55x4] SCAN_STAGE_NUM entering state 0
out 08 01:45:58.772950 f3-fedora fprintd[21137]: Running command: 0x36
out 08 01:45:58.773474 f3-fedora fprintd[21137]: Device reported finger status change: FP_FINGER_STATUS_NEEDED
out 08 01:45:58.773533 f3-fedora fprintd[21137]: Finger present 0
out 08 01:45:58.773594 f3-fedora fprintd[21137]: Finger needed 1
out 08 01:45:58.776511 f3-fedora fprintd[21137]: Got protocol msg
out 08 01:45:58.776545 f3-fedora fprintd[21137]: got ack
out 08 01:45:58.795287 f3-fedora fprintd[21137]: Got protocol msg
out 08 01:45:58.795384 f3-fedora fprintd[21137]: Completed command: 0x36
out 08 01:45:58.796053 f3-fedora fprintd[21137]: finished scan!FDT base 4464 (reference 4468): 18a 197 162 134 194 1a6 17d 144 187 198 16e 131
out 08 01:45:58.795494 f3-fedora fprintd[21137]: [goodixtls55x4] SCAN_STAGE_NUM entering state 1
out 08 01:45:58.795519 f3-fedora fprintd[21137]: Running command: 0x20
out 08 01:45:58.798954 f3-fedora fprintd[21137]: Got protocol msg
out 08 01:45:58.798989 f3-fedora fprintd[21137]: got ack
out 08 01:45:58.836221 f3-fedora fprintd[21137]: Got TLS data msg
out 08 01:45:58.836287 f3-fedora fprintd[21137]: Completed command: 0x20
out 08 01:45:58.836805 f3-fedora fprintd[21137]: [goodixtls55x4] SCAN_STAGE_NUM entering state 2
out 08 01:45:58.837111 f3-fedora fprintd[21137]: Waiting for finger down
out 08 01:45:58.836868 f3-fedora fprintd[21137]: Running command: 0x32
out 08 01:45:58.840427 f3-fedora fprintd[21137]: Got protocol msg
out 08 01:45:58.840476 f3-fedora fprintd[21137]: got ack
out 08 01:46:00.502953 f3-fedora fprintd[21137]: Got protocol msg
out 08 01:46:00.503022 f3-fedora fprintd[21137]: Completed command: 0x32
out 08 01:46:00.504786 f3-fedora fprintd[21137]: Finger down (touch flag 0x776, 1666 ms after arming)
out 08 01:46:00.503099 f3-fedora fprintd[21137]: [goodixtls55x4] SCAN_STAGE_NUM entering state 3
out 08 01:46:00.503139 f3-fedora fprintd[21137]: Device reported finger status change: FP_FINGER_STATUS_NEEDED | FP_FINGER_STATUS_PRESENT
out 08 01:46:00.503244 f3-fedora fprintd[21137]: Finger present 1
out 08 01:46:00.503282 f3-fedora fprintd[21137]: Finger needed 1
out 08 01:46:00.503320 f3-fedora fprintd[21137]: Image device reported finger status: on
out 08 01:46:00.503382 f3-fedora fprintd[21137]: Image device internal state change from FPI_IMAGE_DEVICE_STATE_AWAIT_FINGER_ON to FPI_IMAGE_DEVICE_STATE_CAPTURE
out 08 01:46:00.503434 f3-fedora fprintd[21137]: 7228783067: ../libfprint/drivers/goodixtls/goodix55x4.c:1510
out 08 01:46:00.503464 f3-fedora fprintd[21137]: Running command: 0x20
out 08 01:46:00.506754 f3-fedora fprintd[21137]: Got protocol msg
out 08 01:46:00.506788 f3-fedora fprintd[21137]: got ack
out 08 01:46:00.544515 f3-fedora fprintd[21137]: Got TLS data msg
out 08 01:46:00.544579 f3-fedora fprintd[21137]: Completed command: 0x20
out 08 01:46:00.565037 f3-fedora fprintd[21137]: Touch image ridge score 39,4 (gate 12), valley depth 0,327 (gate 0,18), coherence 0,73, FDT base 4464, contact 22%, ridge in contact 49,3, touch flag 0x776 -> used
out 08 01:46:00.565047 f3-fedora fprintd[21137]: Image device captured an image
out 08 01:46:00.565076 f3-fedora fprintd[21137]: Image device internal state change from FPI_IMAGE_DEVICE_STATE_CAPTURE to FPI_IMAGE_DEVICE_STATE_AWAIT_FINGER_OFF
out 08 01:46:00.565089 f3-fedora fprintd[21137]: 7228844747: ../libfprint/drivers/goodixtls/goodix55x4.c:1510
out 08 01:46:00.565220 f3-fedora fprintd[21137]: Waiting for finger up
out 08 01:46:00.565098 f3-fedora fprintd[21137]: Device reported finger status change: FP_FINGER_STATUS_PRESENT
out 08 01:46:00.565118 f3-fedora fprintd[21137]: Finger present 1
out 08 01:46:00.565133 f3-fedora fprintd[21137]: Finger needed 0
out 08 01:46:00.565140 f3-fedora fprintd[21137]: [goodixtls55x4] SCAN_STAGE_NUM entering state 4
out 08 01:46:00.565152 f3-fedora fprintd[21137]: Running command: 0x34
out 08 01:46:00.569692 f3-fedora fprintd[21137]: Got protocol msg
out 08 01:46:00.569702 f3-fedora fprintd[21137]: got ack
out 08 01:46:00.569789 f3-fedora fprintd[21137]: sigfm extract completed in 0,004654 secs
out 08 01:46:00.569829 f3-fedora fprintd[21137]: Device reported enroll progress, reported 18 of 40 have been completed
out 08 01:46:00.569836 f3-fedora fprintd[21137]: enroll_stage_cb: result enroll-stage-passed
out 08 01:46:00.949870 f3-fedora fprintd[21137]: Got protocol msg
out 08 01:46:00.950430 f3-fedora fprintd[21137]: Finger up
out 08 01:46:00.949921 f3-fedora fprintd[21137]: Completed command: 0x34
out 08 01:46:01.200384 f3-fedora fprintd[21137]: [goodixtls55x4] SCAN_STAGE_NUM entering state 6
out 08 01:46:01.200404 f3-fedora fprintd[21137]: [goodixtls55x4] SCAN_STAGE_NUM completed successfully
out 08 01:46:01.200432 f3-fedora fprintd[21137]: finished scan
out 08 01:46:01.200452 f3-fedora fprintd[21137]: Device reported finger status change: FP_FINGER_STATUS_NONE
out 08 01:46:01.200503 f3-fedora fprintd[21137]: Finger present 0
out 08 01:46:01.200518 f3-fedora fprintd[21137]: Finger needed 0
out 08 01:46:01.200531 f3-fedora fprintd[21137]: Image device reported finger status: off
out 08 01:46:01.200545 f3-fedora fprintd[21137]: Image device internal state change from FPI_IMAGE_DEVICE_STATE_AWAIT_FINGER_OFF to FPI_IMAGE_DEVICE_STATE_IDLE
out 08 01:46:01.200571 f3-fedora fprintd[21137]: 7229480219: ../libfprint/drivers/goodixtls/goodix55x4.c:1510
out 08 01:46:01.200585 f3-fedora fprintd[21137]: Image device internal state change from FPI_IMAGE_DEVICE_STATE_IDLE to FPI_IMAGE_DEVICE_STATE_AWAIT_FINGER_ON
out 08 01:46:01.200600 f3-fedora fprintd[21137]: 7229480254: ../libfprint/drivers/goodixtls/goodix55x4.c:1510
out 08 01:46:01.200612 f3-fedora fprintd[21137]: [goodixtls55x4] SCAN_STAGE_NUM entering state 0
out 08 01:46:01.200624 f3-fedora fprintd[21137]: Running command: 0x36
out 08 01:46:01.200873 f3-fedora fprintd[21137]: Device reported finger status change: FP_FINGER_STATUS_NEEDED
out 08 01:46:01.200908 f3-fedora fprintd[21137]: Finger present 0
out 08 01:46:01.200933 f3-fedora fprintd[21137]: Finger needed 1
out 08 01:46:01.204475 f3-fedora fprintd[21137]: Got protocol msg
out 08 01:46:01.204486 f3-fedora fprintd[21137]: got ack
out 08 01:46:01.222438 f3-fedora fprintd[21137]: Got protocol msg
out 08 01:46:01.222961 f3-fedora fprintd[21137]: finished scan!FDT base 4459 (reference 4468): 18a 197 161 133 193 1a5 17d 144 188 197 16e 130
out 08 01:46:01.222480 f3-fedora fprintd[21137]: Completed command: 0x36
out 08 01:46:01.222553 f3-fedora fprintd[21137]: [goodixtls55x4] SCAN_STAGE_NUM entering state 1
out 08 01:46:01.222569 f3-fedora fprintd[21137]: Running command: 0x20
out 08 01:46:01.226258 f3-fedora fprintd[21137]: Got protocol msg
out 08 01:46:01.226286 f3-fedora fprintd[21137]: got ack
out 08 01:46:01.263532 f3-fedora fprintd[21137]: Got TLS data msg
out 08 01:46:01.263587 f3-fedora fprintd[21137]: Completed command: 0x20
out 08 01:46:01.264077 f3-fedora fprintd[21137]: [goodixtls55x4] SCAN_STAGE_NUM entering state 2
out 08 01:46:01.264127 f3-fedora fprintd[21137]: Running command: 0x32
out 08 01:46:01.264433 f3-fedora fprintd[21137]: Waiting for finger down
out 08 01:46:01.267971 f3-fedora fprintd[21137]: Got protocol msg
out 08 01:46:01.268010 f3-fedora fprintd[21137]: got ack
out 08 01:46:01.669847 f3-fedora fprintd[21137]: Got protocol msg
out 08 01:46:01.669923 f3-fedora fprintd[21137]: Completed command: 0x32
out 08 01:46:01.671793 f3-fedora fprintd[21137]: Finger down (touch flag 0xf77, 405 ms after arming)
out 08 01:46:01.669998 f3-fedora fprintd[21137]: [goodixtls55x4] SCAN_STAGE_NUM entering state 3
out 08 01:46:01.670039 f3-fedora fprintd[21137]: Device reported finger status change: FP_FINGER_STATUS_NEEDED | FP_FINGER_STATUS_PRESENT
out 08 01:46:01.670149 f3-fedora fprintd[21137]: Finger present 1
out 08 01:46:01.670189 f3-fedora fprintd[21137]: Finger needed 1
out 08 01:46:01.670220 f3-fedora fprintd[21137]: Image device reported finger status: on
out 08 01:46:01.670250 f3-fedora fprintd[21137]: Image device internal state change from FPI_IMAGE_DEVICE_STATE_AWAIT_FINGER_ON to FPI_IMAGE_DEVICE_STATE_CAPTURE
out 08 01:46:01.670296 f3-fedora fprintd[21137]: 7229949932: ../libfprint/drivers/goodixtls/goodix55x4.c:1510
out 08 01:46:01.670324 f3-fedora fprintd[21137]: Running command: 0x20
out 08 01:46:01.673745 f3-fedora fprintd[21137]: Got protocol msg
out 08 01:46:01.673776 f3-fedora fprintd[21137]: got ack
out 08 01:46:01.711668 f3-fedora fprintd[21137]: Got TLS data msg
out 08 01:46:01.711736 f3-fedora fprintd[21137]: Completed command: 0x20
out 08 01:46:01.733170 f3-fedora fprintd[21137]: Touch image ridge score 38,5 (gate 12), valley depth 0,302 (gate 0,18), coherence 0,58, FDT base 4459, contact 31%, ridge in contact 43,6, touch flag 0xf77 -> used
out 08 01:46:01.733229 f3-fedora fprintd[21137]: Image device captured an image
out 08 01:46:01.733259 f3-fedora fprintd[21137]: Image device internal state change from FPI_IMAGE_DEVICE_STATE_CAPTURE to FPI_IMAGE_DEVICE_STATE_AWAIT_FINGER_OFF
out 08 01:46:01.733274 f3-fedora fprintd[21137]: 7230012931: ../libfprint/drivers/goodixtls/goodix55x4.c:1510
out 08 01:46:01.733282 f3-fedora fprintd[21137]: Device reported finger status change: FP_FINGER_STATUS_PRESENT
out 08 01:46:01.733429 f3-fedora fprintd[21137]: Waiting for finger up
out 08 01:46:01.733302 f3-fedora fprintd[21137]: Finger present 1
out 08 01:46:01.733319 f3-fedora fprintd[21137]: Finger needed 0
out 08 01:46:01.733326 f3-fedora fprintd[21137]: [goodixtls55x4] SCAN_STAGE_NUM entering state 4
out 08 01:46:01.733344 f3-fedora fprintd[21137]: Running command: 0x34
out 08 01:46:01.737847 f3-fedora fprintd[21137]: Got protocol msg
out 08 01:46:01.737857 f3-fedora fprintd[21137]: got ack
out 08 01:46:01.737968 f3-fedora fprintd[21137]: sigfm extract completed in 0,004653 secs
out 08 01:46:01.738007 f3-fedora fprintd[21137]: Device reported enroll progress, reported 19 of 40 have been completed
out 08 01:46:01.738015 f3-fedora fprintd[21137]: enroll_stage_cb: result enroll-stage-passed
out 08 01:46:02.097479 f3-fedora fprintd[21137]: Got protocol msg
out 08 01:46:02.097525 f3-fedora fprintd[21137]: Completed command: 0x34
out 08 01:46:02.098000 f3-fedora fprintd[21137]: Finger up
out 08 01:46:02.348444 f3-fedora fprintd[21137]: [goodixtls55x4] SCAN_STAGE_NUM entering state 6
out 08 01:46:02.348493 f3-fedora fprintd[21137]: [goodixtls55x4] SCAN_STAGE_NUM completed successfully
out 08 01:46:02.348555 f3-fedora fprintd[21137]: finished scan
out 08 01:46:02.348599 f3-fedora fprintd[21137]: Device reported finger status change: FP_FINGER_STATUS_NONE
out 08 01:46:02.348711 f3-fedora fprintd[21137]: Finger present 0
out 08 01:46:02.348753 f3-fedora fprintd[21137]: Finger needed 0
out 08 01:46:02.348785 f3-fedora fprintd[21137]: Image device reported finger status: off
out 08 01:46:02.348815 f3-fedora fprintd[21137]: Image device internal state change from FPI_IMAGE_DEVICE_STATE_AWAIT_FINGER_OFF to FPI_IMAGE_DEVICE_STATE_IDLE
out 08 01:46:02.348862 f3-fedora fprintd[21137]: 7230628498: ../libfprint/drivers/goodixtls/goodix55x4.c:1510
out 08 01:46:02.348895 f3-fedora fprintd[21137]: Image device internal state change from FPI_IMAGE_DEVICE_STATE_IDLE to FPI_IMAGE_DEVICE_STATE_AWAIT_FINGER_ON
out 08 01:46:02.348930 f3-fedora fprintd[21137]: 7230628571: ../libfprint/drivers/goodixtls/goodix55x4.c:1510
out 08 01:46:02.348959 f3-fedora fprintd[21137]: [goodixtls55x4] SCAN_STAGE_NUM entering state 0
out 08 01:46:02.348991 f3-fedora fprintd[21137]: Running command: 0x36
out 08 01:46:02.349602 f3-fedora fprintd[21137]: Device reported finger status change: FP_FINGER_STATUS_NEEDED
out 08 01:46:02.349679 f3-fedora fprintd[21137]: Finger present 0
out 08 01:46:02.349733 f3-fedora fprintd[21137]: Finger needed 1
out 08 01:46:02.352455 f3-fedora fprintd[21137]: Got protocol msg
out 08 01:46:02.352487 f3-fedora fprintd[21137]: got ack
out 08 01:46:02.370739 f3-fedora fprintd[21137]: Got protocol msg
out 08 01:46:02.370785 f3-fedora fprintd[21137]: Completed command: 0x36
out 08 01:46:02.371240 f3-fedora fprintd[21137]: finished scan!FDT base 4464 (reference 4468): 18b 197 162 134 194 1a6 17d 145 187 197 16e 130
out 08 01:46:02.370860 f3-fedora fprintd[21137]: [goodixtls55x4] SCAN_STAGE_NUM entering state 1
out 08 01:46:02.370882 f3-fedora fprintd[21137]: Running command: 0x20
out 08 01:46:02.374488 f3-fedora fprintd[21137]: Got protocol msg
out 08 01:46:02.374534 f3-fedora fprintd[21137]: got ack
out 08 01:46:02.411301 f3-fedora fprintd[21137]: Got TLS data msg
out 08 01:46:02.411410 f3-fedora fprintd[21137]: Completed command: 0x20
out 08 01:46:02.411900 f3-fedora fprintd[21137]: [goodixtls55x4] SCAN_STAGE_NUM entering state 2
out 08 01:46:02.412182 f3-fedora fprintd[21137]: Waiting for finger down
out 08 01:46:02.411968 f3-fedora fprintd[21137]: Running command: 0x32
out 08 01:46:02.415924 f3-fedora fprintd[21137]: Got protocol msg
out 08 01:46:02.415958 f3-fedora fprintd[21137]: got ack
out 08 01:46:02.633783 f3-fedora fprintd[21137]: Got protocol msg
out 08 01:46:02.634485 f3-fedora fprintd[21137]: Finger down (touch flag 0x771, 221 ms after arming)
out 08 01:46:02.633829 f3-fedora fprintd[21137]: Completed command: 0x32
out 08 01:46:02.633896 f3-fedora fprintd[21137]: [goodixtls55x4] SCAN_STAGE_NUM entering state 3
out 08 01:46:02.633931 f3-fedora fprintd[21137]: Device reported finger status change: FP_FINGER_STATUS_NEEDED | FP_FINGER_STATUS_PRESENT
out 08 01:46:02.634031 f3-fedora fprintd[21137]: Finger present 1
out 08 01:46:02.634068 f3-fedora fprintd[21137]: Finger needed 1
out 08 01:46:02.634093 f3-fedora fprintd[21137]: Image device reported finger status: on
out 08 01:46:02.634122 f3-fedora fprintd[21137]: Image device internal state change from FPI_IMAGE_DEVICE_STATE_AWAIT_FINGER_ON to FPI_IMAGE_DEVICE_STATE_CAPTURE
out 08 01:46:02.634162 f3-fedora fprintd[21137]: 7230913801: ../libfprint/drivers/goodixtls/goodix55x4.c:1510
out 08 01:46:02.634189 f3-fedora fprintd[21137]: Running command: 0x20
out 08 01:46:02.637536 f3-fedora fprintd[21137]: Got protocol msg
out 08 01:46:02.637565 f3-fedora fprintd[21137]: got ack
out 08 01:46:02.675020 f3-fedora fprintd[21137]: Got TLS data msg
out 08 01:46:02.675044 f3-fedora fprintd[21137]: Completed command: 0x20
out 08 01:46:02.692445 f3-fedora fprintd[21137]: Touch image ridge score 35,6 (gate 12), valley depth 0,272 (gate 0,18), coherence 0,56, FDT base 4464, contact 32%, ridge in contact 40,8, touch flag 0x771 -> used
out 08 01:46:02.692457 f3-fedora fprintd[21137]: Image device captured an image
out 08 01:46:02.692485 f3-fedora fprintd[21137]: Image device internal state change from FPI_IMAGE_DEVICE_STATE_CAPTURE to FPI_IMAGE_DEVICE_STATE_AWAIT_FINGER_OFF
out 08 01:46:02.692605 f3-fedora fprintd[21137]: Waiting for finger up
out 08 01:46:02.692499 f3-fedora fprintd[21137]: 7230972157: ../libfprint/drivers/goodixtls/goodix55x4.c:1510
out 08 01:46:02.692506 f3-fedora fprintd[21137]: Device reported finger status change: FP_FINGER_STATUS_PRESENT
out 08 01:46:02.692525 f3-fedora fprintd[21137]: Finger present 1
out 08 01:46:02.692540 f3-fedora fprintd[21137]: Finger needed 0
out 08 01:46:02.692547 f3-fedora fprintd[21137]: [goodixtls55x4] SCAN_STAGE_NUM entering state 4
out 08 01:46:02.692558 f3-fedora fprintd[21137]: Running command: 0x34
out 08 01:46:02.696891 f3-fedora fprintd[21137]: sigfm extract completed in 0,004345 secs
out 08 01:46:02.696892 f3-fedora fprintd[21137]: Got protocol msg
out 08 01:46:02.696902 f3-fedora fprintd[21137]: got ack
out 08 01:46:02.696954 f3-fedora fprintd[21137]: Device reported enroll progress, reported 20 of 40 have been completed
out 08 01:46:02.696960 f3-fedora fprintd[21137]: enroll_stage_cb: result enroll-stage-passed
out 08 01:46:03.157879 f3-fedora fprintd[21137]: Got protocol msg
out 08 01:46:03.158412 f3-fedora fprintd[21137]: Finger up
out 08 01:46:03.157920 f3-fedora fprintd[21137]: Completed command: 0x34
out 08 01:46:03.408405 f3-fedora fprintd[21137]: [goodixtls55x4] SCAN_STAGE_NUM entering state 6
out 08 01:46:03.408440 f3-fedora fprintd[21137]: [goodixtls55x4] SCAN_STAGE_NUM completed successfully
out 08 01:46:03.408487 f3-fedora fprintd[21137]: finished scan
out 08 01:46:03.408521 f3-fedora fprintd[21137]: Device reported finger status change: FP_FINGER_STATUS_NONE
out 08 01:46:03.408626 f3-fedora fprintd[21137]: Finger present 0
out 08 01:46:03.408651 f3-fedora fprintd[21137]: Finger needed 0
out 08 01:46:03.408672 f3-fedora fprintd[21137]: Image device reported finger status: off
out 08 01:46:03.408698 f3-fedora fprintd[21137]: Image device internal state change from FPI_IMAGE_DEVICE_STATE_AWAIT_FINGER_OFF to FPI_IMAGE_DEVICE_STATE_IDLE
out 08 01:46:03.408732 f3-fedora fprintd[21137]: 7231688376: ../libfprint/drivers/goodixtls/goodix55x4.c:1510
out 08 01:46:03.408753 f3-fedora fprintd[21137]: Image device internal state change from FPI_IMAGE_DEVICE_STATE_IDLE to FPI_IMAGE_DEVICE_STATE_AWAIT_FINGER_ON
out 08 01:46:03.408779 f3-fedora fprintd[21137]: 7231688425: ../libfprint/drivers/goodixtls/goodix55x4.c:1510
out 08 01:46:03.408804 f3-fedora fprintd[21137]: [goodixtls55x4] SCAN_STAGE_NUM entering state 0
out 08 01:46:03.408823 f3-fedora fprintd[21137]: Running command: 0x36
out 08 01:46:03.409251 f3-fedora fprintd[21137]: Device reported finger status change: FP_FINGER_STATUS_NEEDED
out 08 01:46:03.409294 f3-fedora fprintd[21137]: Finger present 0
out 08 01:46:03.409325 f3-fedora fprintd[21137]: Finger needed 1
out 08 01:46:03.412255 f3-fedora fprintd[21137]: Got protocol msg
out 08 01:46:03.412293 f3-fedora fprintd[21137]: got ack
out 08 01:46:03.430746 f3-fedora fprintd[21137]: Got protocol msg
out 08 01:46:03.430979 f3-fedora fprintd[21137]: finished scan!FDT base 4460 (reference 4468): 18a 197 161 133 194 1a6 17d 144 187 197 16e 130
out 08 01:46:03.430765 f3-fedora fprintd[21137]: Completed command: 0x36
out 08 01:46:03.430797 f3-fedora fprintd[21137]: [goodixtls55x4] SCAN_STAGE_NUM entering state 1
out 08 01:46:03.430805 f3-fedora fprintd[21137]: Running command: 0x20
out 08 01:46:03.434461 f3-fedora fprintd[21137]: Got protocol msg
out 08 01:46:03.434474 f3-fedora fprintd[21137]: got ack
out 08 01:46:03.471016 f3-fedora fprintd[21137]: Got TLS data msg
out 08 01:46:03.471056 f3-fedora fprintd[21137]: Completed command: 0x20
out 08 01:46:03.471590 f3-fedora fprintd[21137]: Waiting for finger down
out 08 01:46:03.471391 f3-fedora fprintd[21137]: [goodixtls55x4] SCAN_STAGE_NUM entering state 2
out 08 01:46:03.471445 f3-fedora fprintd[21137]: Running command: 0x32
out 08 01:46:03.474902 f3-fedora fprintd[21137]: Got protocol msg
out 08 01:46:03.474922 f3-fedora fprintd[21137]: got ack
out 08 01:46:04.507414 f3-fedora fprintd[21137]: Got protocol msg
out 08 01:46:04.507973 f3-fedora fprintd[21137]: Finger down (touch flag 0xee4, 1036 ms after arming)
out 08 01:46:04.507428 f3-fedora fprintd[21137]: Completed command: 0x32
out 08 01:46:04.507446 f3-fedora fprintd[21137]: [goodixtls55x4] SCAN_STAGE_NUM entering state 3
out 08 01:46:04.507456 f3-fedora fprintd[21137]: Device reported finger status change: FP_FINGER_STATUS_NEEDED | FP_FINGER_STATUS_PRESENT
out 08 01:46:04.507487 f3-fedora fprintd[21137]: Finger present 1
out 08 01:46:04.507495 f3-fedora fprintd[21137]: Finger needed 1
out 08 01:46:04.507501 f3-fedora fprintd[21137]: Image device reported finger status: on
out 08 01:46:04.507508 f3-fedora fprintd[21137]: Image device internal state change from FPI_IMAGE_DEVICE_STATE_AWAIT_FINGER_ON to FPI_IMAGE_DEVICE_STATE_CAPTURE
out 08 01:46:04.507519 f3-fedora fprintd[21137]: 7232787177: ../libfprint/drivers/goodixtls/goodix55x4.c:1510
out 08 01:46:04.507524 f3-fedora fprintd[21137]: Running command: 0x20
out 08 01:46:04.510547 f3-fedora fprintd[21137]: Got protocol msg
out 08 01:46:04.510556 f3-fedora fprintd[21137]: got ack
out 08 01:46:04.548080 f3-fedora fprintd[21137]: Got TLS data msg
out 08 01:46:04.548121 f3-fedora fprintd[21137]: Completed command: 0x20
out 08 01:46:04.566741 f3-fedora fprintd[21137]: Touch image ridge score 34,4 (gate 12), valley depth 0,306 (gate 0,18), coherence 0,66, FDT base 4460, contact 27%, ridge in contact 44,1, touch flag 0xee4 -> used
out 08 01:46:04.566711 f3-fedora fprintd[21137]: Image device captured an image
out 08 01:46:04.566854 f3-fedora fprintd[21137]: Waiting for finger up
out 08 01:46:04.566730 f3-fedora fprintd[21137]: Image device internal state change from FPI_IMAGE_DEVICE_STATE_CAPTURE to FPI_IMAGE_DEVICE_STATE_AWAIT_FINGER_OFF
out 08 01:46:04.566741 f3-fedora fprintd[21137]: 7232846400: ../libfprint/drivers/goodixtls/goodix55x4.c:1510
out 08 01:46:04.566746 f3-fedora fprintd[21137]: Device reported finger status change: FP_FINGER_STATUS_PRESENT
out 08 01:46:04.566760 f3-fedora fprintd[21137]: Finger present 1
out 08 01:46:04.566769 f3-fedora fprintd[21137]: Finger needed 0
out 08 01:46:04.566774 f3-fedora fprintd[21137]: [goodixtls55x4] SCAN_STAGE_NUM entering state 4
out 08 01:46:04.566781 f3-fedora fprintd[21137]: Running command: 0x34
out 08 01:46:04.570452 f3-fedora fprintd[21137]: sigfm extract completed in 0,003689 secs
out 08 01:46:04.570453 f3-fedora fprintd[21137]: Got protocol msg
out 08 01:46:04.570463 f3-fedora fprintd[21137]: got ack
out 08 01:46:04.570518 f3-fedora fprintd[21137]: Device reported enroll progress, reported 21 of 40 have been completed
out 08 01:46:04.570525 f3-fedora fprintd[21137]: enroll_stage_cb: result enroll-stage-passed
out 08 01:46:04.910444 f3-fedora fprintd[21137]: Got protocol msg
out 08 01:46:04.911014 f3-fedora fprintd[21137]: Finger up
out 08 01:46:04.910499 f3-fedora fprintd[21137]: Completed command: 0x34
out 08 01:46:05.160960 f3-fedora fprintd[21137]: [goodixtls55x4] SCAN_STAGE_NUM entering state 6
out 08 01:46:05.161011 f3-fedora fprintd[21137]: [goodixtls55x4] SCAN_STAGE_NUM completed successfully
out 08 01:46:05.161074 f3-fedora fprintd[21137]: finished scan
out 08 01:46:05.161137 f3-fedora fprintd[21137]: Device reported finger status change: FP_FINGER_STATUS_NONE
out 08 01:46:05.161229 f3-fedora fprintd[21137]: Finger present 0
out 08 01:46:05.161268 f3-fedora fprintd[21137]: Finger needed 0
out 08 01:46:05.161301 f3-fedora fprintd[21137]: Image device reported finger status: off
out 08 01:46:05.161391 f3-fedora fprintd[21137]: Image device internal state change from FPI_IMAGE_DEVICE_STATE_AWAIT_FINGER_OFF to FPI_IMAGE_DEVICE_STATE_IDLE
out 08 01:46:05.161460 f3-fedora fprintd[21137]: 7233441083: ../libfprint/drivers/goodixtls/goodix55x4.c:1510
out 08 01:46:05.161505 f3-fedora fprintd[21137]: Image device internal state change from FPI_IMAGE_DEVICE_STATE_IDLE to FPI_IMAGE_DEVICE_STATE_AWAIT_FINGER_ON
out 08 01:46:05.161547 f3-fedora fprintd[21137]: 7233441184: ../libfprint/drivers/goodixtls/goodix55x4.c:1510
out 08 01:46:05.161579 f3-fedora fprintd[21137]: [goodixtls55x4] SCAN_STAGE_NUM entering state 0
out 08 01:46:05.161609 f3-fedora fprintd[21137]: Running command: 0x36
out 08 01:46:05.161979 f3-fedora fprintd[21137]: Device reported finger status change: FP_FINGER_STATUS_NEEDED
out 08 01:46:05.162018 f3-fedora fprintd[21137]: Finger present 0
out 08 01:46:05.162046 f3-fedora fprintd[21137]: Finger needed 1
out 08 01:46:05.164940 f3-fedora fprintd[21137]: Got protocol msg
out 08 01:46:05.164973 f3-fedora fprintd[21137]: got ack
out 08 01:46:05.183526 f3-fedora fprintd[21137]: Got protocol msg
out 08 01:46:05.183579 f3-fedora fprintd[21137]: Completed command: 0x36
out 08 01:46:05.184012 f3-fedora fprintd[21137]: finished scan!FDT base 4267 (reference 4468): 18a 196 160 12f 193 1a3 171 12e 186 190 13a d7
out 08 01:46:05.183650 f3-fedora fprintd[21137]: [goodixtls55x4] SCAN_STAGE_NUM entering state 1
out 08 01:46:05.183668 f3-fedora fprintd[21137]: Running command: 0x20
out 08 01:46:05.186851 f3-fedora fprintd[21137]: Got protocol msg
out 08 01:46:05.186878 f3-fedora fprintd[21137]: got ack
out 08 01:46:05.224687 f3-fedora fprintd[21137]: Got TLS data msg
out 08 01:46:05.224740 f3-fedora fprintd[21137]: Completed command: 0x20
out 08 01:46:05.225103 f3-fedora fprintd[21137]: [goodixtls55x4] SCAN_STAGE_NUM entering state 2
out 08 01:46:05.225460 f3-fedora fprintd[21137]: Waiting for finger down
out 08 01:46:05.225147 f3-fedora fprintd[21137]: Running command: 0x32
out 08 01:46:05.228914 f3-fedora fprintd[21137]: Got protocol msg
out 08 01:46:05.228942 f3-fedora fprintd[21137]: got ack
out 08 01:46:05.264165 f3-fedora fprintd[21137]: Got protocol msg
out 08 01:46:05.264683 f3-fedora fprintd[21137]: Finger down (touch flag 0x3ec, 39 ms after arming)
out 08 01:46:05.264218 f3-fedora fprintd[21137]: Completed command: 0x32
out 08 01:46:05.264277 f3-fedora fprintd[21137]: [goodixtls55x4] SCAN_STAGE_NUM entering state 3
out 08 01:46:05.264308 f3-fedora fprintd[21137]: Device reported finger status change: FP_FINGER_STATUS_NEEDED | FP_FINGER_STATUS_PRESENT
out 08 01:46:05.264465 f3-fedora fprintd[21137]: Finger present 1
out 08 01:46:05.264504 f3-fedora fprintd[21137]: Finger needed 1
out 08 01:46:05.264536 f3-fedora fprintd[21137]: Image device reported finger status: on
out 08 01:46:05.264558 f3-fedora fprintd[21137]: Image device internal state change from FPI_IMAGE_DEVICE_STATE_AWAIT_FINGER_ON to FPI_IMAGE_DEVICE_STATE_CAPTURE
out 08 01:46:05.264591 f3-fedora fprintd[21137]: 7233544236: ../libfprint/drivers/goodixtls/goodix55x4.c:1510
out 08 01:46:05.264610 f3-fedora fprintd[21137]: Running command: 0x20
out 08 01:46:05.268586 f3-fedora fprintd[21137]: Got protocol msg
out 08 01:46:05.268624 f3-fedora fprintd[21137]: got ack
out 08 01:46:05.306310 f3-fedora fprintd[21137]: Got TLS data msg
out 08 01:46:05.306436 f3-fedora fprintd[21137]: Completed command: 0x20
out 08 01:46:05.325787 f3-fedora fprintd[21137]: Touch image ridge score 35,1 (gate 12), valley depth 0,339 (gate 0,18), coherence 0,56, FDT base 4267, contact 0%, ridge in contact 0,0, touch flag 0x3ec -> used
out 08 01:46:05.325764 f3-fedora fprintd[21137]: Image device captured an image
out 08 01:46:05.325899 f3-fedora fprintd[21137]: Waiting for finger up
out 08 01:46:05.325788 f3-fedora fprintd[21137]: Image device internal state change from FPI_IMAGE_DEVICE_STATE_CAPTURE to FPI_IMAGE_DEVICE_STATE_AWAIT_FINGER_OFF
out 08 01:46:05.325800 f3-fedora fprintd[21137]: 7233605460: ../libfprint/drivers/goodixtls/goodix55x4.c:1510
out 08 01:46:05.325807 f3-fedora fprintd[21137]: Device reported finger status change: FP_FINGER_STATUS_PRESENT
out 08 01:46:05.325824 f3-fedora fprintd[21137]: Finger present 1
out 08 01:46:05.325833 f3-fedora fprintd[21137]: Finger needed 0
out 08 01:46:05.325838 f3-fedora fprintd[21137]: [goodixtls55x4] SCAN_STAGE_NUM entering state 4
out 08 01:46:05.325845 f3-fedora fprintd[21137]: Running command: 0x34
out 08 01:46:05.328915 f3-fedora fprintd[21137]: sigfm extract completed in 0,003096 secs
out 08 01:46:05.328972 f3-fedora fprintd[21137]: Device reported enroll progress, reported 22 of 40 have been completed
out 08 01:46:05.328980 f3-fedora fprintd[21137]: enroll_stage_cb: result enroll-stage-passed
out 08 01:46:05.329166 f3-fedora fprintd[21137]: Got protocol msg
out 08 01:46:05.329172 f3-fedora fprintd[21137]: got ack
out 08 01:46:05.648975 f3-fedora fprintd[21137]: Got protocol msg
out 08 01:46:05.649009 f3-fedora fprintd[21137]: Completed command: 0x34
out 08 01:46:05.650143 f3-fedora fprintd[21137]: Finger up
out 08 01:46:05.899879 f3-fedora fprintd[21137]: [goodixtls55x4] SCAN_STAGE_NUM entering state 6
out 08 01:46:05.899909 f3-fedora fprintd[21137]: [goodixtls55x4] SCAN_STAGE_NUM completed successfully
out 08 01:46:05.899957 f3-fedora fprintd[21137]: finished scan
out 08 01:46:05.899996 f3-fedora fprintd[21137]: Device reported finger status change: FP_FINGER_STATUS_NONE
out 08 01:46:05.900081 f3-fedora fprintd[21137]: Finger present 0
out 08 01:46:05.900103 f3-fedora fprintd[21137]: Finger needed 0
out 08 01:46:05.900124 f3-fedora fprintd[21137]: Image device reported finger status: off
out 08 01:46:05.900155 f3-fedora fprintd[21137]: Image device internal state change from FPI_IMAGE_DEVICE_STATE_AWAIT_FINGER_OFF to FPI_IMAGE_DEVICE_STATE_IDLE
out 08 01:46:05.900204 f3-fedora fprintd[21137]: 7234179837: ../libfprint/drivers/goodixtls/goodix55x4.c:1510
out 08 01:46:05.900241 f3-fedora fprintd[21137]: Image device internal state change from FPI_IMAGE_DEVICE_STATE_IDLE to FPI_IMAGE_DEVICE_STATE_AWAIT_FINGER_ON
out 08 01:46:05.900280 f3-fedora fprintd[21137]: 7234179916: ../libfprint/drivers/goodixtls/goodix55x4.c:1510
out 08 01:46:05.900313 f3-fedora fprintd[21137]: [goodixtls55x4] SCAN_STAGE_NUM entering state 0
out 08 01:46:05.900408 f3-fedora fprintd[21137]: Running command: 0x36
out 08 01:46:05.900893 f3-fedora fprintd[21137]: Device reported finger status change: FP_FINGER_STATUS_NEEDED
out 08 01:46:05.900958 f3-fedora fprintd[21137]: Finger present 0
out 08 01:46:05.901000 f3-fedora fprintd[21137]: Finger needed 1
out 08 01:46:05.903811 f3-fedora fprintd[21137]: Got protocol msg
out 08 01:46:05.903848 f3-fedora fprintd[21137]: got ack
out 08 01:46:05.922878 f3-fedora fprintd[21137]: Got protocol msg
out 08 01:46:05.923377 f3-fedora fprintd[21137]: finished scan!FDT base 4459 (reference 4468): 18a 197 161 133 193 1a5 17d 144 187 198 16e 130
out 08 01:46:05.922918 f3-fedora fprintd[21137]: Completed command: 0x36
out 08 01:46:05.922986 f3-fedora fprintd[21137]: [goodixtls55x4] SCAN_STAGE_NUM entering state 1
out 08 01:46:05.923002 f3-fedora fprintd[21137]: Running command: 0x20
out 08 01:46:05.926848 f3-fedora fprintd[21137]: Got protocol msg
out 08 01:46:05.926874 f3-fedora fprintd[21137]: got ack
out 08 01:46:05.964790 f3-fedora fprintd[21137]: Got TLS data msg
out 08 01:46:05.964844 f3-fedora fprintd[21137]: Completed command: 0x20
out 08 01:46:05.965208 f3-fedora fprintd[21137]: [goodixtls55x4] SCAN_STAGE_NUM entering state 2
out 08 01:46:05.965610 f3-fedora fprintd[21137]: Waiting for finger down
out 08 01:46:05.965252 f3-fedora fprintd[21137]: Running command: 0x32
out 08 01:46:05.969512 f3-fedora fprintd[21137]: Got protocol msg
out 08 01:46:05.969541 f3-fedora fprintd[21137]: got ack
out 08 01:46:06.085391 f3-fedora fprintd[21137]: Got protocol msg
out 08 01:46:06.085847 f3-fedora fprintd[21137]: Finger down (touch flag 0xee4, 120 ms after arming)
out 08 01:46:06.085444 f3-fedora fprintd[21137]: Completed command: 0x32
out 08 01:46:06.085502 f3-fedora fprintd[21137]: [goodixtls55x4] SCAN_STAGE_NUM entering state 3
out 08 01:46:06.085532 f3-fedora fprintd[21137]: Device reported finger status change: FP_FINGER_STATUS_NEEDED | FP_FINGER_STATUS_PRESENT
out 08 01:46:06.085617 f3-fedora fprintd[21137]: Finger present 1
out 08 01:46:06.085642 f3-fedora fprintd[21137]: Finger needed 1
out 08 01:46:06.085660 f3-fedora fprintd[21137]: Image device reported finger status: on
out 08 01:46:06.085679 f3-fedora fprintd[21137]: Image device internal state change from FPI_IMAGE_DEVICE_STATE_AWAIT_FINGER_ON to FPI_IMAGE_DEVICE_STATE_CAPTURE
out 08 01:46:06.085709 f3-fedora fprintd[21137]: 7234365355: ../libfprint/drivers/goodixtls/goodix55x4.c:1510
out 08 01:46:06.085725 f3-fedora fprintd[21137]: Running command: 0x20
out 08 01:46:06.089512 f3-fedora fprintd[21137]: Got protocol msg
out 08 01:46:06.089538 f3-fedora fprintd[21137]: got ack
out 08 01:46:06.126546 f3-fedora fprintd[21137]: Got TLS data msg
out 08 01:46:06.126614 f3-fedora fprintd[21137]: Completed command: 0x20
out 08 01:46:06.147464 f3-fedora fprintd[21137]: Touch image ridge score 35,3 (gate 12), valley depth 0,282 (gate 0,18), coherence 0,57, FDT base 4459, contact 32%, ridge in contact 42,3, touch flag 0xee4 -> used
out 08 01:46:06.147433 f3-fedora fprintd[21137]: Image device captured an image
out 08 01:46:06.147600 f3-fedora fprintd[21137]: Waiting for finger up
out 08 01:46:06.147456 f3-fedora fprintd[21137]: Image device internal state change from FPI_IMAGE_DEVICE_STATE_CAPTURE to FPI_IMAGE_DEVICE_STATE_AWAIT_FINGER_OFF
out 08 01:46:06.147467 f3-fedora fprintd[21137]: 7234427126: ../libfprint/drivers/goodixtls/goodix55x4.c:1510
out 08 01:46:06.147473 f3-fedora fprintd[21137]: Device reported finger status change: FP_FINGER_STATUS_PRESENT
out 08 01:46:06.147491 f3-fedora fprintd[21137]: Finger present 1
out 08 01:46:06.147500 f3-fedora fprintd[21137]: Finger needed 0
out 08 01:46:06.147505 f3-fedora fprintd[21137]: [goodixtls55x4] SCAN_STAGE_NUM entering state 4
out 08 01:46:06.147513 f3-fedora fprintd[21137]: Running command: 0x34
out 08 01:46:06.151833 f3-fedora fprintd[21137]: sigfm extract completed in 0,004335 secs
out 08 01:46:06.151851 f3-fedora fprintd[21137]: Got protocol msg
out 08 01:46:06.151857 f3-fedora fprintd[21137]: got ack
out 08 01:46:06.151926 f3-fedora fprintd[21137]: Device reported enroll progress, reported 23 of 40 have been completed
out 08 01:46:06.151934 f3-fedora fprintd[21137]: enroll_stage_cb: result enroll-stage-passed
out 08 01:46:06.471277 f3-fedora fprintd[21137]: Got protocol msg
out 08 01:46:06.471898 f3-fedora fprintd[21137]: Finger up
out 08 01:46:06.471330 f3-fedora fprintd[21137]: Completed command: 0x34
out 08 01:46:06.722001 f3-fedora fprintd[21137]: [goodixtls55x4] SCAN_STAGE_NUM entering state 6
out 08 01:46:06.722032 f3-fedora fprintd[21137]: [goodixtls55x4] SCAN_STAGE_NUM completed successfully
out 08 01:46:06.722082 f3-fedora fprintd[21137]: finished scan
out 08 01:46:06.722117 f3-fedora fprintd[21137]: Device reported finger status change: FP_FINGER_STATUS_NONE
out 08 01:46:06.722203 f3-fedora fprintd[21137]: Finger present 0
out 08 01:46:06.722234 f3-fedora fprintd[21137]: Finger needed 0
out 08 01:46:06.722266 f3-fedora fprintd[21137]: Image device reported finger status: off
out 08 01:46:06.722303 f3-fedora fprintd[21137]: Image device internal state change from FPI_IMAGE_DEVICE_STATE_AWAIT_FINGER_OFF to FPI_IMAGE_DEVICE_STATE_IDLE
out 08 01:46:06.722429 f3-fedora fprintd[21137]: 7235002047: ../libfprint/drivers/goodixtls/goodix55x4.c:1510
out 08 01:46:06.722473 f3-fedora fprintd[21137]: Image device internal state change from FPI_IMAGE_DEVICE_STATE_IDLE to FPI_IMAGE_DEVICE_STATE_AWAIT_FINGER_ON
out 08 01:46:06.722521 f3-fedora fprintd[21137]: 7235002153: ../libfprint/drivers/goodixtls/goodix55x4.c:1510
out 08 01:46:06.722560 f3-fedora fprintd[21137]: [goodixtls55x4] SCAN_STAGE_NUM entering state 0
out 08 01:46:06.722595 f3-fedora fprintd[21137]: Running command: 0x36
out 08 01:46:06.723224 f3-fedora fprintd[21137]: Device reported finger status change: FP_FINGER_STATUS_NEEDED
out 08 01:46:06.723308 f3-fedora fprintd[21137]: Finger present 0
out 08 01:46:06.723404 f3-fedora fprintd[21137]: Finger needed 1
out 08 01:46:06.726580 f3-fedora fprintd[21137]: Got protocol msg
out 08 01:46:06.726603 f3-fedora fprintd[21137]: got ack
out 08 01:46:06.745219 f3-fedora fprintd[21137]: Got protocol msg
out 08 01:46:06.745657 f3-fedora fprintd[21137]: finished scan!FDT base 4459 (reference 4468): 18a 197 161 133 193 1a5 17d 144 187 198 16e 130
out 08 01:46:06.745271 f3-fedora fprintd[21137]: Completed command: 0x36
out 08 01:46:06.745386 f3-fedora fprintd[21137]: [goodixtls55x4] SCAN_STAGE_NUM entering state 1
out 08 01:46:06.745410 f3-fedora fprintd[21137]: Running command: 0x20
out 08 01:46:06.749156 f3-fedora fprintd[21137]: Got protocol msg
out 08 01:46:06.749182 f3-fedora fprintd[21137]: got ack
out 08 01:46:06.786566 f3-fedora fprintd[21137]: Got TLS data msg
out 08 01:46:06.786618 f3-fedora fprintd[21137]: Completed command: 0x20
out 08 01:46:06.787163 f3-fedora fprintd[21137]: Waiting for finger down
out 08 01:46:06.786995 f3-fedora fprintd[21137]: [goodixtls55x4] SCAN_STAGE_NUM entering state 2
out 08 01:46:06.787048 f3-fedora fprintd[21137]: Running command: 0x32
out 08 01:46:06.791317 f3-fedora fprintd[21137]: Got protocol msg
out 08 01:46:06.791394 f3-fedora fprintd[21137]: got ack
out 08 01:46:07.090207 f3-fedora fprintd[21137]: Got protocol msg
out 08 01:46:07.090689 f3-fedora fprintd[21137]: Finger down (touch flag 0xf70, 303 ms after arming)
out 08 01:46:07.090251 f3-fedora fprintd[21137]: Completed command: 0x32
out 08 01:46:07.090307 f3-fedora fprintd[21137]: [goodixtls55x4] SCAN_STAGE_NUM entering state 3
out 08 01:46:07.090380 f3-fedora fprintd[21137]: Device reported finger status change: FP_FINGER_STATUS_NEEDED | FP_FINGER_STATUS_PRESENT
out 08 01:46:07.090489 f3-fedora fprintd[21137]: Finger present 1
out 08 01:46:07.090513 f3-fedora fprintd[21137]: Finger needed 1
out 08 01:46:07.090534 f3-fedora fprintd[21137]: Image device reported finger status: on
out 08 01:46:07.090557 f3-fedora fprintd[21137]: Image device internal state change from FPI_IMAGE_DEVICE_STATE_AWAIT_FINGER_ON to FPI_IMAGE_DEVICE_STATE_CAPTURE
out 08 01:46:07.090586 f3-fedora fprintd[21137]: 7235370233: ../libfprint/drivers/goodixtls/goodix55x4.c:1510
out 08 01:46:07.090604 f3-fedora fprintd[21137]: Running command: 0x20
out 08 01:46:07.094532 f3-fedora fprintd[21137]: Got protocol msg
out 08 01:46:07.094558 f3-fedora fprintd[21137]: got ack
out 08 01:46:07.132192 f3-fedora fprintd[21137]: Got TLS data msg
out 08 01:46:07.132247 f3-fedora fprintd[21137]: Completed command: 0x20
out 08 01:46:07.153694 f3-fedora fprintd[21137]: Touch image ridge score 34,2 (gate 12), valley depth 0,371 (gate 0,18), coherence 0,84, FDT base 4459, contact 34%, ridge in contact 43,6, touch flag 0xf70 -> used
out 08 01:46:07.153665 f3-fedora fprintd[21137]: Image device captured an image
out 08 01:46:07.153807 f3-fedora fprintd[21137]: Waiting for finger up
out 08 01:46:07.153688 f3-fedora fprintd[21137]: Image device internal state change from FPI_IMAGE_DEVICE_STATE_CAPTURE to FPI_IMAGE_DEVICE_STATE_AWAIT_FINGER_OFF
out 08 01:46:07.153700 f3-fedora fprintd[21137]: 7235433359: ../libfprint/drivers/goodixtls/goodix55x4.c:1510
out 08 01:46:07.153706 f3-fedora fprintd[21137]: Device reported finger status change: FP_FINGER_STATUS_PRESENT
out 08 01:46:07.153724 f3-fedora fprintd[21137]: Finger present 1
out 08 01:46:07.153733 f3-fedora fprintd[21137]: Finger needed 0
out 08 01:46:07.153739 f3-fedora fprintd[21137]: [goodixtls55x4] SCAN_STAGE_NUM entering state 4
out 08 01:46:07.153745 f3-fedora fprintd[21137]: Running command: 0x34
out 08 01:46:07.157909 f3-fedora fprintd[21137]: sigfm extract completed in 0,004170 secs
out 08 01:46:07.157940 f3-fedora fprintd[21137]: Got protocol msg
out 08 01:46:07.157946 f3-fedora fprintd[21137]: got ack
out 08 01:46:07.158011 f3-fedora fprintd[21137]: Device reported enroll progress, reported 24 of 40 have been completed
out 08 01:46:07.158018 f3-fedora fprintd[21137]: enroll_stage_cb: result enroll-stage-passed
out 08 01:46:07.415715 f3-fedora fprintd[21137]: Got protocol msg
out 08 01:46:07.416334 f3-fedora fprintd[21137]: Finger up
out 08 01:46:07.415771 f3-fedora fprintd[21137]: Completed command: 0x34
out 08 01:46:07.666655 f3-fedora fprintd[21137]: [goodixtls55x4] SCAN_STAGE_NUM entering state 6
out 08 01:46:07.666686 f3-fedora fprintd[21137]: [goodixtls55x4] SCAN_STAGE_NUM completed successfully
out 08 01:46:07.666736 f3-fedora fprintd[21137]: finished scan
out 08 01:46:07.666769 f3-fedora fprintd[21137]: Device reported finger status change: FP_FINGER_STATUS_NONE
out 08 01:46:07.666854 f3-fedora fprintd[21137]: Finger present 0
out 08 01:46:07.666874 f3-fedora fprintd[21137]: Finger needed 0
out 08 01:46:07.666893 f3-fedora fprintd[21137]: Image device reported finger status: off
out 08 01:46:07.666922 f3-fedora fprintd[21137]: Image device internal state change from FPI_IMAGE_DEVICE_STATE_AWAIT_FINGER_OFF to FPI_IMAGE_DEVICE_STATE_IDLE
out 08 01:46:07.666970 f3-fedora fprintd[21137]: 7235946603: ../libfprint/drivers/goodixtls/goodix55x4.c:1510
out 08 01:46:07.667005 f3-fedora fprintd[21137]: Image device internal state change from FPI_IMAGE_DEVICE_STATE_IDLE to FPI_IMAGE_DEVICE_STATE_AWAIT_FINGER_ON
out 08 01:46:07.667044 f3-fedora fprintd[21137]: 7235946680: ../libfprint/drivers/goodixtls/goodix55x4.c:1510
out 08 01:46:07.667080 f3-fedora fprintd[21137]: [goodixtls55x4] SCAN_STAGE_NUM entering state 0
out 08 01:46:07.667113 f3-fedora fprintd[21137]: Running command: 0x36
out 08 01:46:07.667651 f3-fedora fprintd[21137]: Device reported finger status change: FP_FINGER_STATUS_NEEDED
out 08 01:46:07.667698 f3-fedora fprintd[21137]: Finger present 0
out 08 01:46:07.667730 f3-fedora fprintd[21137]: Finger needed 1
out 08 01:46:07.671290 f3-fedora fprintd[21137]: Got protocol msg
out 08 01:46:07.671315 f3-fedora fprintd[21137]: got ack
out 08 01:46:07.689406 f3-fedora fprintd[21137]: Got protocol msg
out 08 01:46:07.689465 f3-fedora fprintd[21137]: Completed command: 0x36
out 08 01:46:07.689847 f3-fedora fprintd[21137]: finished scan!FDT base 4460 (reference 4468): 18a 197 162 133 194 1a5 17d 144 187 197 16e 130
out 08 01:46:07.689539 f3-fedora fprintd[21137]: [goodixtls55x4] SCAN_STAGE_NUM entering state 1
out 08 01:46:07.689556 f3-fedora fprintd[21137]: Running command: 0x20
out 08 01:46:07.693529 f3-fedora fprintd[21137]: Got protocol msg
out 08 01:46:07.693556 f3-fedora fprintd[21137]: got ack
out 08 01:46:07.730666 f3-fedora fprintd[21137]: Got TLS data msg
out 08 01:46:07.730746 f3-fedora fprintd[21137]: Completed command: 0x20
out 08 01:46:07.732242 f3-fedora fprintd[21137]: Waiting for finger down
out 08 01:46:07.731124 f3-fedora fprintd[21137]: [goodixtls55x4] SCAN_STAGE_NUM entering state 2
out 08 01:46:07.731171 f3-fedora fprintd[21137]: Running command: 0x32
out 08 01:46:07.734738 f3-fedora fprintd[21137]: Got protocol msg
out 08 01:46:07.734766 f3-fedora fprintd[21137]: got ack
out 08 01:46:07.912662 f3-fedora fprintd[21137]: Got protocol msg
out 08 01:46:07.913130 f3-fedora fprintd[21137]: Finger down (touch flag 0xecc, 181 ms after arming)
out 08 01:46:07.912703 f3-fedora fprintd[21137]: Completed command: 0x32
out 08 01:46:07.912757 f3-fedora fprintd[21137]: [goodixtls55x4] SCAN_STAGE_NUM entering state 3
out 08 01:46:07.912790 f3-fedora fprintd[21137]: Device reported finger status change: FP_FINGER_STATUS_NEEDED | FP_FINGER_STATUS_PRESENT
out 08 01:46:07.912874 f3-fedora fprintd[21137]: Finger present 1
out 08 01:46:07.912898 f3-fedora fprintd[21137]: Finger needed 1
out 08 01:46:07.912917 f3-fedora fprintd[21137]: Image device reported finger status: on
out 08 01:46:07.912938 f3-fedora fprintd[21137]: Image device internal state change from FPI_IMAGE_DEVICE_STATE_AWAIT_FINGER_ON to FPI_IMAGE_DEVICE_STATE_CAPTURE
out 08 01:46:07.912966 f3-fedora fprintd[21137]: 7236192614: ../libfprint/drivers/goodixtls/goodix55x4.c:1510
out 08 01:46:07.912983 f3-fedora fprintd[21137]: Running command: 0x20
out 08 01:46:07.916521 f3-fedora fprintd[21137]: Got protocol msg
out 08 01:46:07.916550 f3-fedora fprintd[21137]: got ack
out 08 01:46:07.953489 f3-fedora fprintd[21137]: Got TLS data msg
out 08 01:46:07.953509 f3-fedora fprintd[21137]: Completed command: 0x20
out 08 01:46:07.973881 f3-fedora fprintd[21137]: Touch image ridge score 34,5 (gate 12), valley depth 0,304 (gate 0,18), coherence 0,53, FDT base 4460, contact 30%, ridge in contact 42,5, touch flag 0xecc -> used
out 08 01:46:07.973849 f3-fedora fprintd[21137]: Image device captured an image
out 08 01:46:07.974038 f3-fedora fprintd[21137]: Waiting for finger up
out 08 01:46:07.973876 f3-fedora fprintd[21137]: Image device internal state change from FPI_IMAGE_DEVICE_STATE_CAPTURE to FPI_IMAGE_DEVICE_STATE_AWAIT_FINGER_OFF
out 08 01:46:07.973889 f3-fedora fprintd[21137]: 7236253548: ../libfprint/drivers/goodixtls/goodix55x4.c:1510
out 08 01:46:07.973897 f3-fedora fprintd[21137]: Device reported finger status change: FP_FINGER_STATUS_PRESENT
out 08 01:46:07.973917 f3-fedora fprintd[21137]: Finger present 1
out 08 01:46:07.973927 f3-fedora fprintd[21137]: Finger needed 0
out 08 01:46:07.973934 f3-fedora fprintd[21137]: [goodixtls55x4] SCAN_STAGE_NUM entering state 4
out 08 01:46:07.973944 f3-fedora fprintd[21137]: Running command: 0x34
out 08 01:46:07.979006 f3-fedora fprintd[21137]: Got protocol msg
out 08 01:46:07.979021 f3-fedora fprintd[21137]: got ack
out 08 01:46:07.979164 f3-fedora fprintd[21137]: sigfm extract completed in 0,005239 secs
out 08 01:46:07.979211 f3-fedora fprintd[21137]: Device reported enroll progress, reported 25 of 40 have been completed
out 08 01:46:07.979220 f3-fedora fprintd[21137]: enroll_stage_cb: result enroll-stage-passed
out 08 01:46:08.318072 f3-fedora fprintd[21137]: Got protocol msg
out 08 01:46:08.318623 f3-fedora fprintd[21137]: Finger up
out 08 01:46:08.318112 f3-fedora fprintd[21137]: Completed command: 0x34
out 08 01:46:08.568607 f3-fedora fprintd[21137]: [goodixtls55x4] SCAN_STAGE_NUM entering state 6
out 08 01:46:08.568644 f3-fedora fprintd[21137]: [goodixtls55x4] SCAN_STAGE_NUM completed successfully
out 08 01:46:08.568692 f3-fedora fprintd[21137]: finished scan
out 08 01:46:08.568729 f3-fedora fprintd[21137]: Device reported finger status change: FP_FINGER_STATUS_NONE
out 08 01:46:08.568822 f3-fedora fprintd[21137]: Finger present 0
out 08 01:46:08.568845 f3-fedora fprintd[21137]: Finger needed 0
out 08 01:46:08.568864 f3-fedora fprintd[21137]: Image device reported finger status: off
out 08 01:46:08.568893 f3-fedora fprintd[21137]: Image device internal state change from FPI_IMAGE_DEVICE_STATE_AWAIT_FINGER_OFF to FPI_IMAGE_DEVICE_STATE_IDLE
out 08 01:46:08.568940 f3-fedora fprintd[21137]: 7236848575: ../libfprint/drivers/goodixtls/goodix55x4.c:1510
out 08 01:46:08.568986 f3-fedora fprintd[21137]: Image device internal state change from FPI_IMAGE_DEVICE_STATE_IDLE to FPI_IMAGE_DEVICE_STATE_AWAIT_FINGER_ON
out 08 01:46:08.569031 f3-fedora fprintd[21137]: 7236848662: ../libfprint/drivers/goodixtls/goodix55x4.c:1510
out 08 01:46:08.569065 f3-fedora fprintd[21137]: [goodixtls55x4] SCAN_STAGE_NUM entering state 0
out 08 01:46:08.569095 f3-fedora fprintd[21137]: Running command: 0x36
out 08 01:46:08.569634 f3-fedora fprintd[21137]: Device reported finger status change: FP_FINGER_STATUS_NEEDED
out 08 01:46:08.569686 f3-fedora fprintd[21137]: Finger present 0
out 08 01:46:08.569719 f3-fedora fprintd[21137]: Finger needed 1
out 08 01:46:08.572653 f3-fedora fprintd[21137]: Got protocol msg
out 08 01:46:08.572680 f3-fedora fprintd[21137]: got ack
out 08 01:46:08.591198 f3-fedora fprintd[21137]: Got protocol msg
out 08 01:46:08.591468 f3-fedora fprintd[21137]: finished scan!FDT base 4463 (reference 4468): 18a 197 162 134 193 1a6 17d 144 187 198 16e 131
out 08 01:46:08.591217 f3-fedora fprintd[21137]: Completed command: 0x36
out 08 01:46:08.591248 f3-fedora fprintd[21137]: [goodixtls55x4] SCAN_STAGE_NUM entering state 1
out 08 01:46:08.591256 f3-fedora fprintd[21137]: Running command: 0x20
out 08 01:46:08.594936 f3-fedora fprintd[21137]: Got protocol msg
out 08 01:46:08.594950 f3-fedora fprintd[21137]: got ack
out 08 01:46:08.631772 f3-fedora fprintd[21137]: Got TLS data msg
out 08 01:46:08.631827 f3-fedora fprintd[21137]: Completed command: 0x20
out 08 01:46:08.632480 f3-fedora fprintd[21137]: Waiting for finger down
out 08 01:46:08.632202 f3-fedora fprintd[21137]: [goodixtls55x4] SCAN_STAGE_NUM entering state 2
out 08 01:46:08.632255 f3-fedora fprintd[21137]: Running command: 0x32
out 08 01:46:08.636629 f3-fedora fprintd[21137]: Got protocol msg
out 08 01:46:08.636663 f3-fedora fprintd[21137]: got ack
out 08 01:46:12.313094 f3-fedora fprintd[21137]: Got protocol msg
out 08 01:46:12.314512 f3-fedora fprintd[21137]: Finger down (touch flag 0xeec, 3680 ms after arming)
out 08 01:46:12.313150 f3-fedora fprintd[21137]: Completed command: 0x32
out 08 01:46:12.313238 f3-fedora fprintd[21137]: [goodixtls55x4] SCAN_STAGE_NUM entering state 3
out 08 01:46:12.313284 f3-fedora fprintd[21137]: Device reported finger status change: FP_FINGER_STATUS_NEEDED | FP_FINGER_STATUS_PRESENT
out 08 01:46:12.313444 f3-fedora fprintd[21137]: Finger present 1
out 08 01:46:12.313482 f3-fedora fprintd[21137]: Finger needed 1
out 08 01:46:12.313512 f3-fedora fprintd[21137]: Image device reported finger status: on
out 08 01:46:12.313542 f3-fedora fprintd[21137]: Image device internal state change from FPI_IMAGE_DEVICE_STATE_AWAIT_FINGER_ON to FPI_IMAGE_DEVICE_STATE_CAPTURE
out 08 01:46:12.313587 f3-fedora fprintd[21137]: 7240593224: ../libfprint/drivers/goodixtls/goodix55x4.c:1510
out 08 01:46:12.313615 f3-fedora fprintd[21137]: Running command: 0x20
out 08 01:46:12.316839 f3-fedora fprintd[21137]: Got protocol msg
out 08 01:46:12.316865 f3-fedora fprintd[21137]: got ack
out 08 01:46:12.354314 f3-fedora fprintd[21137]: Got TLS data msg
out 08 01:46:12.354418 f3-fedora fprintd[21137]: Completed command: 0x20
out 08 01:46:12.376241 f3-fedora fprintd[21137]: Touch image ridge score 36,5 (gate 12), valley depth 0,250 (gate 0,18), coherence 0,49, FDT base 4463, contact 50%, ridge in contact 38,4, touch flag 0xeec -> used
out 08 01:46:12.376211 f3-fedora fprintd[21137]: Image device captured an image
out 08 01:46:12.376329 f3-fedora fprintd[21137]: Waiting for finger up
out 08 01:46:12.376233 f3-fedora fprintd[21137]: Image device internal state change from FPI_IMAGE_DEVICE_STATE_CAPTURE to FPI_IMAGE_DEVICE_STATE_AWAIT_FINGER_OFF
out 08 01:46:12.376243 f3-fedora fprintd[21137]: 7240655903: ../libfprint/drivers/goodixtls/goodix55x4.c:1510
out 08 01:46:12.376248 f3-fedora fprintd[21137]: Device reported finger status change: FP_FINGER_STATUS_PRESENT
out 08 01:46:12.376263 f3-fedora fprintd[21137]: Finger present 1
out 08 01:46:12.376272 f3-fedora fprintd[21137]: Finger needed 0
out 08 01:46:12.376277 f3-fedora fprintd[21137]: [goodixtls55x4] SCAN_STAGE_NUM entering state 4
out 08 01:46:12.376285 f3-fedora fprintd[21137]: Running command: 0x34
out 08 01:46:12.380853 f3-fedora fprintd[21137]: Got protocol msg
out 08 01:46:12.380864 f3-fedora fprintd[21137]: got ack
out 08 01:46:12.381262 f3-fedora fprintd[21137]: sigfm extract completed in 0,004968 secs
out 08 01:46:12.381300 f3-fedora fprintd[21137]: Device reported enroll progress, reported 26 of 40 have been completed
out 08 01:46:12.381307 f3-fedora fprintd[21137]: enroll_stage_cb: result enroll-stage-passed
out 08 01:46:12.822149 f3-fedora fprintd[21137]: Got protocol msg
out 08 01:46:12.822684 f3-fedora fprintd[21137]: Finger up
out 08 01:46:12.822188 f3-fedora fprintd[21137]: Completed command: 0x34
out 08 01:46:13.073019 f3-fedora fprintd[21137]: [goodixtls55x4] SCAN_STAGE_NUM entering state 6
out 08 01:46:13.073050 f3-fedora fprintd[21137]: [goodixtls55x4] SCAN_STAGE_NUM completed successfully
out 08 01:46:13.073097 f3-fedora fprintd[21137]: finished scan
out 08 01:46:13.073130 f3-fedora fprintd[21137]: Device reported finger status change: FP_FINGER_STATUS_NONE
out 08 01:46:13.073217 f3-fedora fprintd[21137]: Finger present 0
out 08 01:46:13.073240 f3-fedora fprintd[21137]: Finger needed 0
out 08 01:46:13.073259 f3-fedora fprintd[21137]: Image device reported finger status: off
out 08 01:46:13.073286 f3-fedora fprintd[21137]: Image device internal state change from FPI_IMAGE_DEVICE_STATE_AWAIT_FINGER_OFF to FPI_IMAGE_DEVICE_STATE_IDLE
out 08 01:46:13.073377 f3-fedora fprintd[21137]: 7241352969: ../libfprint/drivers/goodixtls/goodix55x4.c:1510
out 08 01:46:13.073445 f3-fedora fprintd[21137]: Image device internal state change from FPI_IMAGE_DEVICE_STATE_IDLE to FPI_IMAGE_DEVICE_STATE_AWAIT_FINGER_ON
out 08 01:46:13.073494 f3-fedora fprintd[21137]: 7241353125: ../libfprint/drivers/goodixtls/goodix55x4.c:1510
out 08 01:46:13.073529 f3-fedora fprintd[21137]: [goodixtls55x4] SCAN_STAGE_NUM entering state 0
out 08 01:46:13.073561 f3-fedora fprintd[21137]: Running command: 0x36
out 08 01:46:13.073985 f3-fedora fprintd[21137]: Device reported finger status change: FP_FINGER_STATUS_NEEDED
out 08 01:46:13.074041 f3-fedora fprintd[21137]: Finger present 0
out 08 01:46:13.074099 f3-fedora fprintd[21137]: Finger needed 1
out 08 01:46:13.077130 f3-fedora fprintd[21137]: Got protocol msg
out 08 01:46:13.077157 f3-fedora fprintd[21137]: got ack
out 08 01:46:13.096237 f3-fedora fprintd[21137]: Got protocol msg
out 08 01:46:13.096726 f3-fedora fprintd[21137]: finished scan!FDT base 4463 (reference 4468): 18a 197 162 133 194 1a6 17d 145 187 198 16e 130
out 08 01:46:13.096290 f3-fedora fprintd[21137]: Completed command: 0x36
out 08 01:46:13.096411 f3-fedora fprintd[21137]: [goodixtls55x4] SCAN_STAGE_NUM entering state 1
out 08 01:46:13.096434 f3-fedora fprintd[21137]: Running command: 0x20
out 08 01:46:13.099897 f3-fedora fprintd[21137]: Got protocol msg
out 08 01:46:13.099924 f3-fedora fprintd[21137]: got ack
out 08 01:46:13.138000 f3-fedora fprintd[21137]: Got TLS data msg
out 08 01:46:13.138053 f3-fedora fprintd[21137]: Completed command: 0x20
out 08 01:46:13.138691 f3-fedora fprintd[21137]: Waiting for finger down
out 08 01:46:13.138480 f3-fedora fprintd[21137]: [goodixtls55x4] SCAN_STAGE_NUM entering state 2
out 08 01:46:13.138546 f3-fedora fprintd[21137]: Running command: 0x32
out 08 01:46:13.142643 f3-fedora fprintd[21137]: Got protocol msg
out 08 01:46:13.142669 f3-fedora fprintd[21137]: got ack
out 08 01:46:13.401673 f3-fedora fprintd[21137]: Got protocol msg
out 08 01:46:13.403500 f3-fedora fprintd[21137]: Finger down (touch flag 0xfe4, 263 ms after arming)
out 08 01:46:13.401727 f3-fedora fprintd[21137]: Completed command: 0x32
out 08 01:46:13.401783 f3-fedora fprintd[21137]: [goodixtls55x4] SCAN_STAGE_NUM entering state 3
out 08 01:46:13.401814 f3-fedora fprintd[21137]: Device reported finger status change: FP_FINGER_STATUS_NEEDED | FP_FINGER_STATUS_PRESENT
out 08 01:46:13.401897 f3-fedora fprintd[21137]: Finger present 1
out 08 01:46:13.401918 f3-fedora fprintd[21137]: Finger needed 1
out 08 01:46:13.401940 f3-fedora fprintd[21137]: Image device reported finger status: on
out 08 01:46:13.401970 f3-fedora fprintd[21137]: Image device internal state change from FPI_IMAGE_DEVICE_STATE_AWAIT_FINGER_ON to FPI_IMAGE_DEVICE_STATE_CAPTURE
out 08 01:46:13.402020 f3-fedora fprintd[21137]: 7241681652: ../libfprint/drivers/goodixtls/goodix55x4.c:1510
out 08 01:46:13.402053 f3-fedora fprintd[21137]: Running command: 0x20
out 08 01:46:13.405365 f3-fedora fprintd[21137]: Got protocol msg
out 08 01:46:13.405391 f3-fedora fprintd[21137]: got ack
out 08 01:46:13.444071 f3-fedora fprintd[21137]: Got TLS data msg
out 08 01:46:13.444118 f3-fedora fprintd[21137]: Completed command: 0x20
out 08 01:46:13.462901 f3-fedora fprintd[21137]: Touch image ridge score 32,9 (gate 12), valley depth 0,247 (gate 0,18), coherence 0,46, FDT base 4463, contact 50%, ridge in contact 35,9, touch flag 0xfe4 -> used
out 08 01:46:13.462862 f3-fedora fprintd[21137]: Image device captured an image
out 08 01:46:13.463014 f3-fedora fprintd[21137]: Waiting for finger up
out 08 01:46:13.462883 f3-fedora fprintd[21137]: Image device internal state change from FPI_IMAGE_DEVICE_STATE_CAPTURE to FPI_IMAGE_DEVICE_STATE_AWAIT_FINGER_OFF
out 08 01:46:13.462892 f3-fedora fprintd[21137]: 7241742553: ../libfprint/drivers/goodixtls/goodix55x4.c:1510
out 08 01:46:13.462897 f3-fedora fprintd[21137]: Device reported finger status change: FP_FINGER_STATUS_PRESENT
out 08 01:46:13.462911 f3-fedora fprintd[21137]: Finger present 1
out 08 01:46:13.462921 f3-fedora fprintd[21137]: Finger needed 0
out 08 01:46:13.462926 f3-fedora fprintd[21137]: [goodixtls55x4] SCAN_STAGE_NUM entering state 4
out 08 01:46:13.462934 f3-fedora fprintd[21137]: Running command: 0x34
out 08 01:46:13.467277 f3-fedora fprintd[21137]: sigfm extract completed in 0,004324 secs
out 08 01:46:13.467301 f3-fedora fprintd[21137]: Got protocol msg
out 08 01:46:13.467306 f3-fedora fprintd[21137]: got ack
out 08 01:46:13.467366 f3-fedora fprintd[21137]: Device reported enroll progress, reported 27 of 40 have been completed
out 08 01:46:13.467373 f3-fedora fprintd[21137]: enroll_stage_cb: result enroll-stage-passed
out 08 01:46:13.847057 f3-fedora fprintd[21137]: Got protocol msg
out 08 01:46:13.847553 f3-fedora fprintd[21137]: Finger up
out 08 01:46:13.847114 f3-fedora fprintd[21137]: Completed command: 0x34
out 08 01:46:14.097986 f3-fedora fprintd[21137]: [goodixtls55x4] SCAN_STAGE_NUM entering state 6
out 08 01:46:14.098020 f3-fedora fprintd[21137]: [goodixtls55x4] SCAN_STAGE_NUM completed successfully
out 08 01:46:14.098076 f3-fedora fprintd[21137]: finished scan
out 08 01:46:14.098130 f3-fedora fprintd[21137]: Device reported finger status change: FP_FINGER_STATUS_NONE
out 08 01:46:14.098226 f3-fedora fprintd[21137]: Finger present 0
out 08 01:46:14.098250 f3-fedora fprintd[21137]: Finger needed 0
out 08 01:46:14.098272 f3-fedora fprintd[21137]: Image device reported finger status: off
out 08 01:46:14.098305 f3-fedora fprintd[21137]: Image device internal state change from FPI_IMAGE_DEVICE_STATE_AWAIT_FINGER_OFF to FPI_IMAGE_DEVICE_STATE_IDLE
out 08 01:46:14.098415 f3-fedora fprintd[21137]: 7242377989: ../libfprint/drivers/goodixtls/goodix55x4.c:1510
out 08 01:46:14.098469 f3-fedora fprintd[21137]: Image device internal state change from FPI_IMAGE_DEVICE_STATE_IDLE to FPI_IMAGE_DEVICE_STATE_AWAIT_FINGER_ON
out 08 01:46:14.098523 f3-fedora fprintd[21137]: 7242378151: ../libfprint/drivers/goodixtls/goodix55x4.c:1510
out 08 01:46:14.098563 f3-fedora fprintd[21137]: [goodixtls55x4] SCAN_STAGE_NUM entering state 0
out 08 01:46:14.098602 f3-fedora fprintd[21137]: Running command: 0x36
out 08 01:46:14.099073 f3-fedora fprintd[21137]: Device reported finger status change: FP_FINGER_STATUS_NEEDED
out 08 01:46:14.099122 f3-fedora fprintd[21137]: Finger present 0
out 08 01:46:14.099157 f3-fedora fprintd[21137]: Finger needed 1
out 08 01:46:14.102296 f3-fedora fprintd[21137]: Got protocol msg
out 08 01:46:14.102320 f3-fedora fprintd[21137]: got ack
out 08 01:46:14.120848 f3-fedora fprintd[21137]: Got protocol msg
out 08 01:46:14.121380 f3-fedora fprintd[21137]: finished scan!FDT base 4465 (reference 4468): 18a 197 162 134 194 1a6 17d 145 188 198 16e 130
out 08 01:46:14.120894 f3-fedora fprintd[21137]: Completed command: 0x36
out 08 01:46:14.120965 f3-fedora fprintd[21137]: [goodixtls55x4] SCAN_STAGE_NUM entering state 1
out 08 01:46:14.120981 f3-fedora fprintd[21137]: Running command: 0x20
out 08 01:46:14.124254 f3-fedora fprintd[21137]: Got protocol msg
out 08 01:46:14.124280 f3-fedora fprintd[21137]: got ack
out 08 01:46:14.162169 f3-fedora fprintd[21137]: Got TLS data msg
out 08 01:46:14.162234 f3-fedora fprintd[21137]: Completed command: 0x20
out 08 01:46:14.162634 f3-fedora fprintd[21137]: [goodixtls55x4] SCAN_STAGE_NUM entering state 2
out 08 01:46:14.162899 f3-fedora fprintd[21137]: Waiting for finger down
out 08 01:46:14.162681 f3-fedora fprintd[21137]: Running command: 0x32
out 08 01:46:14.166817 f3-fedora fprintd[21137]: Got protocol msg
out 08 01:46:14.166844 f3-fedora fprintd[21137]: got ack
out 08 01:46:14.283067 f3-fedora fprintd[21137]: Got protocol msg
out 08 01:46:14.283505 f3-fedora fprintd[21137]: Finger down (touch flag 0xfe0, 120 ms after arming)
out 08 01:46:14.283107 f3-fedora fprintd[21137]: Completed command: 0x32
out 08 01:46:14.283160 f3-fedora fprintd[21137]: [goodixtls55x4] SCAN_STAGE_NUM entering state 3
out 08 01:46:14.283197 f3-fedora fprintd[21137]: Device reported finger status change: FP_FINGER_STATUS_NEEDED | FP_FINGER_STATUS_PRESENT
out 08 01:46:14.283282 f3-fedora fprintd[21137]: Finger present 1
out 08 01:46:14.283304 f3-fedora fprintd[21137]: Finger needed 1
out 08 01:46:14.283321 f3-fedora fprintd[21137]: Image device reported finger status: on
out 08 01:46:14.283394 f3-fedora fprintd[21137]: Image device internal state change from FPI_IMAGE_DEVICE_STATE_AWAIT_FINGER_ON to FPI_IMAGE_DEVICE_STATE_CAPTURE
out 08 01:46:14.283433 f3-fedora fprintd[21137]: 7242563075: ../libfprint/drivers/goodixtls/goodix55x4.c:1510
out 08 01:46:14.283452 f3-fedora fprintd[21137]: Running command: 0x20
out 08 01:46:14.286568 f3-fedora fprintd[21137]: Got protocol msg
out 08 01:46:14.286592 f3-fedora fprintd[21137]: got ack
out 08 01:46:14.324392 f3-fedora fprintd[21137]: Got TLS data msg
out 08 01:46:14.324447 f3-fedora fprintd[21137]: Completed command: 0x20
out 08 01:46:14.345260 f3-fedora fprintd[21137]: Touch image ridge score 32,5 (gate 12), valley depth 0,335 (gate 0,18), coherence 0,66, FDT base 4465, contact 4%, ridge in contact 57,8, touch flag 0xfe0 -> used
out 08 01:46:14.345233 f3-fedora fprintd[21137]: Image device captured an image
out 08 01:46:14.345365 f3-fedora fprintd[21137]: Waiting for finger up
out 08 01:46:14.345257 f3-fedora fprintd[21137]: Image device internal state change from FPI_IMAGE_DEVICE_STATE_CAPTURE to FPI_IMAGE_DEVICE_STATE_AWAIT_FINGER_OFF
out 08 01:46:14.345268 f3-fedora fprintd[21137]: 7242624927: ../libfprint/drivers/goodixtls/goodix55x4.c:1510
out 08 01:46:14.345273 f3-fedora fprintd[21137]: Device reported finger status change: FP_FINGER_STATUS_PRESENT
out 08 01:46:14.345288 f3-fedora fprintd[21137]: Finger present 1
out 08 01:46:14.345297 f3-fedora fprintd[21137]: Finger needed 0
out 08 01:46:14.345303 f3-fedora fprintd[21137]: [goodixtls55x4] SCAN_STAGE_NUM entering state 4
out 08 01:46:14.345312 f3-fedora fprintd[21137]: Running command: 0x34
out 08 01:46:14.349760 f3-fedora fprintd[21137]: Got protocol msg
out 08 01:46:14.349770 f3-fedora fprintd[21137]: sigfm extract completed in 0,004455 secs
out 08 01:46:14.349771 f3-fedora fprintd[21137]: got ack
out 08 01:46:14.349848 f3-fedora fprintd[21137]: Device reported enroll progress, reported 28 of 40 have been completed
out 08 01:46:14.349855 f3-fedora fprintd[21137]: enroll_stage_cb: result enroll-stage-passed
out 08 01:46:14.831586 f3-fedora fprintd[21137]: Got protocol msg
out 08 01:46:14.832980 f3-fedora fprintd[21137]: Finger up
out 08 01:46:14.831627 f3-fedora fprintd[21137]: Completed command: 0x34
out 08 01:46:15.082514 f3-fedora fprintd[21137]: [goodixtls55x4] SCAN_STAGE_NUM entering state 6
out 08 01:46:15.082544 f3-fedora fprintd[21137]: [goodixtls55x4] SCAN_STAGE_NUM completed successfully
out 08 01:46:15.082589 f3-fedora fprintd[21137]: finished scan
out 08 01:46:15.082623 f3-fedora fprintd[21137]: Device reported finger status change: FP_FINGER_STATUS_NONE
out 08 01:46:15.082708 f3-fedora fprintd[21137]: Finger present 0
out 08 01:46:15.082730 f3-fedora fprintd[21137]: Finger needed 0
out 08 01:46:15.082748 f3-fedora fprintd[21137]: Image device reported finger status: off
out 08 01:46:15.082775 f3-fedora fprintd[21137]: Image device internal state change from FPI_IMAGE_DEVICE_STATE_AWAIT_FINGER_OFF to FPI_IMAGE_DEVICE_STATE_IDLE
out 08 01:46:15.082816 f3-fedora fprintd[21137]: 7243362457: ../libfprint/drivers/goodixtls/goodix55x4.c:1510
out 08 01:46:15.082848 f3-fedora fprintd[21137]: Image device internal state change from FPI_IMAGE_DEVICE_STATE_IDLE to FPI_IMAGE_DEVICE_STATE_AWAIT_FINGER_ON
out 08 01:46:15.082882 f3-fedora fprintd[21137]: 7243362524: ../libfprint/drivers/goodixtls/goodix55x4.c:1510
out 08 01:46:15.082914 f3-fedora fprintd[21137]: [goodixtls55x4] SCAN_STAGE_NUM entering state 0
out 08 01:46:15.082945 f3-fedora fprintd[21137]: Running command: 0x36
out 08 01:46:15.083464 f3-fedora fprintd[21137]: Device reported finger status change: FP_FINGER_STATUS_NEEDED
out 08 01:46:15.083523 f3-fedora fprintd[21137]: Finger present 0
out 08 01:46:15.083558 f3-fedora fprintd[21137]: Finger needed 1
out 08 01:46:15.086470 f3-fedora fprintd[21137]: Got protocol msg
out 08 01:46:15.086509 f3-fedora fprintd[21137]: got ack
out 08 01:46:15.105226 f3-fedora fprintd[21137]: Got protocol msg
out 08 01:46:15.105662 f3-fedora fprintd[21137]: finished scan!FDT base 3424 (reference 4468) finger on sensor: 13f 14b 11c ee 12a 14b 12e e8 122 13a 113 d2
out 08 01:46:15.105260 f3-fedora fprintd[21137]: Completed command: 0x36
out 08 01:46:15.356003 f3-fedora fprintd[21137]: [goodixtls55x4] SCAN_STAGE_NUM entering state 0
out 08 01:46:15.356037 f3-fedora fprintd[21137]: Running command: 0x36
out 08 01:46:15.359692 f3-fedora fprintd[21137]: Got protocol msg
out 08 01:46:15.359717 f3-fedora fprintd[21137]: got ack
out 08 01:46:15.378174 f3-fedora fprintd[21137]: Got protocol msg
out 08 01:46:15.378226 f3-fedora fprintd[21137]: Completed command: 0x36
out 08 01:46:15.378803 f3-fedora fprintd[21137]: FDT base 3313 (reference 4468) finger on sensor: 12f 141 116 e8 11c 140 125 e0 118 131 10c cd
out 08 01:46:15.629077 f3-fedora fprintd[21137]: [goodixtls55x4] SCAN_STAGE_NUM entering state 0
out 08 01:46:15.629111 f3-fedora fprintd[21137]: Running command: 0x36
out 08 01:46:15.633277 f3-fedora fprintd[21137]: Got protocol msg
out 08 01:46:15.633306 f3-fedora fprintd[21137]: got ack
out 08 01:46:15.651832 f3-fedora fprintd[21137]: Got protocol msg
out 08 01:46:15.652233 f3-fedora fprintd[21137]: FDT base 3463 (reference 4468) finger on sensor: 170 15d 11e f9 11e 141 127 e4 118 132 10c e3
out 08 01:46:15.651876 f3-fedora fprintd[21137]: Completed command: 0x36
out 08 01:46:15.902805 f3-fedora fprintd[21137]: [goodixtls55x4] SCAN_STAGE_NUM entering state 0
out 08 01:46:15.902850 f3-fedora fprintd[21137]: Running command: 0x36
out 08 01:46:15.906851 f3-fedora fprintd[21137]: Got protocol msg
out 08 01:46:15.906879 f3-fedora fprintd[21137]: got ack
out 08 01:46:15.925299 f3-fedora fprintd[21137]: Got protocol msg
out 08 01:46:15.925384 f3-fedora fprintd[21137]: Completed command: 0x36
out 08 01:46:15.925943 f3-fedora fprintd[21137]: FDT base 3674 (reference 4468) low: 183 169 12c f9 154 15a 13b 105 142 129 10b e5
out 08 01:46:16.176208 f3-fedora fprintd[21137]: [goodixtls55x4] SCAN_STAGE_NUM entering state 0
out 08 01:46:16.176242 f3-fedora fprintd[21137]: Running command: 0x36
out 08 01:46:16.179729 f3-fedora fprintd[21137]: Got protocol msg
out 08 01:46:16.179755 f3-fedora fprintd[21137]: got ack
out 08 01:46:16.198885 f3-fedora fprintd[21137]: Got protocol msg
out 08 01:46:16.199278 f3-fedora fprintd[21137]: FDT base 3450 (reference 4468) finger on sensor: 13f 141 12a f8 11d 154 12e ff 13b 11f 103 dd
out 08 01:46:16.198927 f3-fedora fprintd[21137]: Completed command: 0x36
out 08 01:46:16.449523 f3-fedora fprintd[21137]: [goodixtls55x4] SCAN_STAGE_NUM entering state 0
out 08 01:46:16.449559 f3-fedora fprintd[21137]: Running command: 0x36
out 08 01:46:16.453144 f3-fedora fprintd[21137]: Got protocol msg
out 08 01:46:16.453169 f3-fedora fprintd[21137]: got ack
out 08 01:46:16.471774 f3-fedora fprintd[21137]: Got protocol msg
out 08 01:46:16.472162 f3-fedora fprintd[21137]: FDT base 3445 (reference 4468) finger on sensor: 13f 141 129 f7 11c 154 12e ff 13c 11e 102 dc
out 08 01:46:16.471820 f3-fedora fprintd[21137]: Completed command: 0x36
out 08 01:46:16.722369 f3-fedora fprintd[21137]: [goodixtls55x4] SCAN_STAGE_NUM entering state 0
out 08 01:46:16.722408 f3-fedora fprintd[21137]: Running command: 0x36
out 08 01:46:16.726497 f3-fedora fprintd[21137]: Got protocol msg
out 08 01:46:16.726540 f3-fedora fprintd[21137]: got ack
out 08 01:46:16.743917 f3-fedora fprintd[21137]: Got protocol msg
out 08 01:46:16.744106 f3-fedora fprintd[21137]: FDT base 4464 (reference 4468) rising: 18b 197 162 134 193 1a6 17d 144 188 198 16e 130
out 08 01:46:16.743934 f3-fedora fprintd[21137]: Completed command: 0x36
out 08 01:46:16.994403 f3-fedora fprintd[21137]: [goodixtls55x4] SCAN_STAGE_NUM entering state 0
out 08 01:46:16.994442 f3-fedora fprintd[21137]: Running command: 0x36
out 08 01:46:16.998096 f3-fedora fprintd[21137]: Got protocol msg
out 08 01:46:16.998121 f3-fedora fprintd[21137]: got ack
out 08 01:46:17.016204 f3-fedora fprintd[21137]: Got protocol msg
out 08 01:46:17.016718 f3-fedora fprintd[21137]: FDT base 3479 (reference 4468) finger on sensor: 149 13d 110 d9 131 160 128 e7 12d 149 118 fa
out 08 01:46:17.016244 f3-fedora fprintd[21137]: Completed command: 0x36
out 08 01:46:17.266753 f3-fedora fprintd[21137]: [goodixtls55x4] SCAN_STAGE_NUM entering state 0
out 08 01:46:17.266788 f3-fedora fprintd[21137]: Running command: 0x36
out 08 01:46:17.270455 f3-fedora fprintd[21137]: Got protocol msg
out 08 01:46:17.270481 f3-fedora fprintd[21137]: got ack
out 08 01:46:17.289278 f3-fedora fprintd[21137]: Got protocol msg
out 08 01:46:17.289323 f3-fedora fprintd[21137]: Completed command: 0x36
out 08 01:46:17.289902 f3-fedora fprintd[21137]: FDT base 3451 (reference 4468) finger on sensor: 149 139 111 df 12f 15f 123 e7 12b 146 122 de
out 08 01:46:17.540144 f3-fedora fprintd[21137]: [goodixtls55x4] SCAN_STAGE_NUM entering state 0
out 08 01:46:17.540179 f3-fedora fprintd[21137]: Running command: 0x36
out 08 01:46:17.543722 f3-fedora fprintd[21137]: Got protocol msg
out 08 01:46:17.543750 f3-fedora fprintd[21137]: got ack
out 08 01:46:17.562066 f3-fedora fprintd[21137]: Got protocol msg
out 08 01:46:17.562123 f3-fedora fprintd[21137]: Completed command: 0x36
out 08 01:46:17.562738 f3-fedora fprintd[21137]: FDT base 3904 (reference 4468) low: 189 191 151 124 184 16f 130 103 141 146 123 e1
out 08 01:46:17.812972 f3-fedora fprintd[21137]: [goodixtls55x4] SCAN_STAGE_NUM entering state 0
out 08 01:46:17.813010 f3-fedora fprintd[21137]: Running command: 0x36
out 08 01:46:17.816758 f3-fedora fprintd[21137]: Got protocol msg
out 08 01:46:17.816786 f3-fedora fprintd[21137]: got ack
out 08 01:46:17.834756 f3-fedora fprintd[21137]: Got protocol msg
out 08 01:46:17.834820 f3-fedora fprintd[21137]: Completed command: 0x36
out 08 01:46:17.835416 f3-fedora fprintd[21137]: FDT base 3457 (reference 4468) finger on sensor: 154 13a 10b f7 133 150 127 f5 131 137 114 d6
out 08 01:46:18.085754 f3-fedora fprintd[21137]: [goodixtls55x4] SCAN_STAGE_NUM entering state 0
out 08 01:46:18.085803 f3-fedora fprintd[21137]: Running command: 0x36
out 08 01:46:18.089185 f3-fedora fprintd[21137]: Got protocol msg
out 08 01:46:18.089211 f3-fedora fprintd[21137]: got ack
out 08 01:46:18.107884 f3-fedora fprintd[21137]: Got protocol msg
out 08 01:46:18.108414 f3-fedora fprintd[21137]: FDT base 4462 (reference 4468) rising: 18b 197 162 133 193 1a5 17d 145 187 198 16e 130
out 08 01:46:18.107928 f3-fedora fprintd[21137]: Completed command: 0x36
out 08 01:46:18.358486 f3-fedora fprintd[21137]: [goodixtls55x4] SCAN_STAGE_NUM entering state 0
out 08 01:46:18.358515 f3-fedora fprintd[21137]: Running command: 0x36
out 08 01:46:18.362189 f3-fedora fprintd[21137]: Got protocol msg
out 08 01:46:18.362213 f3-fedora fprintd[21137]: got ack
out 08 01:46:18.380600 f3-fedora fprintd[21137]: Got protocol msg
out 08 01:46:18.381009 f3-fedora fprintd[21137]: FDT base 3418 (reference 4468) finger on sensor: 117 150 11f ed 135 142 127 fd 12a 134 116 d8
out 08 01:46:18.380638 f3-fedora fprintd[21137]: Completed command: 0x36
out 08 01:46:18.631466 f3-fedora fprintd[21137]: [goodixtls55x4] SCAN_STAGE_NUM entering state 0
out 08 01:46:18.631502 f3-fedora fprintd[21137]: Running command: 0x36
out 08 01:46:18.635657 f3-fedora fprintd[21137]: Got protocol msg
out 08 01:46:18.635683 f3-fedora fprintd[21137]: got ack
out 08 01:46:18.654442 f3-fedora fprintd[21137]: Got protocol msg
out 08 01:46:18.654898 f3-fedora fprintd[21137]: FDT base 3401 (reference 4468) finger on sensor: 114 14f 11e ec 134 140 126 fd 128 133 114 d6
out 08 01:46:18.654486 f3-fedora fprintd[21137]: Completed command: 0x36
out 08 01:46:18.905400 f3-fedora fprintd[21137]: [goodixtls55x4] SCAN_STAGE_NUM entering state 0
out 08 01:46:18.905439 f3-fedora fprintd[21137]: Running command: 0x36
out 08 01:46:18.909098 f3-fedora fprintd[21137]: Got protocol msg
out 08 01:46:18.909123 f3-fedora fprintd[21137]: got ack
out 08 01:46:18.927542 f3-fedora fprintd[21137]: Got protocol msg
out 08 01:46:18.927599 f3-fedora fprintd[21137]: Completed command: 0x36
out 08 01:46:18.928126 f3-fedora fprintd[21137]: FDT base 4467 (reference 4468) rising: 18b 197 162 134 194 1a6 17d 145 188 198 16e 131
out 08 01:46:19.178159 f3-fedora fprintd[21137]: [goodixtls55x4] SCAN_STAGE_NUM entering state 0
out 08 01:46:19.178206 f3-fedora fprintd[21137]: Running command: 0x36
out 08 01:46:19.181767 f3-fedora fprintd[21137]: Got protocol msg
out 08 01:46:19.181794 f3-fedora fprintd[21137]: got ack
out 08 01:46:19.199986 f3-fedora fprintd[21137]: Got protocol msg
out 08 01:46:19.200029 f3-fedora fprintd[21137]: Completed command: 0x36
out 08 01:46:19.200634 f3-fedora fprintd[21137]: FDT base 4468 (reference 4468): 18b 197 162 134 194 1a6 17e 145 188 198 16e 131
out 08 01:46:19.200095 f3-fedora fprintd[21137]: [goodixtls55x4] SCAN_STAGE_NUM entering state 1
out 08 01:46:19.200116 f3-fedora fprintd[21137]: Running command: 0x20
out 08 01:46:19.204425 f3-fedora fprintd[21137]: Got protocol msg
out 08 01:46:19.204455 f3-fedora fprintd[21137]: got ack
out 08 01:46:19.241778 f3-fedora fprintd[21137]: Got TLS data msg
out 08 01:46:19.241838 f3-fedora fprintd[21137]: Completed command: 0x20
out 08 01:46:19.242516 f3-fedora fprintd[21137]: Waiting for finger down
out 08 01:46:19.242222 f3-fedora fprintd[21137]: [goodixtls55x4] SCAN_STAGE_NUM entering state 2
out 08 01:46:19.242272 f3-fedora fprintd[21137]: Running command: 0x32
out 08 01:46:19.245916 f3-fedora fprintd[21137]: Got protocol msg
out 08 01:46:19.245944 f3-fedora fprintd[21137]: got ack
out 08 01:46:19.565693 f3-fedora fprintd[21137]: Got protocol msg
out 08 01:46:19.565924 f3-fedora fprintd[21137]: Finger down (touch flag 0xcec, 323 ms after arming)
out 08 01:46:19.565709 f3-fedora fprintd[21137]: Completed command: 0x32
out 08 01:46:19.565748 f3-fedora fprintd[21137]: [goodixtls55x4] SCAN_STAGE_NUM entering state 3
out 08 01:46:19.565759 f3-fedora fprintd[21137]: Device reported finger status change: FP_FINGER_STATUS_NEEDED | FP_FINGER_STATUS_PRESENT
out 08 01:46:19.565794 f3-fedora fprintd[21137]: Finger present 1
out 08 01:46:19.565802 f3-fedora fprintd[21137]: Finger needed 1
out 08 01:46:19.565808 f3-fedora fprintd[21137]: Image device reported finger status: on
out 08 01:46:19.565816 f3-fedora fprintd[21137]: Image device internal state change from FPI_IMAGE_DEVICE_STATE_AWAIT_FINGER_ON to FPI_IMAGE_DEVICE_STATE_CAPTURE
out 08 01:46:19.565827 f3-fedora fprintd[21137]: 7247845486: ../libfprint/drivers/goodixtls/goodix55x4.c:1510
out 08 01:46:19.565835 f3-fedora fprintd[21137]: Running command: 0x20
out 08 01:46:19.569560 f3-fedora fprintd[21137]: Got protocol msg
out 08 01:46:19.569569 f3-fedora fprintd[21137]: got ack
out 08 01:46:19.607594 f3-fedora fprintd[21137]: Got TLS data msg
out 08 01:46:19.607630 f3-fedora fprintd[21137]: Completed command: 0x20
out 08 01:46:19.651203 f3-fedora fprintd[21137]: Touch image ridge score 33,1 (gate 12), valley depth 0,232 (gate 0,18), coherence 0,52, FDT base 4468, contact 55%, ridge in contact 37,2, touch flag 0xcec -> used
out 08 01:46:19.651150 f3-fedora fprintd[21137]: Image device captured an image
out 08 01:46:19.651353 f3-fedora fprintd[21137]: Waiting for finger up
out 08 01:46:19.651195 f3-fedora fprintd[21137]: Image device internal state change from FPI_IMAGE_DEVICE_STATE_CAPTURE to FPI_IMAGE_DEVICE_STATE_AWAIT_FINGER_OFF
out 08 01:46:19.651211 f3-fedora fprintd[21137]: 7247930868: ../libfprint/drivers/goodixtls/goodix55x4.c:1510
out 08 01:46:19.651223 f3-fedora fprintd[21137]: Device reported finger status change: FP_FINGER_STATUS_PRESENT
out 08 01:46:19.651245 f3-fedora fprintd[21137]: Finger present 1
out 08 01:46:19.651261 f3-fedora fprintd[21137]: Finger needed 0
out 08 01:46:19.651269 f3-fedora fprintd[21137]: [goodixtls55x4] SCAN_STAGE_NUM entering state 4
out 08 01:46:19.651282 f3-fedora fprintd[21137]: Running command: 0x34
out 08 01:46:19.654589 f3-fedora fprintd[21137]: Got protocol msg
out 08 01:46:19.654602 f3-fedora fprintd[21137]: got ack
out 08 01:46:19.657349 f3-fedora fprintd[21137]: sigfm extract completed in 0,006123 secs
out 08 01:46:19.657460 f3-fedora fprintd[21137]: Device reported enroll progress, reported 29 of 40 have been completed
out 08 01:46:19.657470 f3-fedora fprintd[21137]: enroll_stage_cb: result enroll-stage-passed
out 08 01:46:20.035727 f3-fedora fprintd[21137]: Got protocol msg
out 08 01:46:20.036048 f3-fedora fprintd[21137]: Finger up
out 08 01:46:20.035750 f3-fedora fprintd[21137]: Completed command: 0x34
out 08 01:46:20.286508 f3-fedora fprintd[21137]: [goodixtls55x4] SCAN_STAGE_NUM entering state 6
out 08 01:46:20.286546 f3-fedora fprintd[21137]: [goodixtls55x4] SCAN_STAGE_NUM completed successfully
out 08 01:46:20.286589 f3-fedora fprintd[21137]: finished scan
out 08 01:46:20.286616 f3-fedora fprintd[21137]: Device reported finger status change: FP_FINGER_STATUS_NONE
out 08 01:46:20.286694 f3-fedora fprintd[21137]: Finger present 0
out 08 01:46:20.286712 f3-fedora fprintd[21137]: Finger needed 0
out 08 01:46:20.286741 f3-fedora fprintd[21137]: Image device reported finger status: off
out 08 01:46:20.286761 f3-fedora fprintd[21137]: Image device internal state change from FPI_IMAGE_DEVICE_STATE_AWAIT_FINGER_OFF to FPI_IMAGE_DEVICE_STATE_IDLE
out 08 01:46:20.286803 f3-fedora fprintd[21137]: 7248566440: ../libfprint/drivers/goodixtls/goodix55x4.c:1510
out 08 01:46:20.286869 f3-fedora fprintd[21137]: Image device internal state change from FPI_IMAGE_DEVICE_STATE_IDLE to FPI_IMAGE_DEVICE_STATE_AWAIT_FINGER_ON
out 08 01:46:20.286911 f3-fedora fprintd[21137]: 7248566546: ../libfprint/drivers/goodixtls/goodix55x4.c:1510
out 08 01:46:20.286946 f3-fedora fprintd[21137]: [goodixtls55x4] SCAN_STAGE_NUM entering state 0
out 08 01:46:20.286978 f3-fedora fprintd[21137]: Running command: 0x36
out 08 01:46:20.287553 f3-fedora fprintd[21137]: Device reported finger status change: FP_FINGER_STATUS_NEEDED
out 08 01:46:20.287632 f3-fedora fprintd[21137]: Finger present 0
out 08 01:46:20.287677 f3-fedora fprintd[21137]: Finger needed 1
out 08 01:46:20.290458 f3-fedora fprintd[21137]: Got protocol msg
out 08 01:46:20.290482 f3-fedora fprintd[21137]: got ack
out 08 01:46:20.309532 f3-fedora fprintd[21137]: Got protocol msg
out 08 01:46:20.309941 f3-fedora fprintd[21137]: finished scan!FDT base 4466 (reference 4468): 18b 197 162 134 194 1a6 17d 145 188 198 16e 130
out 08 01:46:20.309569 f3-fedora fprintd[21137]: Completed command: 0x36
out 08 01:46:20.309624 f3-fedora fprintd[21137]: [goodixtls55x4] SCAN_STAGE_NUM entering state 1
out 08 01:46:20.309638 f3-fedora fprintd[21137]: Running command: 0x20
out 08 01:46:20.313110 f3-fedora fprintd[21137]: Got protocol msg
out 08 01:46:20.313135 f3-fedora fprintd[21137]: got ack
out 08 01:46:20.350833 f3-fedora fprintd[21137]: Got TLS data msg
out 08 01:46:20.350877 f3-fedora fprintd[21137]: Completed command: 0x20
out 08 01:46:20.351426 f3-fedora fprintd[21137]: Waiting for finger down
out 08 01:46:20.351200 f3-fedora fprintd[21137]: [goodixtls55x4] SCAN_STAGE_NUM entering state 2
out 08 01:46:20.351242 f3-fedora fprintd[21137]: Running command: 0x32
out 08 01:46:20.355501 f3-fedora fprintd[21137]: Got protocol msg
out 08 01:46:20.355524 f3-fedora fprintd[21137]: got ack
out 08 01:46:21.407709 f3-fedora fprintd[21137]: Got protocol msg
out 08 01:46:21.409115 f3-fedora fprintd[21137]: Finger down (touch flag 0xf70, 1056 ms after arming)
out 08 01:46:21.407764 f3-fedora fprintd[21137]: Completed command: 0x32
out 08 01:46:21.407826 f3-fedora fprintd[21137]: [goodixtls55x4] SCAN_STAGE_NUM entering state 3
out 08 01:46:21.407859 f3-fedora fprintd[21137]: Device reported finger status change: FP_FINGER_STATUS_NEEDED | FP_FINGER_STATUS_PRESENT
out 08 01:46:21.407943 f3-fedora fprintd[21137]: Finger present 1
out 08 01:46:21.407965 f3-fedora fprintd[21137]: Finger needed 1
out 08 01:46:21.407984 f3-fedora fprintd[21137]: Image device reported finger status: on
out 08 01:46:21.408006 f3-fedora fprintd[21137]: Image device internal state change from FPI_IMAGE_DEVICE_STATE_AWAIT_FINGER_ON to FPI_IMAGE_DEVICE_STATE_CAPTURE
out 08 01:46:21.408035 f3-fedora fprintd[21137]: 7249687682: ../libfprint/drivers/goodixtls/goodix55x4.c:1510
out 08 01:46:21.408053 f3-fedora fprintd[21137]: Running command: 0x20
out 08 01:46:21.411883 f3-fedora fprintd[21137]: Got protocol msg
out 08 01:46:21.411914 f3-fedora fprintd[21137]: got ack
out 08 01:46:21.448754 f3-fedora fprintd[21137]: Got TLS data msg
out 08 01:46:21.448798 f3-fedora fprintd[21137]: Completed command: 0x20
out 08 01:46:21.466701 f3-fedora fprintd[21137]: Touch image ridge score 34,8 (gate 12), valley depth 0,407 (gate 0,18), coherence 0,88, FDT base 4466, contact 20%, ridge in contact 49,3, touch flag 0xf70 -> used
out 08 01:46:21.466671 f3-fedora fprintd[21137]: Image device captured an image
out 08 01:46:21.466835 f3-fedora fprintd[21137]: Waiting for finger up
out 08 01:46:21.466694 f3-fedora fprintd[21137]: Image device internal state change from FPI_IMAGE_DEVICE_STATE_CAPTURE to FPI_IMAGE_DEVICE_STATE_AWAIT_FINGER_OFF
out 08 01:46:21.466704 f3-fedora fprintd[21137]: 7249746364: ../libfprint/drivers/goodixtls/goodix55x4.c:1510
out 08 01:46:21.466709 f3-fedora fprintd[21137]: Device reported finger status change: FP_FINGER_STATUS_PRESENT
out 08 01:46:21.466725 f3-fedora fprintd[21137]: Finger present 1
out 08 01:46:21.466735 f3-fedora fprintd[21137]: Finger needed 0
out 08 01:46:21.466740 f3-fedora fprintd[21137]: [goodixtls55x4] SCAN_STAGE_NUM entering state 4
out 08 01:46:21.466747 f3-fedora fprintd[21137]: Running command: 0x34
out 08 01:46:21.470469 f3-fedora fprintd[21137]: sigfm extract completed in 0,003739 secs
out 08 01:46:21.470474 f3-fedora fprintd[21137]: Got protocol msg
out 08 01:46:21.470481 f3-fedora fprintd[21137]: got ack
out 08 01:46:21.470534 f3-fedora fprintd[21137]: Device reported enroll progress, reported 30 of 40 have been completed
out 08 01:46:21.470541 f3-fedora fprintd[21137]: enroll_stage_cb: result enroll-stage-passed
out 08 01:46:21.891605 f3-fedora fprintd[21137]: Got protocol msg
out 08 01:46:21.892082 f3-fedora fprintd[21137]: Finger up
out 08 01:46:21.891658 f3-fedora fprintd[21137]: Completed command: 0x34
out 08 01:46:22.142220 f3-fedora fprintd[21137]: [goodixtls55x4] SCAN_STAGE_NUM entering state 6
out 08 01:46:22.142251 f3-fedora fprintd[21137]: [goodixtls55x4] SCAN_STAGE_NUM completed successfully
out 08 01:46:22.142297 f3-fedora fprintd[21137]: finished scan
out 08 01:46:22.142329 f3-fedora fprintd[21137]: Device reported finger status change: FP_FINGER_STATUS_NONE
out 08 01:46:22.142480 f3-fedora fprintd[21137]: Finger present 0
out 08 01:46:22.142507 f3-fedora fprintd[21137]: Finger needed 0
out 08 01:46:22.142527 f3-fedora fprintd[21137]: Image device reported finger status: off
out 08 01:46:22.142558 f3-fedora fprintd[21137]: Image device internal state change from FPI_IMAGE_DEVICE_STATE_AWAIT_FINGER_OFF to FPI_IMAGE_DEVICE_STATE_IDLE
out 08 01:46:22.142609 f3-fedora fprintd[21137]: 7250422239: ../libfprint/drivers/goodixtls/goodix55x4.c:1510
out 08 01:46:22.142652 f3-fedora fprintd[21137]: Image device internal state change from FPI_IMAGE_DEVICE_STATE_IDLE to FPI_IMAGE_DEVICE_STATE_AWAIT_FINGER_ON
out 08 01:46:22.142693 f3-fedora fprintd[21137]: 7250422330: ../libfprint/drivers/goodixtls/goodix55x4.c:1510
out 08 01:46:22.142723 f3-fedora fprintd[21137]: [goodixtls55x4] SCAN_STAGE_NUM entering state 0
out 08 01:46:22.142758 f3-fedora fprintd[21137]: Running command: 0x36
out 08 01:46:22.143472 f3-fedora fprintd[21137]: Device reported finger status change: FP_FINGER_STATUS_NEEDED
out 08 01:46:22.143543 f3-fedora fprintd[21137]: Finger present 0
out 08 01:46:22.143596 f3-fedora fprintd[21137]: Finger needed 1
out 08 01:46:22.146217 f3-fedora fprintd[21137]: Got protocol msg
out 08 01:46:22.146243 f3-fedora fprintd[21137]: got ack
out 08 01:46:22.165066 f3-fedora fprintd[21137]: Got protocol msg
out 08 01:46:22.165411 f3-fedora fprintd[21137]: finished scan!FDT base 4462 (reference 4468): 18b 197 162 133 194 1a5 17d 144 187 198 16e 130
out 08 01:46:22.165090 f3-fedora fprintd[21137]: Completed command: 0x36
out 08 01:46:22.165129 f3-fedora fprintd[21137]: [goodixtls55x4] SCAN_STAGE_NUM entering state 1
out 08 01:46:22.165138 f3-fedora fprintd[21137]: Running command: 0x20
out 08 01:46:22.168602 f3-fedora fprintd[21137]: Got protocol msg
out 08 01:46:22.168619 f3-fedora fprintd[21137]: got ack
out 08 01:46:22.206148 f3-fedora fprintd[21137]: Got TLS data msg
out 08 01:46:22.206205 f3-fedora fprintd[21137]: Completed command: 0x20
out 08 01:46:22.206806 f3-fedora fprintd[21137]: Waiting for finger down
out 08 01:46:22.206633 f3-fedora fprintd[21137]: [goodixtls55x4] SCAN_STAGE_NUM entering state 2
out 08 01:46:22.206685 f3-fedora fprintd[21137]: Running command: 0x32
out 08 01:46:22.210542 f3-fedora fprintd[21137]: Got protocol msg
out 08 01:46:22.210568 f3-fedora fprintd[21137]: got ack
out 08 01:46:22.469271 f3-fedora fprintd[21137]: Got protocol msg
out 08 01:46:22.471251 f3-fedora fprintd[21137]: Finger down (touch flag 0xe6c, 262 ms after arming)
out 08 01:46:22.469315 f3-fedora fprintd[21137]: Completed command: 0x32
out 08 01:46:22.469462 f3-fedora fprintd[21137]: [goodixtls55x4] SCAN_STAGE_NUM entering state 3
out 08 01:46:22.469501 f3-fedora fprintd[21137]: Device reported finger status change: FP_FINGER_STATUS_NEEDED | FP_FINGER_STATUS_PRESENT
out 08 01:46:22.469629 f3-fedora fprintd[21137]: Finger present 1
out 08 01:46:22.469672 f3-fedora fprintd[21137]: Finger needed 1
out 08 01:46:22.469712 f3-fedora fprintd[21137]: Image device reported finger status: on
out 08 01:46:22.469753 f3-fedora fprintd[21137]: Image device internal state change from FPI_IMAGE_DEVICE_STATE_AWAIT_FINGER_ON to FPI_IMAGE_DEVICE_STATE_CAPTURE
out 08 01:46:22.469813 f3-fedora fprintd[21137]: 7250749440: ../libfprint/drivers/goodixtls/goodix55x4.c:1510
out 08 01:46:22.469852 f3-fedora fprintd[21137]: Running command: 0x20
out 08 01:46:22.473141 f3-fedora fprintd[21137]: Got protocol msg
out 08 01:46:22.473169 f3-fedora fprintd[21137]: got ack
out 08 01:46:22.510146 f3-fedora fprintd[21137]: Got TLS data msg
out 08 01:46:22.510211 f3-fedora fprintd[21137]: Completed command: 0x20
out 08 01:46:22.529458 f3-fedora fprintd[21137]: Touch image ridge score 32,3 (gate 12), valley depth 0,365 (gate 0,18), coherence 0,63, FDT base 4462, contact 8%, ridge in contact 51,1, touch flag 0xe6c -> used
out 08 01:46:22.529430 f3-fedora fprintd[21137]: Image device captured an image
out 08 01:46:22.529455 f3-fedora fprintd[21137]: Image device internal state change from FPI_IMAGE_DEVICE_STATE_CAPTURE to FPI_IMAGE_DEVICE_STATE_AWAIT_FINGER_OFF
out 08 01:46:22.529565 f3-fedora fprintd[21137]: Waiting for finger up
out 08 01:46:22.529469 f3-fedora fprintd[21137]: 7250809126: ../libfprint/drivers/goodixtls/goodix55x4.c:1510
out 08 01:46:22.529479 f3-fedora fprintd[21137]: Device reported finger status change: FP_FINGER_STATUS_PRESENT
out 08 01:46:22.529497 f3-fedora fprintd[21137]: Finger present 1
out 08 01:46:22.529509 f3-fedora fprintd[21137]: Finger needed 0
out 08 01:46:22.529516 f3-fedora fprintd[21137]: [goodixtls55x4] SCAN_STAGE_NUM entering state 4
out 08 01:46:22.529526 f3-fedora fprintd[21137]: Running command: 0x34
out 08 01:46:22.533768 f3-fedora fprintd[21137]: sigfm extract completed in 0,004283 secs
out 08 01:46:22.533769 f3-fedora fprintd[21137]: Got protocol msg
out 08 01:46:22.533780 f3-fedora fprintd[21137]: got ack
out 08 01:46:22.533837 f3-fedora fprintd[21137]: Device reported enroll progress, reported 31 of 40 have been completed
out 08 01:46:22.533844 f3-fedora fprintd[21137]: enroll_stage_cb: result enroll-stage-passed
out 08 01:46:22.873568 f3-fedora fprintd[21137]: Got protocol msg
out 08 01:46:22.873639 f3-fedora fprintd[21137]: Completed command: 0x34
out 08 01:46:22.874188 f3-fedora fprintd[21137]: Finger up
out 08 01:46:23.124181 f3-fedora fprintd[21137]: [goodixtls55x4] SCAN_STAGE_NUM entering state 6
out 08 01:46:23.124223 f3-fedora fprintd[21137]: [goodixtls55x4] SCAN_STAGE_NUM completed successfully
out 08 01:46:23.124288 f3-fedora fprintd[21137]: finished scan
out 08 01:46:23.124332 f3-fedora fprintd[21137]: Device reported finger status change: FP_FINGER_STATUS_NONE
out 08 01:46:23.124516 f3-fedora fprintd[21137]: Finger present 0
out 08 01:46:23.124564 f3-fedora fprintd[21137]: Finger needed 0
out 08 01:46:23.124600 f3-fedora fprintd[21137]: Image device reported finger status: off
out 08 01:46:23.124635 f3-fedora fprintd[21137]: Image device internal state change from FPI_IMAGE_DEVICE_STATE_AWAIT_FINGER_OFF to FPI_IMAGE_DEVICE_STATE_IDLE
out 08 01:46:23.124692 f3-fedora fprintd[21137]: 7251404321: ../libfprint/drivers/goodixtls/goodix55x4.c:1510
out 08 01:46:23.124730 f3-fedora fprintd[21137]: Image device internal state change from FPI_IMAGE_DEVICE_STATE_IDLE to FPI_IMAGE_DEVICE_STATE_AWAIT_FINGER_ON
out 08 01:46:23.124770 f3-fedora fprintd[21137]: 7251404407: ../libfprint/drivers/goodixtls/goodix55x4.c:1510
out 08 01:46:23.124806 f3-fedora fprintd[21137]: [goodixtls55x4] SCAN_STAGE_NUM entering state 0
out 08 01:46:23.124839 f3-fedora fprintd[21137]: Running command: 0x36
out 08 01:46:23.125385 f3-fedora fprintd[21137]: Device reported finger status change: FP_FINGER_STATUS_NEEDED
out 08 01:46:23.125462 f3-fedora fprintd[21137]: Finger present 0
out 08 01:46:23.125518 f3-fedora fprintd[21137]: Finger needed 1
out 08 01:46:23.128260 f3-fedora fprintd[21137]: Got protocol msg
out 08 01:46:23.128297 f3-fedora fprintd[21137]: got ack
out 08 01:46:23.147266 f3-fedora fprintd[21137]: Got protocol msg
out 08 01:46:23.147313 f3-fedora fprintd[21137]: Completed command: 0x36
out 08 01:46:23.147898 f3-fedora fprintd[21137]: finished scan!FDT base 4464 (reference 4468): 18a 197 162 134 194 1a6 17d 144 188 198 16e 130
out 08 01:46:23.147439 f3-fedora fprintd[21137]: [goodixtls55x4] SCAN_STAGE_NUM entering state 1
out 08 01:46:23.147465 f3-fedora fprintd[21137]: Running command: 0x20
out 08 01:46:23.151389 f3-fedora fprintd[21137]: Got protocol msg
out 08 01:46:23.151422 f3-fedora fprintd[21137]: got ack
out 08 01:46:23.189146 f3-fedora fprintd[21137]: Got TLS data msg
out 08 01:46:23.189228 f3-fedora fprintd[21137]: Completed command: 0x20
out 08 01:46:23.189765 f3-fedora fprintd[21137]: [goodixtls55x4] SCAN_STAGE_NUM entering state 2
out 08 01:46:23.190092 f3-fedora fprintd[21137]: Waiting for finger down
out 08 01:46:23.189829 f3-fedora fprintd[21137]: Running command: 0x32
out 08 01:46:23.194274 f3-fedora fprintd[21137]: Got protocol msg
out 08 01:46:23.194308 f3-fedora fprintd[21137]: got ack
out 08 01:46:23.838570 f3-fedora fprintd[21137]: Got protocol msg
out 08 01:46:23.840041 f3-fedora fprintd[21137]: Finger down (touch flag 0xfac, 648 ms after arming)
out 08 01:46:23.838625 f3-fedora fprintd[21137]: Completed command: 0x32
out 08 01:46:23.838702 f3-fedora fprintd[21137]: [goodixtls55x4] SCAN_STAGE_NUM entering state 3
out 08 01:46:23.838747 f3-fedora fprintd[21137]: Device reported finger status change: FP_FINGER_STATUS_NEEDED | FP_FINGER_STATUS_PRESENT
out 08 01:46:23.838860 f3-fedora fprintd[21137]: Finger present 1
out 08 01:46:23.838901 f3-fedora fprintd[21137]: Finger needed 1
out 08 01:46:23.838931 f3-fedora fprintd[21137]: Image device reported finger status: on
out 08 01:46:23.838961 f3-fedora fprintd[21137]: Image device internal state change from FPI_IMAGE_DEVICE_STATE_AWAIT_FINGER_ON to FPI_IMAGE_DEVICE_STATE_CAPTURE
out 08 01:46:23.839006 f3-fedora fprintd[21137]: 7252118643: ../libfprint/drivers/goodixtls/goodix55x4.c:1510
out 08 01:46:23.839034 f3-fedora fprintd[21137]: Running command: 0x20
out 08 01:46:23.842914 f3-fedora fprintd[21137]: Got protocol msg
out 08 01:46:23.842941 f3-fedora fprintd[21137]: got ack
out 08 01:46:23.881063 f3-fedora fprintd[21137]: Got TLS data msg
out 08 01:46:23.881129 f3-fedora fprintd[21137]: Completed command: 0x20
out 08 01:46:23.903053 f3-fedora fprintd[21137]: Touch image ridge score 40,9 (gate 12), valley depth 0,408 (gate 0,18), coherence 0,81, FDT base 4464, contact 25%, ridge in contact 49,2, touch flag 0xfac -> used
out 08 01:46:23.903021 f3-fedora fprintd[21137]: Image device captured an image
out 08 01:46:23.903172 f3-fedora fprintd[21137]: Waiting for finger up
out 08 01:46:23.903046 f3-fedora fprintd[21137]: Image device internal state change from FPI_IMAGE_DEVICE_STATE_CAPTURE to FPI_IMAGE_DEVICE_STATE_AWAIT_FINGER_OFF
out 08 01:46:23.903056 f3-fedora fprintd[21137]: 7252182717: ../libfprint/drivers/goodixtls/goodix55x4.c:1510
out 08 01:46:23.903062 f3-fedora fprintd[21137]: Device reported finger status change: FP_FINGER_STATUS_PRESENT
out 08 01:46:23.903076 f3-fedora fprintd[21137]: Finger present 1
out 08 01:46:23.903087 f3-fedora fprintd[21137]: Finger needed 0
out 08 01:46:23.903092 f3-fedora fprintd[21137]: [goodixtls55x4] SCAN_STAGE_NUM entering state 4
out 08 01:46:23.903102 f3-fedora fprintd[21137]: Running command: 0x34
out 08 01:46:23.907565 f3-fedora fprintd[21137]: sigfm extract completed in 0,004444 secs
out 08 01:46:23.907584 f3-fedora fprintd[21137]: Got protocol msg
out 08 01:46:23.907590 f3-fedora fprintd[21137]: got ack
out 08 01:46:23.907651 f3-fedora fprintd[21137]: Device reported enroll progress, reported 32 of 40 have been completed
out 08 01:46:23.907658 f3-fedora fprintd[21137]: enroll_stage_cb: result enroll-stage-passed
out 08 01:46:24.165954 f3-fedora fprintd[21137]: Got protocol msg
out 08 01:46:24.166684 f3-fedora fprintd[21137]: Finger up
out 08 01:46:24.166008 f3-fedora fprintd[21137]: Completed command: 0x34
out 08 01:46:24.416443 f3-fedora fprintd[21137]: [goodixtls55x4] SCAN_STAGE_NUM entering state 6
out 08 01:46:24.416465 f3-fedora fprintd[21137]: [goodixtls55x4] SCAN_STAGE_NUM completed successfully
out 08 01:46:24.416497 f3-fedora fprintd[21137]: finished scan
out 08 01:46:24.416528 f3-fedora fprintd[21137]: Device reported finger status change: FP_FINGER_STATUS_NONE
out 08 01:46:24.416626 f3-fedora fprintd[21137]: Finger present 0
out 08 01:46:24.416650 f3-fedora fprintd[21137]: Finger needed 0
out 08 01:46:24.416674 f3-fedora fprintd[21137]: Image device reported finger status: off
out 08 01:46:24.416699 f3-fedora fprintd[21137]: Image device internal state change from FPI_IMAGE_DEVICE_STATE_AWAIT_FINGER_OFF to FPI_IMAGE_DEVICE_STATE_IDLE
out 08 01:46:24.416737 f3-fedora fprintd[21137]: 7252696379: ../libfprint/drivers/goodixtls/goodix55x4.c:1510
out 08 01:46:24.416763 f3-fedora fprintd[21137]: Image device internal state change from FPI_IMAGE_DEVICE_STATE_IDLE to FPI_IMAGE_DEVICE_STATE_AWAIT_FINGER_ON
out 08 01:46:24.416797 f3-fedora fprintd[21137]: 7252696437: ../libfprint/drivers/goodixtls/goodix55x4.c:1510
out 08 01:46:24.416824 f3-fedora fprintd[21137]: [goodixtls55x4] SCAN_STAGE_NUM entering state 0
out 08 01:46:24.416850 f3-fedora fprintd[21137]: Running command: 0x36
out 08 01:46:24.417171 f3-fedora fprintd[21137]: Device reported finger status change: FP_FINGER_STATUS_NEEDED
out 08 01:46:24.417213 f3-fedora fprintd[21137]: Finger present 0
out 08 01:46:24.417253 f3-fedora fprintd[21137]: Finger needed 1
out 08 01:46:24.420654 f3-fedora fprintd[21137]: Got protocol msg
out 08 01:46:24.420670 f3-fedora fprintd[21137]: got ack
out 08 01:46:24.438824 f3-fedora fprintd[21137]: Got protocol msg
out 08 01:46:24.439302 f3-fedora fprintd[21137]: finished scan!FDT base 4460 (reference 4468): 18a 197 162 133 193 1a5 17d 144 188 197 16e 130
out 08 01:46:24.438867 f3-fedora fprintd[21137]: Completed command: 0x36
out 08 01:46:24.438936 f3-fedora fprintd[21137]: [goodixtls55x4] SCAN_STAGE_NUM entering state 1
out 08 01:46:24.438953 f3-fedora fprintd[21137]: Running command: 0x20
out 08 01:46:24.442811 f3-fedora fprintd[21137]: Got protocol msg
out 08 01:46:24.442838 f3-fedora fprintd[21137]: got ack
out 08 01:46:24.479171 f3-fedora fprintd[21137]: Got TLS data msg
out 08 01:46:24.479229 f3-fedora fprintd[21137]: Completed command: 0x20
out 08 01:46:24.479695 f3-fedora fprintd[21137]: [goodixtls55x4] SCAN_STAGE_NUM entering state 2
out 08 01:46:24.479992 f3-fedora fprintd[21137]: Waiting for finger down
out 08 01:46:24.479743 f3-fedora fprintd[21137]: Running command: 0x32
out 08 01:46:24.483041 f3-fedora fprintd[21137]: Got protocol msg
out 08 01:46:24.483068 f3-fedora fprintd[21137]: got ack
out 08 01:46:24.701657 f3-fedora fprintd[21137]: Got protocol msg
out 08 01:46:24.702290 f3-fedora fprintd[21137]: Finger down (touch flag 0xeee, 221 ms after arming)
out 08 01:46:24.701701 f3-fedora fprintd[21137]: Completed command: 0x32
out 08 01:46:24.701764 f3-fedora fprintd[21137]: [goodixtls55x4] SCAN_STAGE_NUM entering state 3
out 08 01:46:24.701799 f3-fedora fprintd[21137]: Device reported finger status change: FP_FINGER_STATUS_NEEDED | FP_FINGER_STATUS_PRESENT
out 08 01:46:24.701900 f3-fedora fprintd[21137]: Finger present 1
out 08 01:46:24.701931 f3-fedora fprintd[21137]: Finger needed 1
out 08 01:46:24.701952 f3-fedora fprintd[21137]: Image device reported finger status: on
out 08 01:46:24.701975 f3-fedora fprintd[21137]: Image device internal state change from FPI_IMAGE_DEVICE_STATE_AWAIT_FINGER_ON to FPI_IMAGE_DEVICE_STATE_CAPTURE
out 08 01:46:24.702012 f3-fedora fprintd[21137]: 7252981654: ../libfprint/drivers/goodixtls/goodix55x4.c:1510
out 08 01:46:24.702036 f3-fedora fprintd[21137]: Running command: 0x20
out 08 01:46:24.705184 f3-fedora fprintd[21137]: Got protocol msg
out 08 01:46:24.705212 f3-fedora fprintd[21137]: got ack
out 08 01:46:24.743038 f3-fedora fprintd[21137]: Got TLS data msg
out 08 01:46:24.743103 f3-fedora fprintd[21137]: Completed command: 0x20
out 08 01:46:24.762262 f3-fedora fprintd[21137]: Touch image ridge score 36,3 (gate 12), valley depth 0,302 (gate 0,18), coherence 0,60, FDT base 4460, contact 14%, ridge in contact 43,6, touch flag 0xeee -> used
out 08 01:46:24.762233 f3-fedora fprintd[21137]: Image device captured an image
out 08 01:46:24.762259 f3-fedora fprintd[21137]: Image device internal state change from FPI_IMAGE_DEVICE_STATE_CAPTURE to FPI_IMAGE_DEVICE_STATE_AWAIT_FINGER_OFF
out 08 01:46:24.762382 f3-fedora fprintd[21137]: Waiting for finger up
out 08 01:46:24.762272 f3-fedora fprintd[21137]: 7253041931: ../libfprint/drivers/goodixtls/goodix55x4.c:1510
out 08 01:46:24.762282 f3-fedora fprintd[21137]: Device reported finger status change: FP_FINGER_STATUS_PRESENT
out 08 01:46:24.762301 f3-fedora fprintd[21137]: Finger present 1
out 08 01:46:24.762313 f3-fedora fprintd[21137]: Finger needed 0
out 08 01:46:24.762320 f3-fedora fprintd[21137]: [goodixtls55x4] SCAN_STAGE_NUM entering state 4
out 08 01:46:24.762330 f3-fedora fprintd[21137]: Running command: 0x34
out 08 01:46:24.766366 f3-fedora fprintd[21137]: Got protocol msg
out 08 01:46:24.766377 f3-fedora fprintd[21137]: got ack
out 08 01:46:24.767097 f3-fedora fprintd[21137]: sigfm extract completed in 0,004818 secs
out 08 01:46:24.767133 f3-fedora fprintd[21137]: Device reported enroll progress, reported 33 of 40 have been completed
out 08 01:46:24.767140 f3-fedora fprintd[21137]: enroll_stage_cb: result enroll-stage-passed
out 08 01:46:25.167468 f3-fedora fprintd[21137]: Got protocol msg
out 08 01:46:25.168848 f3-fedora fprintd[21137]: Finger up
out 08 01:46:25.167525 f3-fedora fprintd[21137]: Completed command: 0x34
out 08 01:46:25.418434 f3-fedora fprintd[21137]: [goodixtls55x4] SCAN_STAGE_NUM entering state 6
out 08 01:46:25.418468 f3-fedora fprintd[21137]: [goodixtls55x4] SCAN_STAGE_NUM completed successfully
out 08 01:46:25.418515 f3-fedora fprintd[21137]: finished scan
out 08 01:46:25.418557 f3-fedora fprintd[21137]: Device reported finger status change: FP_FINGER_STATUS_NONE
out 08 01:46:25.418666 f3-fedora fprintd[21137]: Finger present 0
out 08 01:46:25.418689 f3-fedora fprintd[21137]: Finger needed 0
out 08 01:46:25.418714 f3-fedora fprintd[21137]: Image device reported finger status: off
out 08 01:46:25.418744 f3-fedora fprintd[21137]: Image device internal state change from FPI_IMAGE_DEVICE_STATE_AWAIT_FINGER_OFF to FPI_IMAGE_DEVICE_STATE_IDLE
out 08 01:46:25.418797 f3-fedora fprintd[21137]: 7253698427: ../libfprint/drivers/goodixtls/goodix55x4.c:1510
out 08 01:46:25.418833 f3-fedora fprintd[21137]: Image device internal state change from FPI_IMAGE_DEVICE_STATE_IDLE to FPI_IMAGE_DEVICE_STATE_AWAIT_FINGER_ON
out 08 01:46:25.418871 f3-fedora fprintd[21137]: 7253698509: ../libfprint/drivers/goodixtls/goodix55x4.c:1510
out 08 01:46:25.418903 f3-fedora fprintd[21137]: [goodixtls55x4] SCAN_STAGE_NUM entering state 0
out 08 01:46:25.418935 f3-fedora fprintd[21137]: Running command: 0x36
out 08 01:46:25.419463 f3-fedora fprintd[21137]: Device reported finger status change: FP_FINGER_STATUS_NEEDED
out 08 01:46:25.419517 f3-fedora fprintd[21137]: Finger present 0
out 08 01:46:25.419550 f3-fedora fprintd[21137]: Finger needed 1
out 08 01:46:25.422445 f3-fedora fprintd[21137]: Got protocol msg
out 08 01:46:25.422469 f3-fedora fprintd[21137]: got ack
out 08 01:46:25.440789 f3-fedora fprintd[21137]: Got protocol msg
out 08 01:46:25.441203 f3-fedora fprintd[21137]: finished scan!FDT base 4458 (reference 4468): 18a 196 161 133 193 1a6 17d 144 187 197 16e 130
out 08 01:46:25.440824 f3-fedora fprintd[21137]: Completed command: 0x36
out 08 01:46:25.440880 f3-fedora fprintd[21137]: [goodixtls55x4] SCAN_STAGE_NUM entering state 1
out 08 01:46:25.440895 f3-fedora fprintd[21137]: Running command: 0x20
out 08 01:46:25.444119 f3-fedora fprintd[21137]: Got protocol msg
out 08 01:46:25.444142 f3-fedora fprintd[21137]: got ack
out 08 01:46:25.481858 f3-fedora fprintd[21137]: Got TLS data msg
out 08 01:46:25.481909 f3-fedora fprintd[21137]: Completed command: 0x20
out 08 01:46:25.482284 f3-fedora fprintd[21137]: [goodixtls55x4] SCAN_STAGE_NUM entering state 2
out 08 01:46:25.482693 f3-fedora fprintd[21137]: Waiting for finger down
out 08 01:46:25.482330 f3-fedora fprintd[21137]: Running command: 0x32
out 08 01:46:25.486727 f3-fedora fprintd[21137]: Got protocol msg
out 08 01:46:25.486754 f3-fedora fprintd[21137]: got ack
out 08 01:46:25.867208 f3-fedora fprintd[21137]: Got protocol msg
out 08 01:46:25.867676 f3-fedora fprintd[21137]: Finger down (touch flag 0xf71, 384 ms after arming)
out 08 01:46:25.867258 f3-fedora fprintd[21137]: Completed command: 0x32
out 08 01:46:25.867313 f3-fedora fprintd[21137]: [goodixtls55x4] SCAN_STAGE_NUM entering state 3
out 08 01:46:25.867388 f3-fedora fprintd[21137]: Device reported finger status change: FP_FINGER_STATUS_NEEDED | FP_FINGER_STATUS_PRESENT
out 08 01:46:25.867484 f3-fedora fprintd[21137]: Finger present 1
out 08 01:46:25.867508 f3-fedora fprintd[21137]: Finger needed 1
out 08 01:46:25.867530 f3-fedora fprintd[21137]: Image device reported finger status: on
out 08 01:46:25.867552 f3-fedora fprintd[21137]: Image device internal state change from FPI_IMAGE_DEVICE_STATE_AWAIT_FINGER_ON to FPI_IMAGE_DEVICE_STATE_CAPTURE
out 08 01:46:25.867581 f3-fedora fprintd[21137]: 7254147227: ../libfprint/drivers/goodixtls/goodix55x4.c:1510
out 08 01:46:25.867598 f3-fedora fprintd[21137]: Running command: 0x20
out 08 01:46:25.871255 f3-fedora fprintd[21137]: Got protocol msg
out 08 01:46:25.871282 f3-fedora fprintd[21137]: got ack
out 08 01:46:25.909747 f3-fedora fprintd[21137]: Got TLS data msg
out 08 01:46:25.909816 f3-fedora fprintd[21137]: Completed command: 0x20
out 08 01:46:25.929721 f3-fedora fprintd[21137]: Touch image ridge score 37,7 (gate 12), valley depth 0,346 (gate 0,18), coherence 0,74, FDT base 4458, contact 31%, ridge in contact 45,3, touch flag 0xf71 -> used
out 08 01:46:25.929692 f3-fedora fprintd[21137]: Image device captured an image
out 08 01:46:25.929818 f3-fedora fprintd[21137]: Waiting for finger up
out 08 01:46:25.929714 f3-fedora fprintd[21137]: Image device internal state change from FPI_IMAGE_DEVICE_STATE_CAPTURE to FPI_IMAGE_DEVICE_STATE_AWAIT_FINGER_OFF
out 08 01:46:25.929726 f3-fedora fprintd[21137]: 7254209385: ../libfprint/drivers/goodixtls/goodix55x4.c:1510
out 08 01:46:25.929733 f3-fedora fprintd[21137]: Device reported finger status change: FP_FINGER_STATUS_PRESENT
out 08 01:46:25.929748 f3-fedora fprintd[21137]: Finger present 1
out 08 01:46:25.929759 f3-fedora fprintd[21137]: Finger needed 0
out 08 01:46:25.929764 f3-fedora fprintd[21137]: [goodixtls55x4] SCAN_STAGE_NUM entering state 4
out 08 01:46:25.929774 f3-fedora fprintd[21137]: Running command: 0x34
out 08 01:46:25.934322 f3-fedora fprintd[21137]: Got protocol msg
out 08 01:46:25.934325 f3-fedora fprintd[21137]: sigfm extract completed in 0,004547 secs
out 08 01:46:25.934333 f3-fedora fprintd[21137]: got ack
out 08 01:46:25.934400 f3-fedora fprintd[21137]: Device reported enroll progress, reported 34 of 40 have been completed
out 08 01:46:25.934407 f3-fedora fprintd[21137]: enroll_stage_cb: result enroll-stage-passed
out 08 01:46:26.334325 f3-fedora fprintd[21137]: Got protocol msg
out 08 01:46:26.334415 f3-fedora fprintd[21137]: Completed command: 0x34
out 08 01:46:26.335818 f3-fedora fprintd[21137]: Finger up
out 08 01:46:26.585209 f3-fedora fprintd[21137]: [goodixtls55x4] SCAN_STAGE_NUM entering state 6
out 08 01:46:26.585228 f3-fedora fprintd[21137]: [goodixtls55x4] SCAN_STAGE_NUM completed successfully
out 08 01:46:26.585289 f3-fedora fprintd[21137]: finished scan
out 08 01:46:26.585316 f3-fedora fprintd[21137]: Device reported finger status change: FP_FINGER_STATUS_NONE
out 08 01:46:26.585456 f3-fedora fprintd[21137]: Finger present 0
out 08 01:46:26.585476 f3-fedora fprintd[21137]: Finger needed 0
out 08 01:46:26.585494 f3-fedora fprintd[21137]: Image device reported finger status: off
out 08 01:46:26.585519 f3-fedora fprintd[21137]: Image device internal state change from FPI_IMAGE_DEVICE_STATE_AWAIT_FINGER_OFF to FPI_IMAGE_DEVICE_STATE_IDLE
out 08 01:46:26.585560 f3-fedora fprintd[21137]: 7254865199: ../libfprint/drivers/goodixtls/goodix55x4.c:1510
out 08 01:46:26.585591 f3-fedora fprintd[21137]: Image device internal state change from FPI_IMAGE_DEVICE_STATE_IDLE to FPI_IMAGE_DEVICE_STATE_AWAIT_FINGER_ON
out 08 01:46:26.585626 f3-fedora fprintd[21137]: 7254865266: ../libfprint/drivers/goodixtls/goodix55x4.c:1510
out 08 01:46:26.585653 f3-fedora fprintd[21137]: [goodixtls55x4] SCAN_STAGE_NUM entering state 0
out 08 01:46:26.585681 f3-fedora fprintd[21137]: Running command: 0x36
out 08 01:46:26.586088 f3-fedora fprintd[21137]: Device reported finger status change: FP_FINGER_STATUS_NEEDED
out 08 01:46:26.586133 f3-fedora fprintd[21137]: Finger present 0
out 08 01:46:26.586165 f3-fedora fprintd[21137]: Finger needed 1
out 08 01:46:26.588969 f3-fedora fprintd[21137]: Got protocol msg
out 08 01:46:26.589002 f3-fedora fprintd[21137]: got ack
out 08 01:46:26.607934 f3-fedora fprintd[21137]: Got protocol msg
out 08 01:46:26.607989 f3-fedora fprintd[21137]: Completed command: 0x36
out 08 01:46:26.608623 f3-fedora fprintd[21137]: finished scan!FDT base 4452 (reference 4468): 18a 196 161 132 193 1a5 17c 143 187 197 16d 12f
out 08 01:46:26.608056 f3-fedora fprintd[21137]: [goodixtls55x4] SCAN_STAGE_NUM entering state 1
out 08 01:46:26.608074 f3-fedora fprintd[21137]: Running command: 0x20
out 08 01:46:26.611938 f3-fedora fprintd[21137]: Got protocol msg
out 08 01:46:26.611965 f3-fedora fprintd[21137]: got ack
out 08 01:46:26.650091 f3-fedora fprintd[21137]: Got TLS data msg
out 08 01:46:26.650164 f3-fedora fprintd[21137]: Completed command: 0x20
out 08 01:46:26.650864 f3-fedora fprintd[21137]: Waiting for finger down
out 08 01:46:26.650603 f3-fedora fprintd[21137]: [goodixtls55x4] SCAN_STAGE_NUM entering state 2
out 08 01:46:26.650653 f3-fedora fprintd[21137]: Running command: 0x32
out 08 01:46:26.654496 f3-fedora fprintd[21137]: Got protocol msg
out 08 01:46:26.654522 f3-fedora fprintd[21137]: got ack
out 08 01:46:26.689907 f3-fedora fprintd[21137]: Got protocol msg
out 08 01:46:26.690434 f3-fedora fprintd[21137]: Finger down (touch flag 0xfff, 39 ms after arming)
out 08 01:46:26.689947 f3-fedora fprintd[21137]: Completed command: 0x32
out 08 01:46:26.690003 f3-fedora fprintd[21137]: [goodixtls55x4] SCAN_STAGE_NUM entering state 3
out 08 01:46:26.690034 f3-fedora fprintd[21137]: Device reported finger status change: FP_FINGER_STATUS_NEEDED | FP_FINGER_STATUS_PRESENT
out 08 01:46:26.690118 f3-fedora fprintd[21137]: Finger present 1
out 08 01:46:26.690139 f3-fedora fprintd[21137]: Finger needed 1
out 08 01:46:26.690158 f3-fedora fprintd[21137]: Image device reported finger status: on
out 08 01:46:26.690178 f3-fedora fprintd[21137]: Image device internal state change from FPI_IMAGE_DEVICE_STATE_AWAIT_FINGER_ON to FPI_IMAGE_DEVICE_STATE_CAPTURE
out 08 01:46:26.690207 f3-fedora fprintd[21137]: 7254969855: ../libfprint/drivers/goodixtls/goodix55x4.c:1510
out 08 01:46:26.690225 f3-fedora fprintd[21137]: Running command: 0x20
out 08 01:46:26.693860 f3-fedora fprintd[21137]: Got protocol msg
out 08 01:46:26.693890 f3-fedora fprintd[21137]: got ack
out 08 01:46:26.730855 f3-fedora fprintd[21137]: Got TLS data msg
out 08 01:46:26.730907 f3-fedora fprintd[21137]: Completed command: 0x20
out 08 01:46:26.774792 f3-fedora fprintd[21137]: Touch image ridge score 66,5 (gate 12), valley depth 0,544 (gate 0,18), coherence 0,73, FDT base 4452, contact 0%, ridge in contact 73,8, touch flag 0xfff -> used
out 08 01:46:26.774756 f3-fedora fprintd[21137]: Image device captured an image
out 08 01:46:26.774993 f3-fedora fprintd[21137]: Waiting for finger up
out 08 01:46:26.774787 f3-fedora fprintd[21137]: Image device internal state change from FPI_IMAGE_DEVICE_STATE_CAPTURE to FPI_IMAGE_DEVICE_STATE_AWAIT_FINGER_OFF
out 08 01:46:26.774801 f3-fedora fprintd[21137]: 7255054459: ../libfprint/drivers/goodixtls/goodix55x4.c:1510
out 08 01:46:26.774810 f3-fedora fprintd[21137]: Device reported finger status change: FP_FINGER_STATUS_PRESENT
out 08 01:46:26.774832 f3-fedora fprintd[21137]: Finger present 1
out 08 01:46:26.774845 f3-fedora fprintd[21137]: Finger needed 0
out 08 01:46:26.774852 f3-fedora fprintd[21137]: [goodixtls55x4] SCAN_STAGE_NUM entering state 4
out 08 01:46:26.774863 f3-fedora fprintd[21137]: Running command: 0x34
out 08 01:46:26.778094 f3-fedora fprintd[21137]: Got protocol msg
out 08 01:46:26.778113 f3-fedora fprintd[21137]: got ack
out 08 01:46:26.778511 f3-fedora fprintd[21137]: sigfm extract completed in 0,003689 secs
out 08 01:46:26.778567 f3-fedora fprintd[21137]: Device reported enroll progress, reported 35 of 40 have been completed
out 08 01:46:26.778577 f3-fedora fprintd[21137]: enroll_stage_cb: result enroll-stage-passed
out 08 01:46:27.138897 f3-fedora fprintd[21137]: Got protocol msg
out 08 01:46:27.139123 f3-fedora fprintd[21137]: Finger up
out 08 01:46:27.138916 f3-fedora fprintd[21137]: Completed command: 0x34
out 08 01:46:27.389651 f3-fedora fprintd[21137]: [goodixtls55x4] SCAN_STAGE_NUM entering state 6
out 08 01:46:27.389685 f3-fedora fprintd[21137]: [goodixtls55x4] SCAN_STAGE_NUM completed successfully
out 08 01:46:27.389736 f3-fedora fprintd[21137]: finished scan
out 08 01:46:27.389772 f3-fedora fprintd[21137]: Device reported finger status change: FP_FINGER_STATUS_NONE
out 08 01:46:27.389865 f3-fedora fprintd[21137]: Finger present 0
out 08 01:46:27.389891 f3-fedora fprintd[21137]: Finger needed 0
out 08 01:46:27.389915 f3-fedora fprintd[21137]: Image device reported finger status: off
out 08 01:46:27.389938 f3-fedora fprintd[21137]: Image device internal state change from FPI_IMAGE_DEVICE_STATE_AWAIT_FINGER_OFF to FPI_IMAGE_DEVICE_STATE_IDLE
out 08 01:46:27.389993 f3-fedora fprintd[21137]: 7255669622: ../libfprint/drivers/goodixtls/goodix55x4.c:1510
out 08 01:46:27.390031 f3-fedora fprintd[21137]: Image device internal state change from FPI_IMAGE_DEVICE_STATE_IDLE to FPI_IMAGE_DEVICE_STATE_AWAIT_FINGER_ON
out 08 01:46:27.390073 f3-fedora fprintd[21137]: 7255669708: ../libfprint/drivers/goodixtls/goodix55x4.c:1510
out 08 01:46:27.390108 f3-fedora fprintd[21137]: [goodixtls55x4] SCAN_STAGE_NUM entering state 0
out 08 01:46:27.390143 f3-fedora fprintd[21137]: Running command: 0x36
out 08 01:46:27.390733 f3-fedora fprintd[21137]: Device reported finger status change: FP_FINGER_STATUS_NEEDED
out 08 01:46:27.390800 f3-fedora fprintd[21137]: Finger present 0
out 08 01:46:27.390873 f3-fedora fprintd[21137]: Finger needed 1
out 08 01:46:27.393590 f3-fedora fprintd[21137]: Got protocol msg
out 08 01:46:27.393613 f3-fedora fprintd[21137]: got ack
out 08 01:46:27.412577 f3-fedora fprintd[21137]: Got protocol msg
out 08 01:46:27.413096 f3-fedora fprintd[21137]: finished scan!FDT base 4463 (reference 4468): 18b 197 162 134 194 1a5 17d 144 188 197 16e 130
out 08 01:46:27.412621 f3-fedora fprintd[21137]: Completed command: 0x36
out 08 01:46:27.412696 f3-fedora fprintd[21137]: [goodixtls55x4] SCAN_STAGE_NUM entering state 1
out 08 01:46:27.412718 f3-fedora fprintd[21137]: Running command: 0x20
out 08 01:46:27.416815 f3-fedora fprintd[21137]: Got protocol msg
out 08 01:46:27.416857 f3-fedora fprintd[21137]: got ack
out 08 01:46:27.453915 f3-fedora fprintd[21137]: Got TLS data msg
out 08 01:46:27.453983 f3-fedora fprintd[21137]: Completed command: 0x20
out 08 01:46:27.454456 f3-fedora fprintd[21137]: [goodixtls55x4] SCAN_STAGE_NUM entering state 2
out 08 01:46:27.454771 f3-fedora fprintd[21137]: Waiting for finger down
out 08 01:46:27.454511 f3-fedora fprintd[21137]: Running command: 0x32
out 08 01:46:27.458391 f3-fedora fprintd[21137]: Got protocol msg
out 08 01:46:27.458425 f3-fedora fprintd[21137]: got ack
out 08 01:46:30.830612 f3-fedora fprintd[21137]: Got protocol msg
out 08 01:46:30.832129 f3-fedora fprintd[21137]: Finger down (touch flag 0xeec, 3376 ms after arming)
out 08 01:46:30.830669 f3-fedora fprintd[21137]: Completed command: 0x32
out 08 01:46:30.830737 f3-fedora fprintd[21137]: [goodixtls55x4] SCAN_STAGE_NUM entering state 3
out 08 01:46:30.830769 f3-fedora fprintd[21137]: Device reported finger status change: FP_FINGER_STATUS_NEEDED | FP_FINGER_STATUS_PRESENT
out 08 01:46:30.830852 f3-fedora fprintd[21137]: Finger present 1
out 08 01:46:30.830874 f3-fedora fprintd[21137]: Finger needed 1
out 08 01:46:30.830891 f3-fedora fprintd[21137]: Image device reported finger status: on
out 08 01:46:30.830913 f3-fedora fprintd[21137]: Image device internal state change from FPI_IMAGE_DEVICE_STATE_AWAIT_FINGER_ON to FPI_IMAGE_DEVICE_STATE_CAPTURE
out 08 01:46:30.830943 f3-fedora fprintd[21137]: 7259110589: ../libfprint/drivers/goodixtls/goodix55x4.c:1510
out 08 01:46:30.830963 f3-fedora fprintd[21137]: Running command: 0x20
out 08 01:46:30.834300 f3-fedora fprintd[21137]: Got protocol msg
out 08 01:46:30.834325 f3-fedora fprintd[21137]: got ack
out 08 01:46:30.872721 f3-fedora fprintd[21137]: Got TLS data msg
out 08 01:46:30.872786 f3-fedora fprintd[21137]: Completed command: 0x20
out 08 01:46:30.892472 f3-fedora fprintd[21137]: Touch image ridge score 33,1 (gate 12), valley depth 0,266 (gate 0,18), coherence 0,46, FDT base 4463, contact 8%, ridge in contact 43,0, touch flag 0xeec -> used
out 08 01:46:30.892442 f3-fedora fprintd[21137]: Image device captured an image
out 08 01:46:30.892545 f3-fedora fprintd[21137]: Waiting for finger up
out 08 01:46:30.892466 f3-fedora fprintd[21137]: Image device internal state change from FPI_IMAGE_DEVICE_STATE_CAPTURE to FPI_IMAGE_DEVICE_STATE_AWAIT_FINGER_OFF
out 08 01:46:30.892476 f3-fedora fprintd[21137]: 7259172136: ../libfprint/drivers/goodixtls/goodix55x4.c:1510
out 08 01:46:30.892481 f3-fedora fprintd[21137]: Device reported finger status change: FP_FINGER_STATUS_PRESENT
out 08 01:46:30.892496 f3-fedora fprintd[21137]: Finger present 1
out 08 01:46:30.892505 f3-fedora fprintd[21137]: Finger needed 0
out 08 01:46:30.892509 f3-fedora fprintd[21137]: [goodixtls55x4] SCAN_STAGE_NUM entering state 4
out 08 01:46:30.892517 f3-fedora fprintd[21137]: Running command: 0x34
out 08 01:46:30.896684 f3-fedora fprintd[21137]: sigfm extract completed in 0,004145 secs
out 08 01:46:30.896711 f3-fedora fprintd[21137]: Got protocol msg
out 08 01:46:30.896716 f3-fedora fprintd[21137]: got ack
out 08 01:46:30.896971 f3-fedora fprintd[21137]: Device reported enroll progress, reported 36 of 40 have been completed
out 08 01:46:30.896979 f3-fedora fprintd[21137]: enroll_stage_cb: result enroll-stage-passed
out 08 01:46:31.317655 f3-fedora fprintd[21137]: Got protocol msg
out 08 01:46:31.318085 f3-fedora fprintd[21137]: Finger up
out 08 01:46:31.317691 f3-fedora fprintd[21137]: Completed command: 0x34
out 08 01:46:31.568240 f3-fedora fprintd[21137]: [goodixtls55x4] SCAN_STAGE_NUM entering state 6
out 08 01:46:31.568272 f3-fedora fprintd[21137]: [goodixtls55x4] SCAN_STAGE_NUM completed successfully
out 08 01:46:31.568322 f3-fedora fprintd[21137]: finished scan
out 08 01:46:31.568409 f3-fedora fprintd[21137]: Device reported finger status change: FP_FINGER_STATUS_NONE
out 08 01:46:31.568504 f3-fedora fprintd[21137]: Finger present 0
out 08 01:46:31.568529 f3-fedora fprintd[21137]: Finger needed 0
out 08 01:46:31.568550 f3-fedora fprintd[21137]: Image device reported finger status: off
out 08 01:46:31.568573 f3-fedora fprintd[21137]: Image device internal state change from FPI_IMAGE_DEVICE_STATE_AWAIT_FINGER_OFF to FPI_IMAGE_DEVICE_STATE_IDLE
out 08 01:46:31.568622 f3-fedora fprintd[21137]: 7259848254: ../libfprint/drivers/goodixtls/goodix55x4.c:1510
out 08 01:46:31.568658 f3-fedora fprintd[21137]: Image device internal state change from FPI_IMAGE_DEVICE_STATE_IDLE to FPI_IMAGE_DEVICE_STATE_AWAIT_FINGER_ON
out 08 01:46:31.568697 f3-fedora fprintd[21137]: 7259848334: ../libfprint/drivers/goodixtls/goodix55x4.c:1510
out 08 01:46:31.568730 f3-fedora fprintd[21137]: [goodixtls55x4] SCAN_STAGE_NUM entering state 0
out 08 01:46:31.568759 f3-fedora fprintd[21137]: Running command: 0x36
out 08 01:46:31.569288 f3-fedora fprintd[21137]: Device reported finger status change: FP_FINGER_STATUS_NEEDED
out 08 01:46:31.569387 f3-fedora fprintd[21137]: Finger present 0
out 08 01:46:31.569446 f3-fedora fprintd[21137]: Finger needed 1
out 08 01:46:31.572204 f3-fedora fprintd[21137]: Got protocol msg
out 08 01:46:31.572235 f3-fedora fprintd[21137]: got ack
out 08 01:46:31.590821 f3-fedora fprintd[21137]: Got protocol msg
out 08 01:46:31.591082 f3-fedora fprintd[21137]: finished scan!FDT base 4460 (reference 4468): 18a 197 161 133 194 1a5 17d 144 187 198 16e 130
out 08 01:46:31.590845 f3-fedora fprintd[21137]: Completed command: 0x36
out 08 01:46:31.590889 f3-fedora fprintd[21137]: [goodixtls55x4] SCAN_STAGE_NUM entering state 1
out 08 01:46:31.590904 f3-fedora fprintd[21137]: Running command: 0x20
out 08 01:46:31.594128 f3-fedora fprintd[21137]: Got protocol msg
out 08 01:46:31.594143 f3-fedora fprintd[21137]: got ack
out 08 01:46:31.632440 f3-fedora fprintd[21137]: Got TLS data msg
out 08 01:46:31.632498 f3-fedora fprintd[21137]: Completed command: 0x20
out 08 01:46:31.633013 f3-fedora fprintd[21137]: Waiting for finger down
out 08 01:46:31.632821 f3-fedora fprintd[21137]: [goodixtls55x4] SCAN_STAGE_NUM entering state 2
out 08 01:46:31.632863 f3-fedora fprintd[21137]: Running command: 0x32
out 08 01:46:31.636481 f3-fedora fprintd[21137]: Got protocol msg
out 08 01:46:31.636507 f3-fedora fprintd[21137]: got ack
out 08 01:46:32.770125 f3-fedora fprintd[21137]: Got protocol msg
out 08 01:46:32.771494 f3-fedora fprintd[21137]: Finger down (touch flag 0xffe, 1137 ms after arming)
out 08 01:46:32.770169 f3-fedora fprintd[21137]: Completed command: 0x32
out 08 01:46:32.770217 f3-fedora fprintd[21137]: [goodixtls55x4] SCAN_STAGE_NUM entering state 3
out 08 01:46:32.770244 f3-fedora fprintd[21137]: Device reported finger status change: FP_FINGER_STATUS_NEEDED | FP_FINGER_STATUS_PRESENT
out 08 01:46:32.770318 f3-fedora fprintd[21137]: Finger present 1
out 08 01:46:32.770380 f3-fedora fprintd[21137]: Finger needed 1
out 08 01:46:32.770404 f3-fedora fprintd[21137]: Image device reported finger status: on
out 08 01:46:32.770424 f3-fedora fprintd[21137]: Image device internal state change from FPI_IMAGE_DEVICE_STATE_AWAIT_FINGER_ON to FPI_IMAGE_DEVICE_STATE_CAPTURE
out 08 01:46:32.770453 f3-fedora fprintd[21137]: 7261050100: ../libfprint/drivers/goodixtls/goodix55x4.c:1510
out 08 01:46:32.770469 f3-fedora fprintd[21137]: Running command: 0x20
out 08 01:46:32.773755 f3-fedora fprintd[21137]: Got protocol msg
out 08 01:46:32.773778 f3-fedora fprintd[21137]: got ack
out 08 01:46:32.810809 f3-fedora fprintd[21137]: Got TLS data msg
out 08 01:46:32.810854 f3-fedora fprintd[21137]: Completed command: 0x20
out 08 01:46:32.858559 f3-fedora fprintd[21137]: Touch image ridge score 35,8 (gate 12), valley depth 0,240 (gate 0,18), coherence 0,53, FDT base 4460, contact 51%, ridge in contact 37,4, touch flag 0xffe -> used
out 08 01:46:32.858527 f3-fedora fprintd[21137]: Image device captured an image
out 08 01:46:32.858670 f3-fedora fprintd[21137]: Waiting for finger up
out 08 01:46:32.858555 f3-fedora fprintd[21137]: Image device internal state change from FPI_IMAGE_DEVICE_STATE_CAPTURE to FPI_IMAGE_DEVICE_STATE_AWAIT_FINGER_OFF
out 08 01:46:32.858570 f3-fedora fprintd[21137]: 7261138228: ../libfprint/drivers/goodixtls/goodix55x4.c:1510
out 08 01:46:32.858579 f3-fedora fprintd[21137]: Device reported finger status change: FP_FINGER_STATUS_PRESENT
out 08 01:46:32.858597 f3-fedora fprintd[21137]: Finger present 1
out 08 01:46:32.858610 f3-fedora fprintd[21137]: Finger needed 0
out 08 01:46:32.858617 f3-fedora fprintd[21137]: [goodixtls55x4] SCAN_STAGE_NUM entering state 4
out 08 01:46:32.858628 f3-fedora fprintd[21137]: Running command: 0x34
out 08 01:46:32.861922 f3-fedora fprintd[21137]: Got protocol msg
out 08 01:46:32.861937 f3-fedora fprintd[21137]: got ack
out 08 01:46:32.864983 f3-fedora fprintd[21137]: sigfm extract completed in 0,006367 secs
out 08 01:46:32.865025 f3-fedora fprintd[21137]: Device reported enroll progress, reported 37 of 40 have been completed
out 08 01:46:32.865032 f3-fedora fprintd[21137]: enroll_stage_cb: result enroll-stage-passed
out 08 01:46:33.263544 f3-fedora fprintd[21137]: Got protocol msg
out 08 01:46:33.263608 f3-fedora fprintd[21137]: Completed command: 0x34
out 08 01:46:33.264146 f3-fedora fprintd[21137]: Finger up
out 08 01:46:33.514033 f3-fedora fprintd[21137]: [goodixtls55x4] SCAN_STAGE_NUM entering state 6
out 08 01:46:33.514061 f3-fedora fprintd[21137]: [goodixtls55x4] SCAN_STAGE_NUM completed successfully
out 08 01:46:33.514290 f3-fedora fprintd[21137]: finished scan
out 08 01:46:33.514587 f3-fedora fprintd[21137]: Device reported finger status change: FP_FINGER_STATUS_NONE
out 08 01:46:33.514713 f3-fedora fprintd[21137]: Finger present 0
out 08 01:46:33.514740 f3-fedora fprintd[21137]: Finger needed 0
out 08 01:46:33.514763 f3-fedora fprintd[21137]: Image device reported finger status: off
out 08 01:46:33.514783 f3-fedora fprintd[21137]: Image device internal state change from FPI_IMAGE_DEVICE_STATE_AWAIT_FINGER_OFF to FPI_IMAGE_DEVICE_STATE_IDLE
out 08 01:46:33.514815 f3-fedora fprintd[21137]: 7261794461: ../libfprint/drivers/goodixtls/goodix55x4.c:1510
out 08 01:46:33.515047 f3-fedora fprintd[21137]: Image device internal state change from FPI_IMAGE_DEVICE_STATE_IDLE to FPI_IMAGE_DEVICE_STATE_AWAIT_FINGER_ON
out 08 01:46:33.515076 f3-fedora fprintd[21137]: 7261794721: ../libfprint/drivers/goodixtls/goodix55x4.c:1510
out 08 01:46:33.515095 f3-fedora fprintd[21137]: [goodixtls55x4] SCAN_STAGE_NUM entering state 0
out 08 01:46:33.515112 f3-fedora fprintd[21137]: Running command: 0x36
out 08 01:46:33.516259 f3-fedora fprintd[21137]: Device reported finger status change: FP_FINGER_STATUS_NEEDED
out 08 01:46:33.516323 f3-fedora fprintd[21137]: Finger present 0
out 08 01:46:33.516608 f3-fedora fprintd[21137]: Finger needed 1
out 08 01:46:33.518657 f3-fedora fprintd[21137]: Got protocol msg
out 08 01:46:33.518857 f3-fedora fprintd[21137]: got ack
out 08 01:46:33.536753 f3-fedora fprintd[21137]: Got protocol msg
out 08 01:46:33.536968 f3-fedora fprintd[21137]: finished scan!FDT base 4464 (reference 4468): 18b 197 162 133 194 1a5 17d 145 187 198 16e 131
out 08 01:46:33.536770 f3-fedora fprintd[21137]: Completed command: 0x36
out 08 01:46:33.536799 f3-fedora fprintd[21137]: [goodixtls55x4] SCAN_STAGE_NUM entering state 1
out 08 01:46:33.536807 f3-fedora fprintd[21137]: Running command: 0x20
out 08 01:46:33.540415 f3-fedora fprintd[21137]: Got protocol msg
out 08 01:46:33.540428 f3-fedora fprintd[21137]: got ack
out 08 01:46:33.578517 f3-fedora fprintd[21137]: Got TLS data msg
out 08 01:46:33.578572 f3-fedora fprintd[21137]: Completed command: 0x20
out 08 01:46:33.578891 f3-fedora fprintd[21137]: [goodixtls55x4] SCAN_STAGE_NUM entering state 2
out 08 01:46:33.579179 f3-fedora fprintd[21137]: Waiting for finger down
out 08 01:46:33.578930 f3-fedora fprintd[21137]: Running command: 0x32
out 08 01:46:33.583160 f3-fedora fprintd[21137]: Got protocol msg
out 08 01:46:33.583182 f3-fedora fprintd[21137]: got ack
out 08 01:46:34.573475 f3-fedora fprintd[21137]: Got protocol msg
out 08 01:46:34.573524 f3-fedora fprintd[21137]: Completed command: 0x32
out 08 01:46:34.575112 f3-fedora fprintd[21137]: Finger down (touch flag 0xfee, 994 ms after arming)
out 08 01:46:34.573586 f3-fedora fprintd[21137]: [goodixtls55x4] SCAN_STAGE_NUM entering state 3
out 08 01:46:34.573618 f3-fedora fprintd[21137]: Device reported finger status change: FP_FINGER_STATUS_NEEDED | FP_FINGER_STATUS_PRESENT
out 08 01:46:34.573702 f3-fedora fprintd[21137]: Finger present 1
out 08 01:46:34.573723 f3-fedora fprintd[21137]: Finger needed 1
out 08 01:46:34.573740 f3-fedora fprintd[21137]: Image device reported finger status: on
out 08 01:46:34.573759 f3-fedora fprintd[21137]: Image device internal state change from FPI_IMAGE_DEVICE_STATE_AWAIT_FINGER_ON to FPI_IMAGE_DEVICE_STATE_CAPTURE
out 08 01:46:34.573787 f3-fedora fprintd[21137]: 7262853435: ../libfprint/drivers/goodixtls/goodix55x4.c:1510
out 08 01:46:34.573806 f3-fedora fprintd[21137]: Running command: 0x20
out 08 01:46:34.577628 f3-fedora fprintd[21137]: Got protocol msg
out 08 01:46:34.577653 f3-fedora fprintd[21137]: got ack
out 08 01:46:34.614267 f3-fedora fprintd[21137]: Got TLS data msg
out 08 01:46:34.614330 f3-fedora fprintd[21137]: Completed command: 0x20
out 08 01:46:34.635854 f3-fedora fprintd[21137]: Touch image ridge score 37,0 (gate 12), valley depth 0,280 (gate 0,18), coherence 0,50, FDT base 4464, contact 17%, ridge in contact 41,3, touch flag 0xfee -> used
out 08 01:46:34.635824 f3-fedora fprintd[21137]: Image device captured an image
out 08 01:46:34.635976 f3-fedora fprintd[21137]: Waiting for finger up
out 08 01:46:34.635847 f3-fedora fprintd[21137]: Image device internal state change from FPI_IMAGE_DEVICE_STATE_CAPTURE to FPI_IMAGE_DEVICE_STATE_AWAIT_FINGER_OFF
out 08 01:46:34.635856 f3-fedora fprintd[21137]: 7262915517: ../libfprint/drivers/goodixtls/goodix55x4.c:1510
out 08 01:46:34.635862 f3-fedora fprintd[21137]: Device reported finger status change: FP_FINGER_STATUS_PRESENT
out 08 01:46:34.635876 f3-fedora fprintd[21137]: Finger present 1
out 08 01:46:34.635885 f3-fedora fprintd[21137]: Finger needed 0
out 08 01:46:34.635890 f3-fedora fprintd[21137]: [goodixtls55x4] SCAN_STAGE_NUM entering state 4
out 08 01:46:34.635900 f3-fedora fprintd[21137]: Running command: 0x34
out 08 01:46:34.640440 f3-fedora fprintd[21137]: Got protocol msg
out 08 01:46:34.640452 f3-fedora fprintd[21137]: got ack
out 08 01:46:34.641116 f3-fedora fprintd[21137]: sigfm extract completed in 0,005204 secs
out 08 01:46:34.641161 f3-fedora fprintd[21137]: Device reported enroll progress, reported 38 of 40 have been completed
out 08 01:46:34.641168 f3-fedora fprintd[21137]: enroll_stage_cb: result enroll-stage-passed
out 08 01:46:35.060585 f3-fedora fprintd[21137]: Got protocol msg
out 08 01:46:35.061064 f3-fedora fprintd[21137]: Finger up
out 08 01:46:35.060625 f3-fedora fprintd[21137]: Completed command: 0x34
out 08 01:46:35.311420 f3-fedora fprintd[21137]: [goodixtls55x4] SCAN_STAGE_NUM entering state 6
out 08 01:46:35.311461 f3-fedora fprintd[21137]: [goodixtls55x4] SCAN_STAGE_NUM completed successfully
out 08 01:46:35.311520 f3-fedora fprintd[21137]: finished scan
out 08 01:46:35.311556 f3-fedora fprintd[21137]: Device reported finger status change: FP_FINGER_STATUS_NONE
out 08 01:46:35.311658 f3-fedora fprintd[21137]: Finger present 0
out 08 01:46:35.311702 f3-fedora fprintd[21137]: Finger needed 0
out 08 01:46:35.311742 f3-fedora fprintd[21137]: Image device reported finger status: off
out 08 01:46:35.311784 f3-fedora fprintd[21137]: Image device internal state change from FPI_IMAGE_DEVICE_STATE_AWAIT_FINGER_OFF to FPI_IMAGE_DEVICE_STATE_IDLE
out 08 01:46:35.311843 f3-fedora fprintd[21137]: 7263591470: ../libfprint/drivers/goodixtls/goodix55x4.c:1510
out 08 01:46:35.311885 f3-fedora fprintd[21137]: Image device internal state change from FPI_IMAGE_DEVICE_STATE_IDLE to FPI_IMAGE_DEVICE_STATE_AWAIT_FINGER_ON
out 08 01:46:35.311930 f3-fedora fprintd[21137]: 7263591563: ../libfprint/drivers/goodixtls/goodix55x4.c:1510
out 08 01:46:35.311971 f3-fedora fprintd[21137]: [goodixtls55x4] SCAN_STAGE_NUM entering state 0
out 08 01:46:35.312011 f3-fedora fprintd[21137]: Running command: 0x36
out 08 01:46:35.312501 f3-fedora fprintd[21137]: Device reported finger status change: FP_FINGER_STATUS_NEEDED
out 08 01:46:35.312551 f3-fedora fprintd[21137]: Finger present 0
out 08 01:46:35.312591 f3-fedora fprintd[21137]: Finger needed 1
out 08 01:46:35.315452 f3-fedora fprintd[21137]: Got protocol msg
out 08 01:46:35.315476 f3-fedora fprintd[21137]: got ack
out 08 01:46:35.334565 f3-fedora fprintd[21137]: Got protocol msg
out 08 01:46:35.335042 f3-fedora fprintd[21137]: finished scan!FDT base 4463 (reference 4468): 18a 197 162 134 194 1a5 17d 145 187 198 16e 130
out 08 01:46:35.334610 f3-fedora fprintd[21137]: Completed command: 0x36
out 08 01:46:35.334681 f3-fedora fprintd[21137]: [goodixtls55x4] SCAN_STAGE_NUM entering state 1
out 08 01:46:35.334698 f3-fedora fprintd[21137]: Running command: 0x20
out 08 01:46:35.338839 f3-fedora fprintd[21137]: Got protocol msg
out 08 01:46:35.338869 f3-fedora fprintd[21137]: got ack
out 08 01:46:35.375058 f3-fedora fprintd[21137]: Got TLS data msg
out 08 01:46:35.375109 f3-fedora fprintd[21137]: Completed command: 0x20
out 08 01:46:35.375507 f3-fedora fprintd[21137]: [goodixtls55x4] SCAN_STAGE_NUM entering state 2
out 08 01:46:35.375781 f3-fedora fprintd[21137]: Waiting for finger down
out 08 01:46:35.375565 f3-fedora fprintd[21137]: Running command: 0x32
out 08 01:46:35.379713 f3-fedora fprintd[21137]: Got protocol msg
out 08 01:46:35.379740 f3-fedora fprintd[21137]: got ack
out 08 01:46:36.004529 f3-fedora fprintd[21137]: Got protocol msg
out 08 01:46:36.006176 f3-fedora fprintd[21137]: Finger down (touch flag 0xe6e, 629 ms after arming)
out 08 01:46:36.004571 f3-fedora fprintd[21137]: Completed command: 0x32
out 08 01:46:36.004625 f3-fedora fprintd[21137]: [goodixtls55x4] SCAN_STAGE_NUM entering state 3
out 08 01:46:36.004654 f3-fedora fprintd[21137]: Device reported finger status change: FP_FINGER_STATUS_NEEDED | FP_FINGER_STATUS_PRESENT
out 08 01:46:36.004755 f3-fedora fprintd[21137]: Finger present 1
out 08 01:46:36.004775 f3-fedora fprintd[21137]: Finger needed 1
out 08 01:46:36.004794 f3-fedora fprintd[21137]: Image device reported finger status: on
out 08 01:46:36.004813 f3-fedora fprintd[21137]: Image device internal state change from FPI_IMAGE_DEVICE_STATE_AWAIT_FINGER_ON to FPI_IMAGE_DEVICE_STATE_CAPTURE
out 08 01:46:36.004843 f3-fedora fprintd[21137]: 7264284490: ../libfprint/drivers/goodixtls/goodix55x4.c:1510
out 08 01:46:36.004861 f3-fedora fprintd[21137]: Running command: 0x20
out 08 01:46:36.008512 f3-fedora fprintd[21137]: Got protocol msg
out 08 01:46:36.008537 f3-fedora fprintd[21137]: got ack
out 08 01:46:36.046729 f3-fedora fprintd[21137]: Got TLS data msg
out 08 01:46:36.046781 f3-fedora fprintd[21137]: Completed command: 0x20
out 08 01:46:36.067745 f3-fedora fprintd[21137]: Touch image ridge score 35,7 (gate 12), valley depth 0,292 (gate 0,18), coherence 0,48, FDT base 4463, contact 12%, ridge in contact 41,0, touch flag 0xe6e -> used
out 08 01:46:36.067718 f3-fedora fprintd[21137]: Image device captured an image
out 08 01:46:36.067862 f3-fedora fprintd[21137]: Waiting for finger up
out 08 01:46:36.067740 f3-fedora fprintd[21137]: Image device internal state change from FPI_IMAGE_DEVICE_STATE_CAPTURE to FPI_IMAGE_DEVICE_STATE_AWAIT_FINGER_OFF
out 08 01:46:36.067750 f3-fedora fprintd[21137]: 7264347410: ../libfprint/drivers/goodixtls/goodix55x4.c:1510
out 08 01:46:36.067756 f3-fedora fprintd[21137]: Device reported finger status change: FP_FINGER_STATUS_PRESENT
out 08 01:46:36.067769 f3-fedora fprintd[21137]: Finger present 1
out 08 01:46:36.067780 f3-fedora fprintd[21137]: Finger needed 0
out 08 01:46:36.067784 f3-fedora fprintd[21137]: [goodixtls55x4] SCAN_STAGE_NUM entering state 4
out 08 01:46:36.067791 f3-fedora fprintd[21137]: Running command: 0x34
out 08 01:46:36.072386 f3-fedora fprintd[21137]: Got protocol msg
out 08 01:46:36.072386 f3-fedora fprintd[21137]: sigfm extract completed in 0,004571 secs
out 08 01:46:36.072399 f3-fedora fprintd[21137]: got ack
out 08 01:46:36.072466 f3-fedora fprintd[21137]: Device reported enroll progress, reported 39 of 40 have been completed
out 08 01:46:36.072473 f3-fedora fprintd[21137]: enroll_stage_cb: result enroll-stage-passed
out 08 01:46:36.390661 f3-fedora fprintd[21137]: Got protocol msg
out 08 01:46:36.391330 f3-fedora fprintd[21137]: Finger up
out 08 01:46:36.390722 f3-fedora fprintd[21137]: Completed command: 0x34
out 08 01:46:36.641285 f3-fedora fprintd[21137]: [goodixtls55x4] SCAN_STAGE_NUM entering state 6
out 08 01:46:36.641322 f3-fedora fprintd[21137]: [goodixtls55x4] SCAN_STAGE_NUM completed successfully
out 08 01:46:36.641403 f3-fedora fprintd[21137]: finished scan
out 08 01:46:36.641438 f3-fedora fprintd[21137]: Device reported finger status change: FP_FINGER_STATUS_NONE
out 08 01:46:36.641525 f3-fedora fprintd[21137]: Finger present 0
out 08 01:46:36.641549 f3-fedora fprintd[21137]: Finger needed 0
out 08 01:46:36.641577 f3-fedora fprintd[21137]: Image device reported finger status: off
out 08 01:46:36.641610 f3-fedora fprintd[21137]: Image device internal state change from FPI_IMAGE_DEVICE_STATE_AWAIT_FINGER_OFF to FPI_IMAGE_DEVICE_STATE_IDLE
out 08 01:46:36.641662 f3-fedora fprintd[21137]: 7264921293: ../libfprint/drivers/goodixtls/goodix55x4.c:1510
out 08 01:46:36.641700 f3-fedora fprintd[21137]: Image device internal state change from FPI_IMAGE_DEVICE_STATE_IDLE to FPI_IMAGE_DEVICE_STATE_AWAIT_FINGER_ON
out 08 01:46:36.641744 f3-fedora fprintd[21137]: 7264921376: ../libfprint/drivers/goodixtls/goodix55x4.c:1510
out 08 01:46:36.641780 f3-fedora fprintd[21137]: [goodixtls55x4] SCAN_STAGE_NUM entering state 0
out 08 01:46:36.641810 f3-fedora fprintd[21137]: Running command: 0x36
out 08 01:46:36.642222 f3-fedora fprintd[21137]: Device reported finger status change: FP_FINGER_STATUS_NEEDED
out 08 01:46:36.642273 f3-fedora fprintd[21137]: Finger present 0
out 08 01:46:36.642310 f3-fedora fprintd[21137]: Finger needed 1
out 08 01:46:36.645884 f3-fedora fprintd[21137]: Got protocol msg
out 08 01:46:36.645910 f3-fedora fprintd[21137]: got ack
out 08 01:46:36.663580 f3-fedora fprintd[21137]: Got protocol msg
out 08 01:46:36.663988 f3-fedora fprintd[21137]: finished scan!FDT base 4463 (reference 4468): 18a 197 162 133 194 1a5 17d 145 188 198 16e 130
out 08 01:46:36.663621 f3-fedora fprintd[21137]: Completed command: 0x36
out 08 01:46:36.663689 f3-fedora fprintd[21137]: [goodixtls55x4] SCAN_STAGE_NUM entering state 1
out 08 01:46:36.663705 f3-fedora fprintd[21137]: Running command: 0x20
out 08 01:46:36.667693 f3-fedora fprintd[21137]: Got protocol msg
out 08 01:46:36.667720 f3-fedora fprintd[21137]: got ack
out 08 01:46:36.704517 f3-fedora fprintd[21137]: Got TLS data msg
out 08 01:46:36.704579 f3-fedora fprintd[21137]: Completed command: 0x20
out 08 01:46:36.705203 f3-fedora fprintd[21137]: Waiting for finger down
out 08 01:46:36.704948 f3-fedora fprintd[21137]: [goodixtls55x4] SCAN_STAGE_NUM entering state 2
out 08 01:46:36.704991 f3-fedora fprintd[21137]: Running command: 0x32
out 08 01:46:36.709179 f3-fedora fprintd[21137]: Got protocol msg
out 08 01:46:36.709216 f3-fedora fprintd[21137]: got ack
out 08 01:46:37.212415 f3-fedora fprintd[21137]: Got protocol msg
out 08 01:46:37.212462 f3-fedora fprintd[21137]: Completed command: 0x32
out 08 01:46:37.213888 f3-fedora fprintd[21137]: Finger down (touch flag 0xffe, 507 ms after arming)
out 08 01:46:37.212521 f3-fedora fprintd[21137]: [goodixtls55x4] SCAN_STAGE_NUM entering state 3
out 08 01:46:37.212554 f3-fedora fprintd[21137]: Device reported finger status change: FP_FINGER_STATUS_NEEDED | FP_FINGER_STATUS_PRESENT
out 08 01:46:37.212638 f3-fedora fprintd[21137]: Finger present 1
out 08 01:46:37.212659 f3-fedora fprintd[21137]: Finger needed 1
out 08 01:46:37.212678 f3-fedora fprintd[21137]: Image device reported finger status: on
out 08 01:46:37.212698 f3-fedora fprintd[21137]: Image device internal state change from FPI_IMAGE_DEVICE_STATE_AWAIT_FINGER_ON to FPI_IMAGE_DEVICE_STATE_CAPTURE
out 08 01:46:37.212728 f3-fedora fprintd[21137]: 7265492375: ../libfprint/drivers/goodixtls/goodix55x4.c:1510
out 08 01:46:37.212746 f3-fedora fprintd[21137]: Running command: 0x20
out 08 01:46:37.216043 f3-fedora fprintd[21137]: Got protocol msg
out 08 01:46:37.216069 f3-fedora fprintd[21137]: got ack
out 08 01:46:37.253232 f3-fedora fprintd[21137]: Got TLS data msg
out 08 01:46:37.253284 f3-fedora fprintd[21137]: Completed command: 0x20
out 08 01:46:37.274536 f3-fedora fprintd[21137]: Touch image ridge score 37,1 (gate 12), valley depth 0,282 (gate 0,18), coherence 0,53, FDT base 4463, contact 18%, ridge in contact 40,4, touch flag 0xffe -> used
out 08 01:46:37.274505 f3-fedora fprintd[21137]: Image device captured an image
out 08 01:46:37.275464 f3-fedora fprintd[21137]: Waiting for finger up
out 08 01:46:37.274527 f3-fedora fprintd[21137]: Image device internal state change from FPI_IMAGE_DEVICE_STATE_CAPTURE to FPI_IMAGE_DEVICE_STATE_AWAIT_FINGER_OFF
out 08 01:46:37.274537 f3-fedora fprintd[21137]: 7265554197: ../libfprint/drivers/goodixtls/goodix55x4.c:1510
out 08 01:46:37.274542 f3-fedora fprintd[21137]: Device reported finger status change: FP_FINGER_STATUS_PRESENT
out 08 01:46:37.274556 f3-fedora fprintd[21137]: Finger present 1
out 08 01:46:37.274566 f3-fedora fprintd[21137]: Finger needed 0
out 08 01:46:37.274571 f3-fedora fprintd[21137]: [goodixtls55x4] SCAN_STAGE_NUM entering state 4
out 08 01:46:37.274579 f3-fedora fprintd[21137]: Running command: 0x34
out 08 01:46:37.279225 f3-fedora fprintd[21137]: Got protocol msg
out 08 01:46:37.279237 f3-fedora fprintd[21137]: got ack
out 08 01:46:37.279543 f3-fedora fprintd[21137]: sigfm extract completed in 0,004956 secs
out 08 01:46:37.279586 f3-fedora fprintd[21137]: Device reported enroll progress, reported 40 of 40 have been completed
out 08 01:46:37.279594 f3-fedora fprintd[21137]: enroll_stage_cb: result enroll-stage-passed
out 08 01:46:37.577214 f3-fedora fprintd[21137]: Got protocol msg
out 08 01:46:37.577770 f3-fedora fprintd[21137]: Finger up
out 08 01:46:37.577256 f3-fedora fprintd[21137]: Completed command: 0x34
out 08 01:46:37.828149 f3-fedora fprintd[21137]: [goodixtls55x4] SCAN_STAGE_NUM entering state 6
out 08 01:46:37.828193 f3-fedora fprintd[21137]: [goodixtls55x4] SCAN_STAGE_NUM completed successfully
out 08 01:46:37.828241 f3-fedora fprintd[21137]: finished scan
out 08 01:46:37.828274 f3-fedora fprintd[21137]: Device reported finger status change: FP_FINGER_STATUS_NONE
out 08 01:46:37.828458 f3-fedora fprintd[21137]: Finger present 0
out 08 01:46:37.828495 f3-fedora fprintd[21137]: Finger needed 0
out 08 01:46:37.828530 f3-fedora fprintd[21137]: Image device reported finger status: off
out 08 01:46:37.828567 f3-fedora fprintd[21137]: Image device internal state change from FPI_IMAGE_DEVICE_STATE_AWAIT_FINGER_OFF to FPI_IMAGE_DEVICE_STATE_IDLE
out 08 01:46:37.828625 f3-fedora fprintd[21137]: 7266108253: ../libfprint/drivers/goodixtls/goodix55x4.c:1510
out 08 01:46:37.828654 f3-fedora fprintd[21137]: Deactivating image device
out 08 01:46:37.828683 f3-fedora fprintd[21137]: Image device internal state change from FPI_IMAGE_DEVICE_STATE_IDLE to FPI_IMAGE_DEVICE_STATE_DEACTIVATING
out 08 01:46:37.828724 f3-fedora fprintd[21137]: 7266108362: ../libfprint/drivers/goodixtls/goodix55x4.c:1510
out 08 01:46:38.078575 f3-fedora fprintd[21137]: [goodixtls55x4] SLEEP_STAGE_NUM entering state 0
out 08 01:46:38.079242 f3-fedora fprintd[21137]: finished scan!SWITCH TO SLEEP MODE
out 08 01:46:38.078641 f3-fedora fprintd[21137]: Running command: 0x60
out 08 01:46:38.081942 f3-fedora fprintd[21137]: Got protocol msg
out 08 01:46:38.081969 f3-fedora fprintd[21137]: got ack
out 08 01:46:38.082665 f3-fedora fprintd[21137]: SWITCH TO SLEEP MODE REALTEK
out 08 01:46:38.082002 f3-fedora fprintd[21137]: 7266361636: ../libfprint/drivers/goodixtls/goodix.c:319
out 08 01:46:38.082029 f3-fedora fprintd[21137]: Completed command: 0x60
out 08 01:46:38.082052 f3-fedora fprintd[21137]: [goodixtls55x4] SLEEP_STAGE_NUM entering state 1
out 08 01:46:38.082097 f3-fedora fprintd[21137]: Running command: 0x92
out 08 01:46:38.086155 f3-fedora fprintd[21137]: Got protocol msg
out 08 01:46:38.086181 f3-fedora fprintd[21137]: got ack
out 08 01:46:38.087239 f3-fedora fprintd[21137]: Got protocol msg
out 08 01:46:38.087629 f3-fedora fprintd[21137]: Device is now on sleep
out 08 01:46:38.087629 f3-fedora fprintd[21137]: Deactivated
out 08 01:46:38.087285 f3-fedora fprintd[21137]: Completed command: 0x92
out 08 01:46:38.087333 f3-fedora fprintd[21137]: [goodixtls55x4] SLEEP_STAGE_NUM entering state 2
out 08 01:46:38.087620 f3-fedora fprintd[21137]: Image device deactivation completed
out 08 01:46:38.087646 f3-fedora fprintd[21137]: Image device internal state change from FPI_IMAGE_DEVICE_STATE_DEACTIVATING to FPI_IMAGE_DEVICE_STATE_INACTIVE
out 08 01:46:38.087687 f3-fedora fprintd[21137]: 7266367333: ../libfprint/drivers/goodixtls/goodix55x4.c:1510
out 08 01:46:38.087707 f3-fedora fprintd[21137]: Device reported enroll completion
out 08 01:46:38.087739 f3-fedora fprintd[21137]: Print for finger FP_FINGER_RIGHT_INDEX enrolled
out 08 01:46:38.087891 f3-fedora fprintd[21137]: Completing action FPI_DEVICE_ACTION_ENROLL in idle!
out 08 01:46:38.087911 f3-fedora fprintd[21137]: Not updating temperature model, device can run continuously!
out 08 01:46:38.087935 f3-fedora fprintd[21137]: enroll_cb: result enroll-completed
out 08 01:46:38.111240 f3-fedora fprintd[21137]: file_storage_print_data_save(): print saved to /var/lib/fprint/f360c4/goodixtls55x4/0/7
out 08 01:46:38.112302 f3-fedora fprintd[21137]: Requesting authorization from :1.335 to call method 'EnrollStop' for device 'Goodix TLS Fingerprint Sensor 55X4'
out 08 01:46:38.112310 f3-fedora fprintd[21137]: Authorization granted to :1.335 to call method 'EnrollStop' for device 'Goodix TLS Fingerprint Sensor 55X4'!
out 08 01:46:38.112911 f3-fedora fprintd[21137]: Requesting authorization from :1.335 to call method 'Release' for device 'Goodix TLS Fingerprint Sensor 55X4'
out 08 01:46:38.112918 f3-fedora fprintd[21137]: Authorization granted to :1.335 to call method 'Release' for device 'Goodix TLS Fingerprint Sensor 55X4'!
out 08 01:46:38.113126 f3-fedora fprintd[21137]: Image device close completed
out 08 01:46:38.113135 f3-fedora fprintd[21137]: Device reported close completion
out 08 01:46:38.113237 f3-fedora fprintd[21137]: transfer cancelled, aborting read loop...
out 08 01:46:38.113248 f3-fedora fprintd[21137]: Completing action FPI_DEVICE_ACTION_CLOSE in idle!
out 08 01:46:38.113253 f3-fedora fprintd[21137]: Not updating temperature model, device can run continuously!
out 08 01:46:38.113259 f3-fedora fprintd[21137]: released device 0
out 08 01:46:38.119143 f3-fedora fprintd[21137]: Requesting authorization from :1.336 to call method 'ListEnrolledFingers' for device 'Goodix TLS Fingerprint Sensor 55X4'
out 08 01:46:38.119331 f3-fedora fprintd[21137]: Getting authorization to perform Polkit action net.reactivated.fprint.device.verify
out 08 01:46:38.132913 f3-fedora fprintd[21137]: Authorization granted to :1.336 to call method 'ListEnrolledFingers' for device 'Goodix TLS Fingerprint Sensor 55X4'!
out 08 01:46:38.132974 f3-fedora fprintd[21137]: file_storage_discover_prints() for user 'f360c4' in '/var/lib/fprint/f360c4/goodixtls55x4/0'
out 08 01:46:38.444075 f3-fedora fprintd[21137]: file_storage_print_data_load(): loaded '/var/lib/fprint/f360c4/goodixtls55x4/0/7' Sucesso
out 08 01:47:07.396891 f3-fedora fprintd[21137]: Requesting authorization from :1.337 to call method 'Claim' for device 'Goodix TLS Fingerprint Sensor 55X4'
out 08 01:47:07.397215 f3-fedora fprintd[21137]: Getting authorization to perform Polkit action net.reactivated.fprint.device.verify
out 08 01:47:07.409392 f3-fedora fprintd[21137]: Authorization granted to :1.337 to call method 'Claim' for device 'Goodix TLS Fingerprint Sensor 55X4'!
out 08 01:47:07.409455 f3-fedora fprintd[21137]: user 'f360c4' claiming the device: 0
out 08 01:47:07.516158 f3-fedora fprintd[21137]: Image device open completed
out 08 01:47:07.516192 f3-fedora fprintd[21137]: Device reported open completion
out 08 01:47:07.516617 f3-fedora fprintd[21137]: Completing action FPI_DEVICE_ACTION_OPEN in idle!
out 08 01:47:07.516641 f3-fedora fprintd[21137]: Not updating temperature model, device can run continuously!
out 08 01:47:07.516669 f3-fedora fprintd[21137]: claimed device 0
out 08 01:47:07.518397 f3-fedora fprintd[21137]: Requesting authorization from :1.337 to call method 'ListEnrolledFingers' for device 'Goodix TLS Fingerprint Sensor 55X4'
out 08 01:47:07.519412 f3-fedora fprintd[21137]: Getting authorization to perform Polkit action net.reactivated.fprint.device.verify
out 08 01:47:07.563416 f3-fedora fprintd[21137]: Authorization granted to :1.337 to call method 'ListEnrolledFingers' for device 'Goodix TLS Fingerprint Sensor 55X4'!
out 08 01:47:07.563567 f3-fedora fprintd[21137]: file_storage_discover_prints() for user 'f360c4' in '/var/lib/fprint/f360c4/goodixtls55x4/0'
out 08 01:47:07.881662 f3-fedora fprintd[21137]: file_storage_print_data_load(): loaded '/var/lib/fprint/f360c4/goodixtls55x4/0/7' Sucesso
out 08 01:47:07.882295 f3-fedora fprintd[21137]: Requesting authorization from :1.337 to call method 'VerifyStart' for device 'Goodix TLS Fingerprint Sensor 55X4'
out 08 01:47:07.882301 f3-fedora fprintd[21137]: Getting authorization to perform Polkit action net.reactivated.fprint.device.verify
out 08 01:47:07.891681 f3-fedora fprintd[21137]: Authorization granted to :1.337 to call method 'VerifyStart' for device 'Goodix TLS Fingerprint Sensor 55X4'!
out 08 01:47:08.189640 f3-fedora fprintd[21137]: file_storage_print_data_load(): loaded '/var/lib/fprint/f360c4/goodixtls55x4/0/7' Sucesso
out 08 01:47:08.189912 f3-fedora fprintd[21137]: Read and NO OP
out 08 01:47:08.189912 f3-fedora fprintd[21137]: Enable Chip
out 08 01:47:08.189649 f3-fedora fprintd[21137]: start verification device 0 finger right-index-finger
out 08 01:47:08.189659 f3-fedora fprintd[21137]: Not updating temperature model, device can run continuously!
out 08 01:47:08.189668 f3-fedora fprintd[21137]: Activating image device
out 08 01:47:08.189673 f3-fedora fprintd[21137]: Image device internal state change from FPI_IMAGE_DEVICE_STATE_INACTIVE to FPI_IMAGE_DEVICE_STATE_ACTIVATING
out 08 01:47:08.189681 f3-fedora fprintd[21137]: 7296469342: ../libfprint/drivers/goodixtls/goodix55x4.c:1510
out 08 01:47:08.189685 f3-fedora fprintd[21137]: [goodixtls55x4] ACTIVATE_NUM_STATES entering state 0
out 08 01:47:08.189741 f3-fedora fprintd[21137]: Running command: 0x00
out 08 01:47:08.189835 f3-fedora fprintd[21137]: Completed command: 0x00
out 08 01:47:08.189841 f3-fedora fprintd[21137]: [goodixtls55x4] ACTIVATE_NUM_STATES entering state 1
out 08 01:47:08.189848 f3-fedora fprintd[21137]: Running command: 0x96
out 08 01:47:08.194161 f3-fedora fprintd[21137]: Got protocol msg
out 08 01:47:08.194166 f3-fedora fprintd[21137]: got ack
out 08 01:47:08.194233 f3-fedora fprintd[21137]: NO OP
out 08 01:47:08.194171 f3-fedora fprintd[21137]: 7296473831: ../libfprint/drivers/goodixtls/goodix.c:319
out 08 01:47:08.194277 f3-fedora fprintd[21137]: Checking FW
out 08 01:47:08.194175 f3-fedora fprintd[21137]: Completed command: 0x96
out 08 01:47:08.194178 f3-fedora fprintd[21137]: [goodixtls55x4] ACTIVATE_NUM_STATES entering state 2
out 08 01:47:08.194185 f3-fedora fprintd[21137]: Running command: 0x00
out 08 01:47:08.194233 f3-fedora fprintd[21137]: Completed command: 0x00
out 08 01:47:08.194236 f3-fedora fprintd[21137]: [goodixtls55x4] ACTIVATE_NUM_STATES entering state 3
out 08 01:47:08.194241 f3-fedora fprintd[21137]: Running command: 0xa8
out 08 01:47:08.198690 f3-fedora fprintd[21137]: Got protocol msg
out 08 01:47:08.198698 f3-fedora fprintd[21137]: got ack
out 08 01:47:08.200684 f3-fedora fprintd[21137]: Got protocol msg
out 08 01:47:08.200871 f3-fedora fprintd[21137]: GF3268_RTSEC_APP_10062
out 08 01:47:08.200871 f3-fedora fprintd[21137]: Checking PSK
out 08 01:47:08.200713 f3-fedora fprintd[21137]: Completed command: 0xa8
out 08 01:47:08.200717 f3-fedora fprintd[21137]: Device firmware: "GF3268_RTSEC_APP_10062"
out 08 01:47:08.200732 f3-fedora fprintd[21137]: [goodixtls55x4] ACTIVATE_NUM_STATES entering state 4
out 08 01:47:08.200739 f3-fedora fprintd[21137]: Running command: 0xe4
out 08 01:47:08.203902 f3-fedora fprintd[21137]: Got protocol msg
out 08 01:47:08.203910 f3-fedora fprintd[21137]: got ack
out 08 01:47:08.208557 f3-fedora fprintd[21137]: Got protocol msg
out 08 01:47:08.208778 f3-fedora fprintd[21137]: length: 32, offset: 1241495681, flags: -1157496825
out 08 01:47:08.208778 f3-fedora fprintd[21137]: Reset Device
out 08 01:47:08.208573 f3-fedora fprintd[21137]: Completed command: 0xe4
out 08 01:47:08.208594 f3-fedora fprintd[21137]: Device PSK: 0x81b8ff490612022a121a9449ee3aad2792f32b9f3141182cd01019945ee50361
out 08 01:47:08.208597 f3-fedora fprintd[21137]: Device PSK flags: 0xbb020007
out 08 01:47:08.208605 f3-fedora fprintd[21137]: [goodixtls55x4] ACTIVATE_NUM_STATES entering state 5
out 08 01:47:08.208612 f3-fedora fprintd[21137]: Running command: 0xa2
out 08 01:47:08.211627 f3-fedora fprintd[21137]: Got protocol msg
out 08 01:47:08.211633 f3-fedora fprintd[21137]: got ack
out 08 01:47:08.234972 f3-fedora fprintd[21137]: Got protocol msg
out 08 01:47:08.235136 f3-fedora fprintd[21137]: Device IDLE
out 08 01:47:08.234988 f3-fedora fprintd[21137]: Completed command: 0xa2
out 08 01:47:08.234992 f3-fedora fprintd[21137]: Device reset number: 1024
out 08 01:47:08.234998 f3-fedora fprintd[21137]: [goodixtls55x4] ACTIVATE_NUM_STATES entering state 6
out 08 01:47:08.235010 f3-fedora fprintd[21137]: Running command: 0x70
out 08 01:47:08.238135 f3-fedora fprintd[21137]: Got protocol msg
out 08 01:47:08.238350 f3-fedora fprintd[21137]: Reading OTP
out 08 01:47:08.238144 f3-fedora fprintd[21137]: got ack
out 08 01:47:08.238154 f3-fedora fprintd[21137]: 7296517810: ../libfprint/drivers/goodixtls/goodix.c:319
out 08 01:47:08.238163 f3-fedora fprintd[21137]: Completed command: 0x70
out 08 01:47:08.238170 f3-fedora fprintd[21137]: [goodixtls55x4] ACTIVATE_NUM_STATES entering state 7
out 08 01:47:08.238184 f3-fedora fprintd[21137]: Running command: 0xa6
out 08 01:47:08.261679 f3-fedora fprintd[21137]: Got protocol msg
out 08 01:47:08.261704 f3-fedora fprintd[21137]: got ack
out 08 01:47:08.287574 f3-fedora fprintd[21137]: Got protocol msg
out 08 01:47:08.288002 f3-fedora fprintd[21137]: OTP calibration: tcode 0xd0 (image 0x70), fdt delta 0x17 (trigger 0x17), fdt offset 0
out 08 01:47:08.288002 f3-fedora fprintd[21137]: Uploading calibrated Device Config
out 08 01:47:08.287621 f3-fedora fprintd[21137]: Completed command: 0xa6
out 08 01:47:08.287671 f3-fedora fprintd[21137]: [goodixtls55x4] ACTIVATE_NUM_STATES entering state 8
out 08 01:47:08.287697 f3-fedora fprintd[21137]: Running command: 0x90
out 08 01:47:08.297230 f3-fedora fprintd[21137]: Got protocol msg
out 08 01:47:08.297255 f3-fedora fprintd[21137]: got ack
out 08 01:47:08.318664 f3-fedora fprintd[21137]: Got protocol msg
out 08 01:47:08.318721 f3-fedora fprintd[21137]: Completed command: 0x90
out 08 01:47:08.318741 f3-fedora fprintd[21137]: [goodixtls55x4] ACTIVATE_NUM_STATES completed successfully
out 08 01:47:08.318766 f3-fedora fprintd[21137]: 7296598409: ../libfprint/drivers/goodixtls/goodix55x4.c:504
out 08 01:47:08.318778 f3-fedora fprintd[21137]: Starting up goodix tls server
out 08 01:47:08.320835 f3-fedora fprintd[21137]: Running command: 0xd0
out 08 01:47:08.320944 f3-fedora fprintd[21137]: TLS server waiting to accept...
out 08 01:47:08.324101 f3-fedora fprintd[21137]: Got protocol msg
out 08 01:47:08.324141 f3-fedora fprintd[21137]: got ack
out 08 01:47:08.331805 f3-fedora fprintd[21137]: Got TLS msg
out 08 01:47:08.331841 f3-fedora fprintd[21137]: Completed command: 0xd0
out 08 01:47:08.331877 f3-fedora fprintd[21137]: [goodixtls55x4] TLS_HANDSHAKE_STAGE_NUM entering state 0
out 08 01:47:08.333869 f3-fedora fprintd[21137]: [goodixtls55x4] TLS_HANDSHAKE_STAGE_NUM entering state 1
out 08 01:47:08.333890 f3-fedora fprintd[21137]: goodix_read_tls()
out 08 01:47:08.349430 f3-fedora fprintd[21137]: Got TLS msg
out 08 01:47:08.349465 f3-fedora fprintd[21137]: Completed command: 0x00
out 08 01:47:08.349500 f3-fedora fprintd[21137]: [goodixtls55x4] TLS_HANDSHAKE_STAGE_NUM entering state 2
out 08 01:47:08.349512 f3-fedora fprintd[21137]: goodix_read_tls()
out 08 01:47:08.349668 f3-fedora fprintd[21137]: PSK WANTED 512
out 08 01:47:08.351758 f3-fedora fprintd[21137]: Got TLS msg
out 08 01:47:08.351794 f3-fedora fprintd[21137]: Completed command: 0x00
out 08 01:47:08.351830 f3-fedora fprintd[21137]: [goodixtls55x4] TLS_HANDSHAKE_STAGE_NUM entering state 3
out 08 01:47:08.351841 f3-fedora fprintd[21137]: goodix_read_tls()
out 08 01:47:08.364147 f3-fedora fprintd[21137]: Got TLS msg
out 08 01:47:08.364186 f3-fedora fprintd[21137]: Completed command: 0x00
out 08 01:47:08.364220 f3-fedora fprintd[21137]: [goodixtls55x4] TLS_HANDSHAKE_STAGE_NUM entering state 4
out 08 01:47:08.364231 f3-fedora fprintd[21137]: Reading to proxy back
out 08 01:47:08.364658 f3-fedora fprintd[21137]: TLS server accept done
out 08 01:47:08.364684 f3-fedora fprintd[21137]: TLS connection ready
out 08 01:47:08.365753 f3-fedora fprintd[21137]: [goodixtls55x4] TLS_HANDSHAKE_STAGE_NUM completed successfully
out 08 01:47:08.386373 f3-fedora fprintd[21137]: HANDSHAKE DONE
out 08 01:47:08.386414 f3-fedora fprintd[21137]: Image device activation completed
out 08 01:47:08.386452 f3-fedora fprintd[21137]: Image device internal state change from FPI_IMAGE_DEVICE_STATE_ACTIVATING to FPI_IMAGE_DEVICE_STATE_IDLE
out 08 01:47:08.386498 f3-fedora fprintd[21137]: 7296666142: ../libfprint/drivers/goodixtls/goodix55x4.c:1510
out 08 01:47:08.386515 f3-fedora fprintd[21137]: Image device internal state change from FPI_IMAGE_DEVICE_STATE_IDLE to FPI_IMAGE_DEVICE_STATE_AWAIT_FINGER_ON
out 08 01:47:08.386532 f3-fedora fprintd[21137]: 7296666185: ../libfprint/drivers/goodixtls/goodix55x4.c:1510
out 08 01:47:08.386551 f3-fedora fprintd[21137]: [goodixtls55x4] SCAN_STAGE_NUM entering state 0
out 08 01:47:08.386566 f3-fedora fprintd[21137]: Running command: 0x36
out 08 01:47:08.387061 f3-fedora fprintd[21137]: Device reported finger status change: FP_FINGER_STATUS_NEEDED
out 08 01:47:08.387116 f3-fedora fprintd[21137]: Finger present 0
out 08 01:47:08.387150 f3-fedora fprintd[21137]: Finger needed 1
out 08 01:47:08.390040 f3-fedora fprintd[21137]: Got protocol msg
out 08 01:47:08.390063 f3-fedora fprintd[21137]: got ack
out 08 01:47:08.409060 f3-fedora fprintd[21137]: Got protocol msg
out 08 01:47:08.410314 f3-fedora fprintd[21137]: FDT base 4468 (reference 4468): 18b 197 162 134 194 1a6 17e 145 188 198 16e 131
out 08 01:47:08.409099 f3-fedora fprintd[21137]: Completed command: 0x36
out 08 01:47:08.409159 f3-fedora fprintd[21137]: [goodixtls55x4] SCAN_STAGE_NUM entering state 1
out 08 01:47:08.409176 f3-fedora fprintd[21137]: Running command: 0x20
out 08 01:47:08.412567 f3-fedora fprintd[21137]: Got protocol msg
out 08 01:47:08.412590 f3-fedora fprintd[21137]: got ack
out 08 01:47:08.451127 f3-fedora fprintd[21137]: Got TLS data msg
out 08 01:47:08.451171 f3-fedora fprintd[21137]: Completed command: 0x20
out 08 01:47:08.452105 f3-fedora fprintd[21137]: Waiting for finger down
out 08 01:47:08.451616 f3-fedora fprintd[21137]: [goodixtls55x4] SCAN_STAGE_NUM entering state 2
out 08 01:47:08.451694 f3-fedora fprintd[21137]: Running command: 0x32
out 08 01:47:08.455224 f3-fedora fprintd[21137]: Got protocol msg
out 08 01:47:08.455246 f3-fedora fprintd[21137]: got ack
out 08 01:47:10.099557 f3-fedora fprintd[21137]: Got protocol msg
out 08 01:47:10.101161 f3-fedora fprintd[21137]: Finger down (touch flag 0xeec, 1647 ms after arming)
out 08 01:47:10.099612 f3-fedora fprintd[21137]: Completed command: 0x32
out 08 01:47:10.099673 f3-fedora fprintd[21137]: [goodixtls55x4] SCAN_STAGE_NUM entering state 3
out 08 01:47:10.099708 f3-fedora fprintd[21137]: Device reported finger status change: FP_FINGER_STATUS_NEEDED | FP_FINGER_STATUS_PRESENT
out 08 01:47:10.099794 f3-fedora fprintd[21137]: Finger present 1
out 08 01:47:10.099816 f3-fedora fprintd[21137]: Finger needed 1
out 08 01:47:10.099835 f3-fedora fprintd[21137]: Image device reported finger status: on
out 08 01:47:10.099855 f3-fedora fprintd[21137]: Image device internal state change from FPI_IMAGE_DEVICE_STATE_AWAIT_FINGER_ON to FPI_IMAGE_DEVICE_STATE_CAPTURE
out 08 01:47:10.099885 f3-fedora fprintd[21137]: 7298379531: ../libfprint/drivers/goodixtls/goodix55x4.c:1510
out 08 01:47:10.099902 f3-fedora fprintd[21137]: Running command: 0x20
out 08 01:47:10.103012 f3-fedora fprintd[21137]: Got protocol msg
out 08 01:47:10.103037 f3-fedora fprintd[21137]: got ack
out 08 01:47:10.141152 f3-fedora fprintd[21137]: Got TLS data msg
out 08 01:47:10.141202 f3-fedora fprintd[21137]: Completed command: 0x20
out 08 01:47:10.162597 f3-fedora fprintd[21137]: Touch image ridge score 36,7 (gate 11), valley depth 0,256 (gate 0,10), coherence 0,48, FDT base 4468, contact 35%, ridge in contact 38,6, touch flag 0xeec -> used
out 08 01:47:10.162570 f3-fedora fprintd[21137]: Image device captured an image
out 08 01:47:10.162593 f3-fedora fprintd[21137]: Image device internal state change from FPI_IMAGE_DEVICE_STATE_CAPTURE to FPI_IMAGE_DEVICE_STATE_AWAIT_FINGER_OFF
out 08 01:47:10.162603 f3-fedora fprintd[21137]: 7298442264: ../libfprint/drivers/goodixtls/goodix55x4.c:1510
out 08 01:47:10.162609 f3-fedora fprintd[21137]: Device reported finger status change: FP_FINGER_STATUS_PRESENT
out 08 01:47:10.162623 f3-fedora fprintd[21137]: Finger present 1
out 08 01:47:10.162633 f3-fedora fprintd[21137]: Finger needed 0
out 08 01:47:10.162638 f3-fedora fprintd[21137]: [goodixtls55x4] SCAN_STAGE_NUM entering state 4
out 08 01:47:10.162641 f3-fedora fprintd[21137]: [goodixtls55x4] SCAN_STAGE_NUM entering state 6
out 08 01:47:10.162644 f3-fedora fprintd[21137]: [goodixtls55x4] SCAN_STAGE_NUM completed successfully
out 08 01:47:10.162650 f3-fedora fprintd[21137]: finished scan
out 08 01:47:10.162654 f3-fedora fprintd[21137]: Device reported finger status change: FP_FINGER_STATUS_NONE
out 08 01:47:10.162660 f3-fedora fprintd[21137]: Finger present 0
out 08 01:47:10.162665 f3-fedora fprintd[21137]: Finger needed 0
out 08 01:47:10.162669 f3-fedora fprintd[21137]: Image device reported finger status: off
out 08 01:47:10.162674 f3-fedora fprintd[21137]: Image device internal state change from FPI_IMAGE_DEVICE_STATE_AWAIT_FINGER_OFF to FPI_IMAGE_DEVICE_STATE_IDLE
out 08 01:47:10.162679 f3-fedora fprintd[21137]: 7298442340: ../libfprint/drivers/goodixtls/goodix55x4.c:1510
out 08 01:47:10.162682 f3-fedora fprintd[21137]: Deactivating image device
out 08 01:47:10.162685 f3-fedora fprintd[21137]: Image device internal state change from FPI_IMAGE_DEVICE_STATE_IDLE to FPI_IMAGE_DEVICE_STATE_DEACTIVATING
out 08 01:47:10.162689 f3-fedora fprintd[21137]: 7298442351: ../libfprint/drivers/goodixtls/goodix55x4.c:1510
out 08 01:47:10.167361 f3-fedora fprintd[21137]: sigfm extract completed in 0,004695 secs
out 08 01:47:10.186223 f3-fedora fprintd[21137]: sigfm score 4533823/200
out 08 01:47:10.186395 f3-fedora fprintd[21137]: finished scan!SIGFM match: score 4533823/200 (template frame 1 of 40)
out 08 01:47:10.186241 f3-fedora fprintd[21137]: Device reported verify result
out 08 01:47:10.186248 f3-fedora fprintd[21137]: report_verify_status: result verify-match
out 08 01:47:10.186983 f3-fedora fprintd[21137]: Requesting authorization from :1.337 to call method 'VerifyStop' for device 'Goodix TLS Fingerprint Sensor 55X4'
out 08 01:47:10.186990 f3-fedora fprintd[21137]: Authorization granted to :1.337 to call method 'VerifyStop' for device 'Goodix TLS Fingerprint Sensor 55X4'!
out 08 01:47:10.391705 f3-fedora fprintd[21137]: [goodixtls55x4] SLEEP_STAGE_NUM entering state 0
out 08 01:47:10.392579 f3-fedora fprintd[21137]: SWITCH TO SLEEP MODE
out 08 01:47:10.391766 f3-fedora fprintd[21137]: Running command: 0x60
out 08 01:47:10.395233 f3-fedora fprintd[21137]: Got protocol msg
out 08 01:47:10.395261 f3-fedora fprintd[21137]: got ack
out 08 01:47:10.395835 f3-fedora fprintd[21137]: SWITCH TO SLEEP MODE REALTEK
out 08 01:47:10.395295 f3-fedora fprintd[21137]: 7298674929: ../libfprint/drivers/goodixtls/goodix.c:319
out 08 01:47:10.395324 f3-fedora fprintd[21137]: Completed command: 0x60
out 08 01:47:10.395389 f3-fedora fprintd[21137]: [goodixtls55x4] SLEEP_STAGE_NUM entering state 1
out 08 01:47:10.395441 f3-fedora fprintd[21137]: Running command: 0x92
out 08 01:47:10.398691 f3-fedora fprintd[21137]: Got protocol msg
out 08 01:47:10.398716 f3-fedora fprintd[21137]: got ack
out 08 01:47:10.400408 f3-fedora fprintd[21137]: Got protocol msg
out 08 01:47:10.400459 f3-fedora fprintd[21137]: Completed command: 0x92
out 08 01:47:10.400889 f3-fedora fprintd[21137]: Device is now on sleep
out 08 01:47:10.400889 f3-fedora fprintd[21137]: Deactivated
out 08 01:47:10.400503 f3-fedora fprintd[21137]: [goodixtls55x4] SLEEP_STAGE_NUM entering state 2
out 08 01:47:10.400769 f3-fedora fprintd[21137]: Image device deactivation completed
out 08 01:47:10.400796 f3-fedora fprintd[21137]: Image device internal state change from FPI_IMAGE_DEVICE_STATE_DEACTIVATING to FPI_IMAGE_DEVICE_STATE_INACTIVE
out 08 01:47:10.400835 f3-fedora fprintd[21137]: 7298680481: ../libfprint/drivers/goodixtls/goodix55x4.c:1510
out 08 01:47:10.400855 f3-fedora fprintd[21137]: Device reported verify completion
out 08 01:47:10.401017 f3-fedora fprintd[21137]: Completing action FPI_DEVICE_ACTION_VERIFY in idle!
out 08 01:47:10.401039 f3-fedora fprintd[21137]: Not updating temperature model, device can run continuously!
out 08 01:47:10.401062 f3-fedora fprintd[21137]: verify_cb: result verify-match
out 08 01:47:10.403134 f3-fedora fprintd[21137]: Requesting authorization from :1.337 to call method 'Release' for device 'Goodix TLS Fingerprint Sensor 55X4'
out 08 01:47:10.403168 f3-fedora fprintd[21137]: Authorization granted to :1.337 to call method 'Release' for device 'Goodix TLS Fingerprint Sensor 55X4'!
out 08 01:47:10.403633 f3-fedora fprintd[21137]: Image device close completed
out 08 01:47:10.403678 f3-fedora fprintd[21137]: Device reported close completion
out 08 01:47:10.404043 f3-fedora fprintd[21137]: transfer cancelled, aborting read loop...
out 08 01:47:10.404095 f3-fedora fprintd[21137]: Completing action FPI_DEVICE_ACTION_CLOSE in idle!
out 08 01:47:10.404114 f3-fedora fprintd[21137]: Not updating temperature model, device can run continuously!
out 08 01:47:10.404143 f3-fedora fprintd[21137]: released device 0
out 08 01:47:13.197601 f3-fedora fprintd[21137]: Requesting authorization from :1.338 to call method 'Claim' for device 'Goodix TLS Fingerprint Sensor 55X4'
out 08 01:47:13.197824 f3-fedora fprintd[21137]: Getting authorization to perform Polkit action net.reactivated.fprint.device.verify
out 08 01:47:13.213059 f3-fedora fprintd[21137]: Authorization granted to :1.338 to call method 'Claim' for device 'Goodix TLS Fingerprint Sensor 55X4'!
out 08 01:47:13.213156 f3-fedora fprintd[21137]: user 'f360c4' claiming the device: 0
out 08 01:47:13.319032 f3-fedora fprintd[21137]: Image device open completed
out 08 01:47:13.319076 f3-fedora fprintd[21137]: Device reported open completion
out 08 01:47:13.319596 f3-fedora fprintd[21137]: Completing action FPI_DEVICE_ACTION_OPEN in idle!
out 08 01:47:13.319629 f3-fedora fprintd[21137]: Not updating temperature model, device can run continuously!
out 08 01:47:13.319666 f3-fedora fprintd[21137]: claimed device 0
out 08 01:47:13.321666 f3-fedora fprintd[21137]: Requesting authorization from :1.338 to call method 'ListEnrolledFingers' for device 'Goodix TLS Fingerprint Sensor 55X4'
out 08 01:47:13.322744 f3-fedora fprintd[21137]: Getting authorization to perform Polkit action net.reactivated.fprint.device.verify
out 08 01:47:13.361981 f3-fedora fprintd[21137]: Authorization granted to :1.338 to call method 'ListEnrolledFingers' for device 'Goodix TLS Fingerprint Sensor 55X4'!
out 08 01:47:13.362200 f3-fedora fprintd[21137]: file_storage_discover_prints() for user 'f360c4' in '/var/lib/fprint/f360c4/goodixtls55x4/0'
out 08 01:47:13.679857 f3-fedora fprintd[21137]: file_storage_print_data_load(): loaded '/var/lib/fprint/f360c4/goodixtls55x4/0/7' Sucesso
out 08 01:47:13.680505 f3-fedora fprintd[21137]: Requesting authorization from :1.338 to call method 'VerifyStart' for device 'Goodix TLS Fingerprint Sensor 55X4'
out 08 01:47:13.680512 f3-fedora fprintd[21137]: Getting authorization to perform Polkit action net.reactivated.fprint.device.verify
out 08 01:47:13.696011 f3-fedora fprintd[21137]: Authorization granted to :1.338 to call method 'VerifyStart' for device 'Goodix TLS Fingerprint Sensor 55X4'!
out 08 01:47:13.990795 f3-fedora fprintd[21137]: file_storage_print_data_load(): loaded '/var/lib/fprint/f360c4/goodixtls55x4/0/7' Sucesso
out 08 01:47:13.991043 f3-fedora fprintd[21137]: Read and NO OP
out 08 01:47:13.991043 f3-fedora fprintd[21137]: Enable Chip
out 08 01:47:13.990806 f3-fedora fprintd[21137]: start verification device 0 finger right-index-finger
out 08 01:47:13.990820 f3-fedora fprintd[21137]: Not updating temperature model, device can run continuously!
out 08 01:47:13.990833 f3-fedora fprintd[21137]: Activating image device
out 08 01:47:13.990839 f3-fedora fprintd[21137]: Image device internal state change from FPI_IMAGE_DEVICE_STATE_INACTIVE to FPI_IMAGE_DEVICE_STATE_ACTIVATING
out 08 01:47:13.990851 f3-fedora fprintd[21137]: 7302270510: ../libfprint/drivers/goodixtls/goodix55x4.c:1510
out 08 01:47:13.990858 f3-fedora fprintd[21137]: [goodixtls55x4] ACTIVATE_NUM_STATES entering state 0
out 08 01:47:13.990914 f3-fedora fprintd[21137]: Running command: 0x00
out 08 01:47:13.991024 f3-fedora fprintd[21137]: Completed command: 0x00
out 08 01:47:13.991030 f3-fedora fprintd[21137]: [goodixtls55x4] ACTIVATE_NUM_STATES entering state 1
out 08 01:47:13.991038 f3-fedora fprintd[21137]: Running command: 0x96
out 08 01:47:13.995476 f3-fedora fprintd[21137]: Got protocol msg
out 08 01:47:13.995481 f3-fedora fprintd[21137]: got ack
out 08 01:47:13.995565 f3-fedora fprintd[21137]: NO OP
out 08 01:47:13.995488 f3-fedora fprintd[21137]: 7302275147: ../libfprint/drivers/goodixtls/goodix.c:319
out 08 01:47:13.995495 f3-fedora fprintd[21137]: Completed command: 0x96
out 08 01:47:13.995660 f3-fedora fprintd[21137]: Checking FW
out 08 01:47:13.995500 f3-fedora fprintd[21137]: [goodixtls55x4] ACTIVATE_NUM_STATES entering state 2
out 08 01:47:13.995509 f3-fedora fprintd[21137]: Running command: 0x00
out 08 01:47:13.995605 f3-fedora fprintd[21137]: Completed command: 0x00
out 08 01:47:13.995610 f3-fedora fprintd[21137]: [goodixtls55x4] ACTIVATE_NUM_STATES entering state 3
out 08 01:47:13.995619 f3-fedora fprintd[21137]: Running command: 0xa8
out 08 01:47:13.999914 f3-fedora fprintd[21137]: Got protocol msg
out 08 01:47:13.999919 f3-fedora fprintd[21137]: got ack
out 08 01:47:14.002422 f3-fedora fprintd[21137]: Got protocol msg
out 08 01:47:14.002434 f3-fedora fprintd[21137]: Completed command: 0xa8
out 08 01:47:14.002528 f3-fedora fprintd[21137]: GF3268_RTSEC_APP_10062
out 08 01:47:14.002528 f3-fedora fprintd[21137]: Checking PSK
out 08 01:47:14.002439 f3-fedora fprintd[21137]: Device firmware: "GF3268_RTSEC_APP_10062"
out 08 01:47:14.002453 f3-fedora fprintd[21137]: [goodixtls55x4] ACTIVATE_NUM_STATES entering state 4
out 08 01:47:14.002462 f3-fedora fprintd[21137]: Running command: 0xe4
out 08 01:47:14.005645 f3-fedora fprintd[21137]: Got protocol msg
out 08 01:47:14.005655 f3-fedora fprintd[21137]: got ack
out 08 01:47:14.010271 f3-fedora fprintd[21137]: Got protocol msg
out 08 01:47:14.010288 f3-fedora fprintd[21137]: Completed command: 0xe4
out 08 01:47:14.010454 f3-fedora fprintd[21137]: length: 32, offset: 1241495681, flags: -1157496825
out 08 01:47:14.010454 f3-fedora fprintd[21137]: Reset Device
out 08 01:47:14.010307 f3-fedora fprintd[21137]: Device PSK: 0x81b8ff490612022a121a9449ee3aad2792f32b9f3141182cd01019945ee50361
out 08 01:47:14.010312 f3-fedora fprintd[21137]: Device PSK flags: 0xbb020007
out 08 01:47:14.010318 f3-fedora fprintd[21137]: [goodixtls55x4] ACTIVATE_NUM_STATES entering state 5
out 08 01:47:14.010326 f3-fedora fprintd[21137]: Running command: 0xa2
out 08 01:47:14.013301 f3-fedora fprintd[21137]: Got protocol msg
out 08 01:47:14.013312 f3-fedora fprintd[21137]: got ack
out 08 01:47:14.035935 f3-fedora fprintd[21137]: Got protocol msg
out 08 01:47:14.035956 f3-fedora fprintd[21137]: Completed command: 0xa2
out 08 01:47:14.036151 f3-fedora fprintd[21137]: Device IDLE
out 08 01:47:14.035962 f3-fedora fprintd[21137]: Device reset number: 1024
out 08 01:47:14.035970 f3-fedora fprintd[21137]: [goodixtls55x4] ACTIVATE_NUM_STATES entering state 6
out 08 01:47:14.035986 f3-fedora fprintd[21137]: Running command: 0x70
out 08 01:47:14.039695 f3-fedora fprintd[21137]: Got protocol msg
out 08 01:47:14.039704 f3-fedora fprintd[21137]: got ack
out 08 01:47:14.039907 f3-fedora fprintd[21137]: Reading OTP
out 08 01:47:14.039716 f3-fedora fprintd[21137]: 7302319370: ../libfprint/drivers/goodixtls/goodix.c:319
out 08 01:47:14.039726 f3-fedora fprintd[21137]: Completed command: 0x70
out 08 01:47:14.039735 f3-fedora fprintd[21137]: [goodixtls55x4] ACTIVATE_NUM_STATES entering state 7
out 08 01:47:14.039749 f3-fedora fprintd[21137]: Running command: 0xa6
out 08 01:47:14.063197 f3-fedora fprintd[21137]: Got protocol msg
out 08 01:47:14.063212 f3-fedora fprintd[21137]: got ack
out 08 01:47:14.089142 f3-fedora fprintd[21137]: Got protocol msg
out 08 01:47:14.089200 f3-fedora fprintd[21137]: Completed command: 0xa6
out 08 01:47:14.089797 f3-fedora fprintd[21137]: OTP calibration: tcode 0xd0 (image 0x70), fdt delta 0x17 (trigger 0x17), fdt offset 0
out 08 01:47:14.089797 f3-fedora fprintd[21137]: Uploading calibrated Device Config
out 08 01:47:14.089269 f3-fedora fprintd[21137]: [goodixtls55x4] ACTIVATE_NUM_STATES entering state 8
out 08 01:47:14.089304 f3-fedora fprintd[21137]: Running command: 0x90
out 08 01:47:14.098825 f3-fedora fprintd[21137]: Got protocol msg
out 08 01:47:14.098859 f3-fedora fprintd[21137]: got ack
out 08 01:47:14.120500 f3-fedora fprintd[21137]: Got protocol msg
out 08 01:47:14.120558 f3-fedora fprintd[21137]: Completed command: 0x90
out 08 01:47:14.120590 f3-fedora fprintd[21137]: [goodixtls55x4] ACTIVATE_NUM_STATES completed successfully
out 08 01:47:14.120618 f3-fedora fprintd[21137]: 7302400259: ../libfprint/drivers/goodixtls/goodix55x4.c:504
out 08 01:47:14.120636 f3-fedora fprintd[21137]: Starting up goodix tls server
out 08 01:47:14.122969 f3-fedora fprintd[21137]: Running command: 0xd0
out 08 01:47:14.123081 f3-fedora fprintd[21137]: TLS server waiting to accept...
out 08 01:47:14.126227 f3-fedora fprintd[21137]: Got protocol msg
out 08 01:47:14.126261 f3-fedora fprintd[21137]: got ack
out 08 01:47:14.133872 f3-fedora fprintd[21137]: Got TLS msg
out 08 01:47:14.133936 f3-fedora fprintd[21137]: Completed command: 0xd0
out 08 01:47:14.133987 f3-fedora fprintd[21137]: [goodixtls55x4] TLS_HANDSHAKE_STAGE_NUM entering state 0
out 08 01:47:14.135705 f3-fedora fprintd[21137]: [goodixtls55x4] TLS_HANDSHAKE_STAGE_NUM entering state 1
out 08 01:47:14.135737 f3-fedora fprintd[21137]: goodix_read_tls()
out 08 01:47:14.150964 f3-fedora fprintd[21137]: Got TLS msg
out 08 01:47:14.151011 f3-fedora fprintd[21137]: Completed command: 0x00
out 08 01:47:14.151061 f3-fedora fprintd[21137]: [goodixtls55x4] TLS_HANDSHAKE_STAGE_NUM entering state 2
out 08 01:47:14.151081 f3-fedora fprintd[21137]: goodix_read_tls()
out 08 01:47:14.151203 f3-fedora fprintd[21137]: PSK WANTED 512
out 08 01:47:14.153821 f3-fedora fprintd[21137]: Got TLS msg
out 08 01:47:14.153870 f3-fedora fprintd[21137]: Completed command: 0x00
out 08 01:47:14.153920 f3-fedora fprintd[21137]: [goodixtls55x4] TLS_HANDSHAKE_STAGE_NUM entering state 3
out 08 01:47:14.153938 f3-fedora fprintd[21137]: goodix_read_tls()
out 08 01:47:14.166767 f3-fedora fprintd[21137]: Got TLS msg
out 08 01:47:14.166814 f3-fedora fprintd[21137]: Completed command: 0x00
out 08 01:47:14.166865 f3-fedora fprintd[21137]: [goodixtls55x4] TLS_HANDSHAKE_STAGE_NUM entering state 4
out 08 01:47:14.166883 f3-fedora fprintd[21137]: Reading to proxy back
out 08 01:47:14.167433 f3-fedora fprintd[21137]: TLS server accept done
out 08 01:47:14.167469 f3-fedora fprintd[21137]: TLS connection ready
out 08 01:47:14.168627 f3-fedora fprintd[21137]: [goodixtls55x4] TLS_HANDSHAKE_STAGE_NUM completed successfully
out 08 01:47:14.189239 f3-fedora fprintd[21137]: HANDSHAKE DONE
out 08 01:47:14.189279 f3-fedora fprintd[21137]: Image device activation completed
out 08 01:47:14.189321 f3-fedora fprintd[21137]: Image device internal state change from FPI_IMAGE_DEVICE_STATE_ACTIVATING to FPI_IMAGE_DEVICE_STATE_IDLE
out 08 01:47:14.189423 f3-fedora fprintd[21137]: 7302469050: ../libfprint/drivers/goodixtls/goodix55x4.c:1510
out 08 01:47:14.189454 f3-fedora fprintd[21137]: Image device internal state change from FPI_IMAGE_DEVICE_STATE_IDLE to FPI_IMAGE_DEVICE_STATE_AWAIT_FINGER_ON
out 08 01:47:14.189484 f3-fedora fprintd[21137]: 7302469129: ../libfprint/drivers/goodixtls/goodix55x4.c:1510
out 08 01:47:14.189513 f3-fedora fprintd[21137]: [goodixtls55x4] SCAN_STAGE_NUM entering state 0
out 08 01:47:14.189535 f3-fedora fprintd[21137]: Running command: 0x36
out 08 01:47:14.189958 f3-fedora fprintd[21137]: Device reported finger status change: FP_FINGER_STATUS_NEEDED
out 08 01:47:14.190027 f3-fedora fprintd[21137]: Finger present 0
out 08 01:47:14.190076 f3-fedora fprintd[21137]: Finger needed 1
out 08 01:47:14.192887 f3-fedora fprintd[21137]: Got protocol msg
out 08 01:47:14.192917 f3-fedora fprintd[21137]: got ack
out 08 01:47:14.211639 f3-fedora fprintd[21137]: Got protocol msg
out 08 01:47:14.211685 f3-fedora fprintd[21137]: Completed command: 0x36
out 08 01:47:14.213061 f3-fedora fprintd[21137]: FDT base 4467 (reference 4468): 18b 197 162 134 194 1a6 17d 145 188 198 16e 131
out 08 01:47:14.211766 f3-fedora fprintd[21137]: [goodixtls55x4] SCAN_STAGE_NUM entering state 1
out 08 01:47:14.211788 f3-fedora fprintd[21137]: Running command: 0x20
out 08 01:47:14.214892 f3-fedora fprintd[21137]: Got protocol msg
out 08 01:47:14.214919 f3-fedora fprintd[21137]: got ack
out 08 01:47:14.252008 f3-fedora fprintd[21137]: Got TLS data msg
out 08 01:47:14.252027 f3-fedora fprintd[21137]: Completed command: 0x20
out 08 01:47:14.252188 f3-fedora fprintd[21137]: [goodixtls55x4] SCAN_STAGE_NUM entering state 2
out 08 01:47:14.252292 f3-fedora fprintd[21137]: Waiting for finger down
out 08 01:47:14.252209 f3-fedora fprintd[21137]: Running command: 0x32
out 08 01:47:14.255351 f3-fedora fprintd[21137]: Got protocol msg
out 08 01:47:14.255360 f3-fedora fprintd[21137]: got ack
out 08 01:47:15.634540 f3-fedora fprintd[21137]: Got protocol msg
out 08 01:47:15.634597 f3-fedora fprintd[21137]: Completed command: 0x32
out 08 01:47:15.636427 f3-fedora fprintd[21137]: Finger down (touch flag 0xecc, 1382 ms after arming)
out 08 01:47:15.634674 f3-fedora fprintd[21137]: [goodixtls55x4] SCAN_STAGE_NUM entering state 3
out 08 01:47:15.634720 f3-fedora fprintd[21137]: Device reported finger status change: FP_FINGER_STATUS_NEEDED | FP_FINGER_STATUS_PRESENT
out 08 01:47:15.634827 f3-fedora fprintd[21137]: Finger present 1
out 08 01:47:15.634870 f3-fedora fprintd[21137]: Finger needed 1
out 08 01:47:15.634901 f3-fedora fprintd[21137]: Image device reported finger status: on
out 08 01:47:15.634931 f3-fedora fprintd[21137]: Image device internal state change from FPI_IMAGE_DEVICE_STATE_AWAIT_FINGER_ON to FPI_IMAGE_DEVICE_STATE_CAPTURE
out 08 01:47:15.634979 f3-fedora fprintd[21137]: 7303914614: ../libfprint/drivers/goodixtls/goodix55x4.c:1510
out 08 01:47:15.635008 f3-fedora fprintd[21137]: Running command: 0x20
out 08 01:47:15.638631 f3-fedora fprintd[21137]: Got protocol msg
out 08 01:47:15.638662 f3-fedora fprintd[21137]: got ack
out 08 01:47:15.676288 f3-fedora fprintd[21137]: Got TLS data msg
out 08 01:47:15.676387 f3-fedora fprintd[21137]: Completed command: 0x20
out 08 01:47:15.695111 f3-fedora fprintd[21137]: Touch image ridge score 33,3 (gate 11), valley depth 0,312 (gate 0,10), coherence 0,50, FDT base 4467, contact 5%, ridge in contact 48,3, touch flag 0xecc -> used
out 08 01:47:15.695133 f3-fedora fprintd[21137]: Image device captured an image
out 08 01:47:15.695170 f3-fedora fprintd[21137]: Image device internal state change from FPI_IMAGE_DEVICE_STATE_CAPTURE to FPI_IMAGE_DEVICE_STATE_AWAIT_FINGER_OFF
out 08 01:47:15.695183 f3-fedora fprintd[21137]: 7303974841: ../libfprint/drivers/goodixtls/goodix55x4.c:1510
out 08 01:47:15.695190 f3-fedora fprintd[21137]: Device reported finger status change: FP_FINGER_STATUS_PRESENT
out 08 01:47:15.695208 f3-fedora fprintd[21137]: Finger present 1
out 08 01:47:15.695221 f3-fedora fprintd[21137]: Finger needed 0
out 08 01:47:15.695228 f3-fedora fprintd[21137]: [goodixtls55x4] SCAN_STAGE_NUM entering state 4
out 08 01:47:15.695233 f3-fedora fprintd[21137]: [goodixtls55x4] SCAN_STAGE_NUM entering state 6
out 08 01:47:15.695239 f3-fedora fprintd[21137]: [goodixtls55x4] SCAN_STAGE_NUM completed successfully
out 08 01:47:15.695247 f3-fedora fprintd[21137]: finished scan
out 08 01:47:15.695252 f3-fedora fprintd[21137]: Device reported finger status change: FP_FINGER_STATUS_NONE
out 08 01:47:15.695263 f3-fedora fprintd[21137]: Finger present 0
out 08 01:47:15.695270 f3-fedora fprintd[21137]: Finger needed 0
out 08 01:47:15.695276 f3-fedora fprintd[21137]: Image device reported finger status: off
out 08 01:47:15.695281 f3-fedora fprintd[21137]: Image device internal state change from FPI_IMAGE_DEVICE_STATE_AWAIT_FINGER_OFF to FPI_IMAGE_DEVICE_STATE_IDLE
out 08 01:47:15.695289 f3-fedora fprintd[21137]: 7303974949: ../libfprint/drivers/goodixtls/goodix55x4.c:1510
out 08 01:47:15.695293 f3-fedora fprintd[21137]: Deactivating image device
out 08 01:47:15.695299 f3-fedora fprintd[21137]: Image device internal state change from FPI_IMAGE_DEVICE_STATE_IDLE to FPI_IMAGE_DEVICE_STATE_DEACTIVATING
out 08 01:47:15.695306 f3-fedora fprintd[21137]: 7303974965: ../libfprint/drivers/goodixtls/goodix55x4.c:1510
out 08 01:47:15.699475 f3-fedora fprintd[21137]: sigfm extract completed in 0,004236 secs
out 08 01:47:15.710256 f3-fedora fprintd[21137]: sigfm score 2152551/200
out 08 01:47:15.710372 f3-fedora fprintd[21137]: finished scan!SIGFM match: score 2152551/200 (template frame 1 of 40)
out 08 01:47:15.710273 f3-fedora fprintd[21137]: Device reported verify result
out 08 01:47:15.710279 f3-fedora fprintd[21137]: report_verify_status: result verify-match
out 08 01:47:15.710959 f3-fedora fprintd[21137]: Requesting authorization from :1.338 to call method 'VerifyStop' for device 'Goodix TLS Fingerprint Sensor 55X4'
out 08 01:47:15.710965 f3-fedora fprintd[21137]: Authorization granted to :1.338 to call method 'VerifyStop' for device 'Goodix TLS Fingerprint Sensor 55X4'!
out 08 01:47:15.926979 f3-fedora fprintd[21137]: [goodixtls55x4] SLEEP_STAGE_NUM entering state 0
out 08 01:47:15.927844 f3-fedora fprintd[21137]: SWITCH TO SLEEP MODE
out 08 01:47:15.927043 f3-fedora fprintd[21137]: Running command: 0x60
out 08 01:47:15.930268 f3-fedora fprintd[21137]: Got protocol msg
out 08 01:47:15.930295 f3-fedora fprintd[21137]: got ack
out 08 01:47:15.930847 f3-fedora fprintd[21137]: SWITCH TO SLEEP MODE REALTEK
out 08 01:47:15.930365 f3-fedora fprintd[21137]: 7304209963: ../libfprint/drivers/goodixtls/goodix.c:319
out 08 01:47:15.930395 f3-fedora fprintd[21137]: Completed command: 0x60
out 08 01:47:15.930416 f3-fedora fprintd[21137]: [goodixtls55x4] SLEEP_STAGE_NUM entering state 1
out 08 01:47:15.930455 f3-fedora fprintd[21137]: Running command: 0x92
out 08 01:47:15.933717 f3-fedora fprintd[21137]: Got protocol msg
out 08 01:47:15.933738 f3-fedora fprintd[21137]: got ack
out 08 01:47:15.935370 f3-fedora fprintd[21137]: Got protocol msg
out 08 01:47:15.935411 f3-fedora fprintd[21137]: Completed command: 0x92
out 08 01:47:15.935810 f3-fedora fprintd[21137]: Device is now on sleep
out 08 01:47:15.935810 f3-fedora fprintd[21137]: Deactivated
out 08 01:47:15.935451 f3-fedora fprintd[21137]: [goodixtls55x4] SLEEP_STAGE_NUM entering state 2
out 08 01:47:15.935691 f3-fedora fprintd[21137]: Image device deactivation completed
out 08 01:47:15.935714 f3-fedora fprintd[21137]: Image device internal state change from FPI_IMAGE_DEVICE_STATE_DEACTIVATING to FPI_IMAGE_DEVICE_STATE_INACTIVE
out 08 01:47:15.935749 f3-fedora fprintd[21137]: 7304215396: ../libfprint/drivers/goodixtls/goodix55x4.c:1510
out 08 01:47:15.935765 f3-fedora fprintd[21137]: Device reported verify completion
out 08 01:47:15.935901 f3-fedora fprintd[21137]: Completing action FPI_DEVICE_ACTION_VERIFY in idle!
out 08 01:47:15.935919 f3-fedora fprintd[21137]: Not updating temperature model, device can run continuously!
out 08 01:47:15.935937 f3-fedora fprintd[21137]: verify_cb: result verify-match
out 08 01:47:15.937711 f3-fedora fprintd[21137]: Requesting authorization from :1.338 to call method 'Release' for device 'Goodix TLS Fingerprint Sensor 55X4'
out 08 01:47:15.937740 f3-fedora fprintd[21137]: Authorization granted to :1.338 to call method 'Release' for device 'Goodix TLS Fingerprint Sensor 55X4'!
out 08 01:47:15.938125 f3-fedora fprintd[21137]: Image device close completed
out 08 01:47:15.938153 f3-fedora fprintd[21137]: Device reported close completion
out 08 01:47:15.938296 f3-fedora fprintd[21137]: transfer cancelled, aborting read loop...
out 08 01:47:15.938362 f3-fedora fprintd[21137]: Completing action FPI_DEVICE_ACTION_CLOSE in idle!
out 08 01:47:15.938390 f3-fedora fprintd[21137]: Not updating temperature model, device can run continuously!
out 08 01:47:15.938430 f3-fedora fprintd[21137]: released device 0
out 08 01:47:26.642254 f3-fedora fprintd[21137]: Requesting authorization from :1.339 to call method 'Claim' for device 'Goodix TLS Fingerprint Sensor 55X4'
out 08 01:47:26.642478 f3-fedora fprintd[21137]: Getting authorization to perform Polkit action net.reactivated.fprint.device.verify
out 08 01:47:26.658051 f3-fedora fprintd[21137]: Authorization granted to :1.339 to call method 'Claim' for device 'Goodix TLS Fingerprint Sensor 55X4'!
out 08 01:47:26.658155 f3-fedora fprintd[21137]: user 'f360c4' claiming the device: 0
out 08 01:47:26.763770 f3-fedora fprintd[21137]: Image device open completed
out 08 01:47:26.763804 f3-fedora fprintd[21137]: Device reported open completion
out 08 01:47:26.764180 f3-fedora fprintd[21137]: Completing action FPI_DEVICE_ACTION_OPEN in idle!
out 08 01:47:26.764202 f3-fedora fprintd[21137]: Not updating temperature model, device can run continuously!
out 08 01:47:26.764228 f3-fedora fprintd[21137]: claimed device 0
out 08 01:47:26.766001 f3-fedora fprintd[21137]: Requesting authorization from :1.339 to call method 'ListEnrolledFingers' for device 'Goodix TLS Fingerprint Sensor 55X4'
out 08 01:47:26.767018 f3-fedora fprintd[21137]: Getting authorization to perform Polkit action net.reactivated.fprint.device.verify
out 08 01:47:26.806716 f3-fedora fprintd[21137]: Authorization granted to :1.339 to call method 'ListEnrolledFingers' for device 'Goodix TLS Fingerprint Sensor 55X4'!
out 08 01:47:26.806932 f3-fedora fprintd[21137]: file_storage_discover_prints() for user 'f360c4' in '/var/lib/fprint/f360c4/goodixtls55x4/0'
out 08 01:47:27.134609 f3-fedora fprintd[21137]: file_storage_print_data_load(): loaded '/var/lib/fprint/f360c4/goodixtls55x4/0/7' Sucesso
out 08 01:47:27.135268 f3-fedora fprintd[21137]: Requesting authorization from :1.339 to call method 'VerifyStart' for device 'Goodix TLS Fingerprint Sensor 55X4'
out 08 01:47:27.135274 f3-fedora fprintd[21137]: Getting authorization to perform Polkit action net.reactivated.fprint.device.verify
out 08 01:47:27.143757 f3-fedora fprintd[21137]: Authorization granted to :1.339 to call method 'VerifyStart' for device 'Goodix TLS Fingerprint Sensor 55X4'!
out 08 01:47:27.449579 f3-fedora fprintd[21137]: file_storage_print_data_load(): loaded '/var/lib/fprint/f360c4/goodixtls55x4/0/7' Sucesso
out 08 01:47:27.449870 f3-fedora fprintd[21137]: Read and NO OP
out 08 01:47:27.449870 f3-fedora fprintd[21137]: Enable Chip
out 08 01:47:27.449591 f3-fedora fprintd[21137]: start verification device 0 finger right-index-finger
out 08 01:47:27.449601 f3-fedora fprintd[21137]: Not updating temperature model, device can run continuously!
out 08 01:47:27.449611 f3-fedora fprintd[21137]: Activating image device
out 08 01:47:27.449616 f3-fedora fprintd[21137]: Image device internal state change from FPI_IMAGE_DEVICE_STATE_INACTIVE to FPI_IMAGE_DEVICE_STATE_ACTIVATING
out 08 01:47:27.449625 f3-fedora fprintd[21137]: 7315729286: ../libfprint/drivers/goodixtls/goodix55x4.c:1510
out 08 01:47:27.449629 f3-fedora fprintd[21137]: [goodixtls55x4] ACTIVATE_NUM_STATES entering state 0
out 08 01:47:27.449685 f3-fedora fprintd[21137]: Running command: 0x00
out 08 01:47:27.449796 f3-fedora fprintd[21137]: Completed command: 0x00
out 08 01:47:27.449803 f3-fedora fprintd[21137]: [goodixtls55x4] ACTIVATE_NUM_STATES entering state 1
out 08 01:47:27.449813 f3-fedora fprintd[21137]: Running command: 0x96
out 08 01:47:27.454613 f3-fedora fprintd[21137]: Got protocol msg
out 08 01:47:27.454716 f3-fedora fprintd[21137]: NO OP
out 08 01:47:27.454617 f3-fedora fprintd[21137]: got ack
out 08 01:47:27.454623 f3-fedora fprintd[21137]: 7315734283: ../libfprint/drivers/goodixtls/goodix.c:319
out 08 01:47:27.454627 f3-fedora fprintd[21137]: Completed command: 0x96
out 08 01:47:27.454630 f3-fedora fprintd[21137]: [goodixtls55x4] ACTIVATE_NUM_STATES entering state 2
out 08 01:47:27.454822 f3-fedora fprintd[21137]: Checking FW
out 08 01:47:27.454637 f3-fedora fprintd[21137]: Running command: 0x00
out 08 01:47:27.454778 f3-fedora fprintd[21137]: Completed command: 0x00
out 08 01:47:27.454782 f3-fedora fprintd[21137]: [goodixtls55x4] ACTIVATE_NUM_STATES entering state 3
out 08 01:47:27.454789 f3-fedora fprintd[21137]: Running command: 0xa8
out 08 01:47:27.459576 f3-fedora fprintd[21137]: Got protocol msg
out 08 01:47:27.459582 f3-fedora fprintd[21137]: got ack
out 08 01:47:27.461405 f3-fedora fprintd[21137]: Got protocol msg
out 08 01:47:27.461442 f3-fedora fprintd[21137]: Completed command: 0xa8
out 08 01:47:27.462003 f3-fedora fprintd[21137]: GF3268_RTSEC_APP_10062
out 08 01:47:27.462003 f3-fedora fprintd[21137]: Checking PSK
out 08 01:47:27.461454 f3-fedora fprintd[21137]: Device firmware: "GF3268_RTSEC_APP_10062"
out 08 01:47:27.461508 f3-fedora fprintd[21137]: [goodixtls55x4] ACTIVATE_NUM_STATES entering state 4
out 08 01:47:27.461538 f3-fedora fprintd[21137]: Running command: 0xe4
out 08 01:47:27.464758 f3-fedora fprintd[21137]: Got protocol msg
out 08 01:47:27.464773 f3-fedora fprintd[21137]: got ack
out 08 01:47:27.469362 f3-fedora fprintd[21137]: Got protocol msg
out 08 01:47:27.469551 f3-fedora fprintd[21137]: length: 32, offset: 1241495681, flags: -1157496825
out 08 01:47:27.469551 f3-fedora fprintd[21137]: Reset Device
out 08 01:47:27.469380 f3-fedora fprintd[21137]: Completed command: 0xe4
out 08 01:47:27.469401 f3-fedora fprintd[21137]: Device PSK: 0x81b8ff490612022a121a9449ee3aad2792f32b9f3141182cd01019945ee50361
out 08 01:47:27.469404 f3-fedora fprintd[21137]: Device PSK flags: 0xbb020007
out 08 01:47:27.469408 f3-fedora fprintd[21137]: [goodixtls55x4] ACTIVATE_NUM_STATES entering state 5
out 08 01:47:27.469414 f3-fedora fprintd[21137]: Running command: 0xa2
out 08 01:47:27.472624 f3-fedora fprintd[21137]: Got protocol msg
out 08 01:47:27.472631 f3-fedora fprintd[21137]: got ack
out 08 01:47:27.495430 f3-fedora fprintd[21137]: Got protocol msg
out 08 01:47:27.495589 f3-fedora fprintd[21137]: Device IDLE
out 08 01:47:27.495446 f3-fedora fprintd[21137]: Completed command: 0xa2
out 08 01:47:27.495451 f3-fedora fprintd[21137]: Device reset number: 1024
out 08 01:47:27.495458 f3-fedora fprintd[21137]: [goodixtls55x4] ACTIVATE_NUM_STATES entering state 6
out 08 01:47:27.495470 f3-fedora fprintd[21137]: Running command: 0x70
out 08 01:47:27.499225 f3-fedora fprintd[21137]: Got protocol msg
out 08 01:47:27.499405 f3-fedora fprintd[21137]: Reading OTP
out 08 01:47:27.499232 f3-fedora fprintd[21137]: got ack
out 08 01:47:27.499243 f3-fedora fprintd[21137]: 7315778898: ../libfprint/drivers/goodixtls/goodix.c:319
out 08 01:47:27.499251 f3-fedora fprintd[21137]: Completed command: 0x70
out 08 01:47:27.499257 f3-fedora fprintd[21137]: [goodixtls55x4] ACTIVATE_NUM_STATES entering state 7
out 08 01:47:27.499269 f3-fedora fprintd[21137]: Running command: 0xa6
out 08 01:47:27.521967 f3-fedora fprintd[21137]: Got protocol msg
out 08 01:47:27.521977 f3-fedora fprintd[21137]: got ack
out 08 01:47:27.547807 f3-fedora fprintd[21137]: Got protocol msg
out 08 01:47:27.548212 f3-fedora fprintd[21137]: OTP calibration: tcode 0xd0 (image 0x70), fdt delta 0x17 (trigger 0x17), fdt offset 0
out 08 01:47:27.548212 f3-fedora fprintd[21137]: Uploading calibrated Device Config
out 08 01:47:27.547847 f3-fedora fprintd[21137]: Completed command: 0xa6
out 08 01:47:27.547888 f3-fedora fprintd[21137]: [goodixtls55x4] ACTIVATE_NUM_STATES entering state 8
out 08 01:47:27.547914 f3-fedora fprintd[21137]: Running command: 0x90
out 08 01:47:27.557804 f3-fedora fprintd[21137]: Got protocol msg
out 08 01:47:27.557826 f3-fedora fprintd[21137]: got ack
out 08 01:47:27.579091 f3-fedora fprintd[21137]: Got protocol msg
out 08 01:47:27.579138 f3-fedora fprintd[21137]: Completed command: 0x90
out 08 01:47:27.579160 f3-fedora fprintd[21137]: [goodixtls55x4] ACTIVATE_NUM_STATES completed successfully
out 08 01:47:27.579178 f3-fedora fprintd[21137]: 7315858827: ../libfprint/drivers/goodixtls/goodix55x4.c:504
out 08 01:47:27.579190 f3-fedora fprintd[21137]: Starting up goodix tls server
out 08 01:47:27.581283 f3-fedora fprintd[21137]: Running command: 0xd0
out 08 01:47:27.581437 f3-fedora fprintd[21137]: TLS server waiting to accept...
out 08 01:47:27.584790 f3-fedora fprintd[21137]: Got protocol msg
out 08 01:47:27.584813 f3-fedora fprintd[21137]: got ack
out 08 01:47:27.592769 f3-fedora fprintd[21137]: Got TLS msg
out 08 01:47:27.592810 f3-fedora fprintd[21137]: Completed command: 0xd0
out 08 01:47:27.592850 f3-fedora fprintd[21137]: [goodixtls55x4] TLS_HANDSHAKE_STAGE_NUM entering state 0
out 08 01:47:27.594778 f3-fedora fprintd[21137]: [goodixtls55x4] TLS_HANDSHAKE_STAGE_NUM entering state 1
out 08 01:47:27.594800 f3-fedora fprintd[21137]: goodix_read_tls()
out 08 01:47:27.610436 f3-fedora fprintd[21137]: Got TLS msg
out 08 01:47:27.610471 f3-fedora fprintd[21137]: Completed command: 0x00
out 08 01:47:27.610510 f3-fedora fprintd[21137]: [goodixtls55x4] TLS_HANDSHAKE_STAGE_NUM entering state 2
out 08 01:47:27.610521 f3-fedora fprintd[21137]: goodix_read_tls()
out 08 01:47:27.610689 f3-fedora fprintd[21137]: PSK WANTED 512
out 08 01:47:27.612301 f3-fedora fprintd[21137]: Got TLS msg
out 08 01:47:27.612384 f3-fedora fprintd[21137]: Completed command: 0x00
out 08 01:47:27.612428 f3-fedora fprintd[21137]: [goodixtls55x4] TLS_HANDSHAKE_STAGE_NUM entering state 3
out 08 01:47:27.612443 f3-fedora fprintd[21137]: goodix_read_tls()
out 08 01:47:27.625697 f3-fedora fprintd[21137]: Got TLS msg
out 08 01:47:27.625731 f3-fedora fprintd[21137]: Completed command: 0x00
out 08 01:47:27.625768 f3-fedora fprintd[21137]: [goodixtls55x4] TLS_HANDSHAKE_STAGE_NUM entering state 4
out 08 01:47:27.625783 f3-fedora fprintd[21137]: Reading to proxy back
out 08 01:47:27.626200 f3-fedora fprintd[21137]: TLS server accept done
out 08 01:47:27.626217 f3-fedora fprintd[21137]: TLS connection ready
out 08 01:47:27.627752 f3-fedora fprintd[21137]: [goodixtls55x4] TLS_HANDSHAKE_STAGE_NUM completed successfully
out 08 01:47:27.648298 f3-fedora fprintd[21137]: HANDSHAKE DONE
out 08 01:47:27.648327 f3-fedora fprintd[21137]: Image device activation completed
out 08 01:47:27.648396 f3-fedora fprintd[21137]: Image device internal state change from FPI_IMAGE_DEVICE_STATE_ACTIVATING to FPI_IMAGE_DEVICE_STATE_IDLE
out 08 01:47:27.648442 f3-fedora fprintd[21137]: 7315928086: ../libfprint/drivers/goodixtls/goodix55x4.c:1510
out 08 01:47:27.648462 f3-fedora fprintd[21137]: Image device internal state change from FPI_IMAGE_DEVICE_STATE_IDLE to FPI_IMAGE_DEVICE_STATE_AWAIT_FINGER_ON
out 08 01:47:27.648479 f3-fedora fprintd[21137]: 7315928133: ../libfprint/drivers/goodixtls/goodix55x4.c:1510
out 08 01:47:27.648499 f3-fedora fprintd[21137]: [goodixtls55x4] SCAN_STAGE_NUM entering state 0
out 08 01:47:27.648514 f3-fedora fprintd[21137]: Running command: 0x36
out 08 01:47:27.648962 f3-fedora fprintd[21137]: Device reported finger status change: FP_FINGER_STATUS_NEEDED
out 08 01:47:27.649015 f3-fedora fprintd[21137]: Finger present 0
out 08 01:47:27.649048 f3-fedora fprintd[21137]: Finger needed 1
out 08 01:47:27.651891 f3-fedora fprintd[21137]: Got protocol msg
out 08 01:47:27.651913 f3-fedora fprintd[21137]: got ack
out 08 01:47:27.670900 f3-fedora fprintd[21137]: Got protocol msg
out 08 01:47:27.671269 f3-fedora fprintd[21137]: FDT base 4469 (reference 4468): 18b 198 162 134 194 1a6 17e 145 188 198 16e 131
out 08 01:47:27.670933 f3-fedora fprintd[21137]: Completed command: 0x36
out 08 01:47:27.670992 f3-fedora fprintd[21137]: [goodixtls55x4] SCAN_STAGE_NUM entering state 1
out 08 01:47:27.671011 f3-fedora fprintd[21137]: Running command: 0x20
out 08 01:47:27.674864 f3-fedora fprintd[21137]: Got protocol msg
out 08 01:47:27.674887 f3-fedora fprintd[21137]: got ack
out 08 01:47:27.712501 f3-fedora fprintd[21137]: Got TLS data msg
out 08 01:47:27.712544 f3-fedora fprintd[21137]: Completed command: 0x20
out 08 01:47:27.713332 f3-fedora fprintd[21137]: Waiting for finger down
out 08 01:47:27.712932 f3-fedora fprintd[21137]: [goodixtls55x4] SCAN_STAGE_NUM entering state 2
out 08 01:47:27.712996 f3-fedora fprintd[21137]: Running command: 0x32
out 08 01:47:27.716470 f3-fedora fprintd[21137]: Got protocol msg
out 08 01:47:27.716499 f3-fedora fprintd[21137]: got ack
out 08 01:47:28.524942 f3-fedora fprintd[21137]: Got protocol msg
out 08 01:47:28.525421 f3-fedora fprintd[21137]: Finger down (touch flag 0xee2, 812 ms after arming)
out 08 01:47:28.524978 f3-fedora fprintd[21137]: Completed command: 0x32
out 08 01:47:28.525027 f3-fedora fprintd[21137]: [goodixtls55x4] SCAN_STAGE_NUM entering state 3
out 08 01:47:28.525052 f3-fedora fprintd[21137]: Device reported finger status change: FP_FINGER_STATUS_NEEDED | FP_FINGER_STATUS_PRESENT
out 08 01:47:28.525124 f3-fedora fprintd[21137]: Finger present 1
out 08 01:47:28.525145 f3-fedora fprintd[21137]: Finger needed 1
out 08 01:47:28.525160 f3-fedora fprintd[21137]: Image device reported finger status: on
out 08 01:47:28.525177 f3-fedora fprintd[21137]: Image device internal state change from FPI_IMAGE_DEVICE_STATE_AWAIT_FINGER_ON to FPI_IMAGE_DEVICE_STATE_CAPTURE
out 08 01:47:28.525204 f3-fedora fprintd[21137]: 7316804852: ../libfprint/drivers/goodixtls/goodix55x4.c:1510
out 08 01:47:28.525218 f3-fedora fprintd[21137]: Running command: 0x20
out 08 01:47:28.529044 f3-fedora fprintd[21137]: Got protocol msg
out 08 01:47:28.529067 f3-fedora fprintd[21137]: got ack
out 08 01:47:28.566520 f3-fedora fprintd[21137]: Got TLS data msg
out 08 01:47:28.566539 f3-fedora fprintd[21137]: Completed command: 0x20
out 08 01:47:28.583571 f3-fedora fprintd[21137]: Touch image ridge score 39,9 (gate 11), valley depth 0,372 (gate 0,10), coherence 0,74, FDT base 4469, contact 6%, ridge in contact 65,5, touch flag 0xee2 -> used
out 08 01:47:28.583538 f3-fedora fprintd[21137]: Image device captured an image
out 08 01:47:28.583563 f3-fedora fprintd[21137]: Image device internal state change from FPI_IMAGE_DEVICE_STATE_CAPTURE to FPI_IMAGE_DEVICE_STATE_AWAIT_FINGER_OFF
out 08 01:47:28.583572 f3-fedora fprintd[21137]: 7316863232: ../libfprint/drivers/goodixtls/goodix55x4.c:1510
out 08 01:47:28.583578 f3-fedora fprintd[21137]: Device reported finger status change: FP_FINGER_STATUS_PRESENT
out 08 01:47:28.583593 f3-fedora fprintd[21137]: Finger present 1
out 08 01:47:28.583602 f3-fedora fprintd[21137]: Finger needed 0
out 08 01:47:28.583607 f3-fedora fprintd[21137]: [goodixtls55x4] SCAN_STAGE_NUM entering state 4
out 08 01:47:28.583611 f3-fedora fprintd[21137]: [goodixtls55x4] SCAN_STAGE_NUM entering state 6
out 08 01:47:28.583614 f3-fedora fprintd[21137]: [goodixtls55x4] SCAN_STAGE_NUM completed successfully
out 08 01:47:28.583622 f3-fedora fprintd[21137]: finished scan
out 08 01:47:28.583626 f3-fedora fprintd[21137]: Device reported finger status change: FP_FINGER_STATUS_NONE
out 08 01:47:28.583632 f3-fedora fprintd[21137]: Finger present 0
out 08 01:47:28.583635 f3-fedora fprintd[21137]: Finger needed 0
out 08 01:47:28.583639 f3-fedora fprintd[21137]: Image device reported finger status: off
out 08 01:47:28.583643 f3-fedora fprintd[21137]: Image device internal state change from FPI_IMAGE_DEVICE_STATE_AWAIT_FINGER_OFF to FPI_IMAGE_DEVICE_STATE_IDLE
out 08 01:47:28.583648 f3-fedora fprintd[21137]: 7316863310: ../libfprint/drivers/goodixtls/goodix55x4.c:1510
out 08 01:47:28.583651 f3-fedora fprintd[21137]: Deactivating image device
out 08 01:47:28.583654 f3-fedora fprintd[21137]: Image device internal state change from FPI_IMAGE_DEVICE_STATE_IDLE to FPI_IMAGE_DEVICE_STATE_DEACTIVATING
out 08 01:47:28.583658 f3-fedora fprintd[21137]: 7316863320: ../libfprint/drivers/goodixtls/goodix55x4.c:1510
out 08 01:47:28.588045 f3-fedora fprintd[21137]: sigfm extract completed in 0,004415 secs
out 08 01:47:28.590273 f3-fedora fprintd[21137]: sigfm score 213914/200
out 08 01:47:28.590396 f3-fedora fprintd[21137]: finished scan!SIGFM match: score 213914/200 (template frame 1 of 40)
out 08 01:47:28.590291 f3-fedora fprintd[21137]: Device reported verify result
out 08 01:47:28.590297 f3-fedora fprintd[21137]: report_verify_status: result verify-match
out 08 01:47:28.590940 f3-fedora fprintd[21137]: Requesting authorization from :1.339 to call method 'VerifyStop' for device 'Goodix TLS Fingerprint Sensor 55X4'
out 08 01:47:28.590946 f3-fedora fprintd[21137]: Authorization granted to :1.339 to call method 'VerifyStop' for device 'Goodix TLS Fingerprint Sensor 55X4'!
out 08 01:47:28.817006 f3-fedora fprintd[21137]: [goodixtls55x4] SLEEP_STAGE_NUM entering state 0
out 08 01:47:28.818449 f3-fedora fprintd[21137]: SWITCH TO SLEEP MODE
out 08 01:47:28.817060 f3-fedora fprintd[21137]: Running command: 0x60
out 08 01:47:28.820516 f3-fedora fprintd[21137]: Got protocol msg
out 08 01:47:28.820538 f3-fedora fprintd[21137]: got ack
out 08 01:47:28.821032 f3-fedora fprintd[21137]: SWITCH TO SLEEP MODE REALTEK
out 08 01:47:28.820566 f3-fedora fprintd[21137]: 7317100205: ../libfprint/drivers/goodixtls/goodix.c:319
out 08 01:47:28.820588 f3-fedora fprintd[21137]: Completed command: 0x60
out 08 01:47:28.820605 f3-fedora fprintd[21137]: [goodixtls55x4] SLEEP_STAGE_NUM entering state 1
out 08 01:47:28.820637 f3-fedora fprintd[21137]: Running command: 0x92
out 08 01:47:28.823724 f3-fedora fprintd[21137]: Got protocol msg
out 08 01:47:28.823744 f3-fedora fprintd[21137]: got ack
out 08 01:47:28.825307 f3-fedora fprintd[21137]: Got protocol msg
out 08 01:47:28.825372 f3-fedora fprintd[21137]: Completed command: 0x92
out 08 01:47:28.825628 f3-fedora fprintd[21137]: Device is now on sleep
out 08 01:47:28.825628 f3-fedora fprintd[21137]: Deactivated
out 08 01:47:28.825428 f3-fedora fprintd[21137]: [goodixtls55x4] SLEEP_STAGE_NUM entering state 2
out 08 01:47:28.825665 f3-fedora fprintd[21137]: Image device deactivation completed
out 08 01:47:28.825687 f3-fedora fprintd[21137]: Image device internal state change from FPI_IMAGE_DEVICE_STATE_DEACTIVATING to FPI_IMAGE_DEVICE_STATE_INACTIVE
out 08 01:47:28.825721 f3-fedora fprintd[21137]: 7317105369: ../libfprint/drivers/goodixtls/goodix55x4.c:1510
out 08 01:47:28.825737 f3-fedora fprintd[21137]: Device reported verify completion
out 08 01:47:28.825875 f3-fedora fprintd[21137]: Completing action FPI_DEVICE_ACTION_VERIFY in idle!
out 08 01:47:28.825893 f3-fedora fprintd[21137]: Not updating temperature model, device can run continuously!
out 08 01:47:28.825912 f3-fedora fprintd[21137]: verify_cb: result verify-match
out 08 01:47:28.827795 f3-fedora fprintd[21137]: Requesting authorization from :1.339 to call method 'Release' for device 'Goodix TLS Fingerprint Sensor 55X4'
out 08 01:47:28.827823 f3-fedora fprintd[21137]: Authorization granted to :1.339 to call method 'Release' for device 'Goodix TLS Fingerprint Sensor 55X4'!
out 08 01:47:28.828274 f3-fedora fprintd[21137]: Image device close completed
out 08 01:47:28.828304 f3-fedora fprintd[21137]: Device reported close completion
out 08 01:47:28.828488 f3-fedora fprintd[21137]: transfer cancelled, aborting read loop...
out 08 01:47:28.828524 f3-fedora fprintd[21137]: Completing action FPI_DEVICE_ACTION_CLOSE in idle!
out 08 01:47:28.828540 f3-fedora fprintd[21137]: Not updating temperature model, device can run continuously!
out 08 01:47:28.828566 f3-fedora fprintd[21137]: released device 0
