/home/f360c4/dev/goodix-55a4-fedora/vendor/jith-55a4/driver/upstream/libfprint-TheWeirdDev-55b4-experimental-c1937b9.tar.xz: SUCESSO
aviso: data incorreta em %changelog: Wed Oct 08 2026 Luiz Felipe <f360c4@gmail.com> - 1.94.6-0.1.c1937b9
configurando SOURCE_DATE_EPOCH=1791417600
Executando (%mkbuilddir): /bin/sh -e /var/tmp/rpm-tmp.zxNfT1
Executando (%prep): /bin/sh -e /var/tmp/rpm-tmp.SfvzRY
+ umask 022
+ cd /home/f360c4/dev/goodix-55a4-fedora/rpm/_topdir/BUILD/libfprint-goodixtls-55a4-1.94.6-build
+ cd /home/f360c4/dev/goodix-55a4-fedora/rpm/_topdir/BUILD/libfprint-goodixtls-55a4-1.94.6-build
+ rm -rf libfprint-goodixtls-55x4
+ /usr/lib/rpm/rpmuncompress -x /home/f360c4/dev/goodix-55a4-fedora/rpm/_topdir/SOURCES/libfprint-TheWeirdDev-55b4-experimental-c1937b9.tar.xz
+ STATUS=0
+ '[' 0 -ne 0 ']'
+ cd libfprint-goodixtls-55x4
+ /usr/bin/chmod -Rf a+rX,u+w,g-w,o-w .
+ /usr/lib/rpm/rpmuncompress /home/f360c4/dev/goodix-55a4-fedora/rpm/_topdir/SOURCES/0001-goodix55x4-host-side-finger-detect.patch
+ /usr/bin/patch -p1 -s --fuzz=0 --no-backup-if-mismatch -f
+ /usr/lib/rpm/rpmuncompress /home/f360c4/dev/goodix-55a4-fedora/rpm/_topdir/SOURCES/0002-sigfm-opencv-pkgconfig-fallback.patch
+ /usr/bin/patch -p1 -s --fuzz=0 --no-backup-if-mismatch -f
+ /usr/lib/rpm/rpmuncompress /home/f360c4/dev/goodix-55a4-fedora/rpm/_topdir/SOURCES/0008-sigfm-tuned-matcher-clahe-mutual.patch
+ /usr/bin/patch -p1 -s --fuzz=0 --no-backup-if-mismatch -f
+ /usr/lib/rpm/rpmuncompress /home/f360c4/dev/goodix-55a4-fedora/rpm/_topdir/SOURCES/0010-goodix55x4-windows-fdt-flow-10062.patch
+ /usr/bin/patch -p1 -s --fuzz=0 --no-backup-if-mismatch -f
+ /usr/lib/rpm/rpmuncompress /home/f360c4/dev/goodix-55a4-fedora/rpm/_topdir/SOURCES/0011-image-device-clean-enroll-completion.patch
+ /usr/bin/patch -p1 -s --fuzz=0 --no-backup-if-mismatch -f
+ /usr/lib/rpm/rpmuncompress /home/f360c4/dev/goodix-55a4-fedora/rpm/_topdir/SOURCES/0012-sigfm-optional-doctest.patch
+ /usr/bin/patch -p1 -s --fuzz=0 --no-backup-if-mismatch -f
+ RPM_EC=0
++ jobs -p
+ exit 0
Executando (%build): /bin/sh -e /var/tmp/rpm-tmp.DuKxbt
+ umask 022
+ cd /home/f360c4/dev/goodix-55a4-fedora/rpm/_topdir/BUILD/libfprint-goodixtls-55a4-1.94.6-build
+ CFLAGS='-O2 -flto=auto -ffat-lto-objects -fexceptions -g -grecord-gcc-switches -pipe -Wall -Werror=format-security -Wp,-U_FORTIFY_SOURCE,-D_FORTIFY_SOURCE=3 -Wp,-D_GLIBCXX_ASSERTIONS -specs=/usr/lib/rpm/redhat/redhat-hardened-cc1 -fstack-protector-strong -specs=/usr/lib/rpm/redhat/redhat-annobin-cc1  -m64 -march=x86-64 -mtune=generic -fasynchronous-unwind-tables -fstack-clash-protection -fcf-protection -mtls-dialect=gnu2 -fno-omit-frame-pointer -mno-omit-leaf-frame-pointer  '
+ export CFLAGS
+ CXXFLAGS='-O2 -flto=auto -ffat-lto-objects -fexceptions -g -grecord-gcc-switches -pipe -Wall -Werror=format-security -Wp,-U_FORTIFY_SOURCE,-D_FORTIFY_SOURCE=3 -Wp,-D_GLIBCXX_ASSERTIONS -specs=/usr/lib/rpm/redhat/redhat-hardened-cc1 -fstack-protector-strong -specs=/usr/lib/rpm/redhat/redhat-annobin-cc1  -m64 -march=x86-64 -mtune=generic -fasynchronous-unwind-tables -fstack-clash-protection -fcf-protection -mtls-dialect=gnu2 -fno-omit-frame-pointer -mno-omit-leaf-frame-pointer  '
+ export CXXFLAGS
+ FFLAGS='-O2 -flto=auto -ffat-lto-objects -fexceptions -g -grecord-gcc-switches -pipe -Wall -Wp,-U_FORTIFY_SOURCE,-D_FORTIFY_SOURCE=3 -Wp,-D_GLIBCXX_ASSERTIONS -specs=/usr/lib/rpm/redhat/redhat-hardened-cc1 -fstack-protector-strong -specs=/usr/lib/rpm/redhat/redhat-annobin-cc1  -m64 -march=x86-64 -mtune=generic -fasynchronous-unwind-tables -fstack-clash-protection -fcf-protection -mtls-dialect=gnu2 -fno-omit-frame-pointer -mno-omit-leaf-frame-pointer -I/usr/lib64/gfortran/modules  '
+ export FFLAGS
+ FCFLAGS='-O2 -flto=auto -ffat-lto-objects -fexceptions -g -grecord-gcc-switches -pipe -Wall -Wp,-U_FORTIFY_SOURCE,-D_FORTIFY_SOURCE=3 -Wp,-D_GLIBCXX_ASSERTIONS -specs=/usr/lib/rpm/redhat/redhat-hardened-cc1 -fstack-protector-strong -specs=/usr/lib/rpm/redhat/redhat-annobin-cc1  -m64 -march=x86-64 -mtune=generic -fasynchronous-unwind-tables -fstack-clash-protection -fcf-protection -mtls-dialect=gnu2 -fno-omit-frame-pointer -mno-omit-leaf-frame-pointer -I/usr/lib64/gfortran/modules  '
+ export FCFLAGS
+ VALAFLAGS=-g
+ export VALAFLAGS
+ RUSTFLAGS='-Copt-level=3 -Cdebuginfo=2 -Ccodegen-units=1 -Cstrip=none -Cforce-frame-pointers=yes -Clink-arg=-specs=/usr/lib/rpm/redhat/redhat-package-notes --cap-lints=warn'
+ export RUSTFLAGS
+ LDFLAGS='-Wl,-z,relro -Wl,--as-needed  -Wl,-z,pack-relative-relocs -Wl,-z,now -specs=/usr/lib/rpm/redhat/redhat-hardened-ld -specs=/usr/lib/rpm/redhat/redhat-hardened-ld-errors -specs=/usr/lib/rpm/redhat/redhat-annobin-cc1  -Wl,--build-id=sha1 -specs=/usr/lib/rpm/redhat/redhat-package-notes  '
+ export LDFLAGS
+ LT_SYS_LIBRARY_PATH=/usr/lib64:
+ export LT_SYS_LIBRARY_PATH
+ CC=gcc
+ export CC
+ CXX=g++
+ export CXX
+ cd libfprint-goodixtls-55x4
+ CFLAGS='-O2 -flto=auto -ffat-lto-objects -fexceptions -g -grecord-gcc-switches -pipe -Wall -Werror=format-security -Wp,-U_FORTIFY_SOURCE,-D_FORTIFY_SOURCE=3 -Wp,-D_GLIBCXX_ASSERTIONS -specs=/usr/lib/rpm/redhat/redhat-hardened-cc1 -fstack-protector-strong -specs=/usr/lib/rpm/redhat/redhat-annobin-cc1  -m64 -march=x86-64 -mtune=generic -fasynchronous-unwind-tables -fstack-clash-protection -fcf-protection -mtls-dialect=gnu2 -fno-omit-frame-pointer -mno-omit-leaf-frame-pointer  '
+ export CFLAGS
+ CXXFLAGS='-O2 -flto=auto -ffat-lto-objects -fexceptions -g -grecord-gcc-switches -pipe -Wall -Werror=format-security -Wp,-U_FORTIFY_SOURCE,-D_FORTIFY_SOURCE=3 -Wp,-D_GLIBCXX_ASSERTIONS -specs=/usr/lib/rpm/redhat/redhat-hardened-cc1 -fstack-protector-strong -specs=/usr/lib/rpm/redhat/redhat-annobin-cc1  -m64 -march=x86-64 -mtune=generic -fasynchronous-unwind-tables -fstack-clash-protection -fcf-protection -mtls-dialect=gnu2 -fno-omit-frame-pointer -mno-omit-leaf-frame-pointer  '
+ export CXXFLAGS
+ FFLAGS='-O2 -flto=auto -ffat-lto-objects -fexceptions -g -grecord-gcc-switches -pipe -Wall -Wp,-U_FORTIFY_SOURCE,-D_FORTIFY_SOURCE=3 -Wp,-D_GLIBCXX_ASSERTIONS -specs=/usr/lib/rpm/redhat/redhat-hardened-cc1 -fstack-protector-strong -specs=/usr/lib/rpm/redhat/redhat-annobin-cc1  -m64 -march=x86-64 -mtune=generic -fasynchronous-unwind-tables -fstack-clash-protection -fcf-protection -mtls-dialect=gnu2 -fno-omit-frame-pointer -mno-omit-leaf-frame-pointer -I/usr/lib64/gfortran/modules  '
+ export FFLAGS
+ FCFLAGS='-O2 -flto=auto -ffat-lto-objects -fexceptions -g -grecord-gcc-switches -pipe -Wall -Wp,-U_FORTIFY_SOURCE,-D_FORTIFY_SOURCE=3 -Wp,-D_GLIBCXX_ASSERTIONS -specs=/usr/lib/rpm/redhat/redhat-hardened-cc1 -fstack-protector-strong -specs=/usr/lib/rpm/redhat/redhat-annobin-cc1  -m64 -march=x86-64 -mtune=generic -fasynchronous-unwind-tables -fstack-clash-protection -fcf-protection -mtls-dialect=gnu2 -fno-omit-frame-pointer -mno-omit-leaf-frame-pointer -I/usr/lib64/gfortran/modules  '
+ export FCFLAGS
+ VALAFLAGS=-g
+ export VALAFLAGS
+ RUSTFLAGS='-Copt-level=3 -Cdebuginfo=2 -Ccodegen-units=1 -Cstrip=none -Cforce-frame-pointers=yes -Clink-arg=-specs=/usr/lib/rpm/redhat/redhat-package-notes --cap-lints=warn'
+ export RUSTFLAGS
+ LDFLAGS='-Wl,-z,relro -Wl,--as-needed  -Wl,-z,pack-relative-relocs -Wl,-z,now -specs=/usr/lib/rpm/redhat/redhat-hardened-ld -specs=/usr/lib/rpm/redhat/redhat-hardened-ld-errors -specs=/usr/lib/rpm/redhat/redhat-annobin-cc1  -Wl,--build-id=sha1 -specs=/usr/lib/rpm/redhat/redhat-package-notes  '
+ export LDFLAGS
+ LT_SYS_LIBRARY_PATH=/usr/lib64:
+ export LT_SYS_LIBRARY_PATH
+ CC=gcc
+ export CC
+ CXX=g++
+ export CXX
+ /usr/bin/meson setup --buildtype=plain --prefix=/usr --libdir=/usr/lib64 --libexecdir=/usr/libexec --bindir=/usr/bin --sbindir=/usr/bin --includedir=/usr/include --datadir=/usr/share --mandir=/usr/share/man --infodir=/usr/share/info --localedir=/usr/share/locale --sysconfdir=/etc --localstatedir=/var --sharedstatedir=/var/lib --wrap-mode=nodownload --auto-features=enabled . redhat-linux-build -D doc=false -D gtk-examples=false -D installed-tests=false -D udev_rules=disabled -D udev_hwdb=disabled
The Meson build system
Version: 1.11.2
Source dir: /home/f360c4/dev/goodix-55a4-fedora/rpm/_topdir/BUILD/libfprint-goodixtls-55a4-1.94.6-build/libfprint-goodixtls-55x4
Build dir: /home/f360c4/dev/goodix-55a4-fedora/rpm/_topdir/BUILD/libfprint-goodixtls-55a4-1.94.6-build/libfprint-goodixtls-55x4/redhat-linux-build
Build type: native build
Project name: libfprint
Project version: 1.94.6
C compiler for the host machine: gcc (gcc 16.2.1 "gcc (GCC) 16.2.1 20260819 (Red Hat 16.2.1-2)")
C linker for the host machine: gcc ld.bfd 2.46.1-1
C++ compiler for the host machine: g++ (gcc 16.2.1 "g++ (GCC) 16.2.1 20260819 (Red Hat 16.2.1-2)")
C++ linker for the host machine: g++ ld.bfd 2.46.1-1
Host machine cpu family: x86_64
Host machine cpu: x86_64
Compiler for C supports arguments -Wall: YES 
Compiler for C supports arguments -Wcast-align: YES 
Compiler for C supports arguments -Wformat-nonliteral: YES 
Compiler for C supports arguments -Wformat-security: YES 
Compiler for C supports arguments -Wformat=2: YES 
Compiler for C supports arguments -Wignored-qualifiers: YES 
Compiler for C supports arguments -Wlogical-op: YES 
Compiler for C supports arguments -Wmissing-declarations: YES 
Compiler for C supports arguments -Wmissing-format-attribute: YES 
Compiler for C supports arguments -Wmissing-include-dirs: YES 
Compiler for C supports arguments -Wmissing-noreturn: YES 
Compiler for C supports arguments -Wpointer-arith: YES 
Compiler for C supports arguments -Wshadow: YES 
Compiler for C supports arguments -Wswitch-enum: YES 
Compiler for C supports arguments -Wtype-limits: YES 
Compiler for C supports arguments -Wundef: YES 
Compiler for C supports arguments -Wunused: YES 
Compiler for C supports arguments -Werror=address: YES 
Compiler for C supports arguments -Werror=empty-body: YES 
Compiler for C supports arguments -Werror=init-self: YES 
Compiler for C supports arguments -Werror=int-to-pointer-cast: YES 
Compiler for C supports arguments -Werror=main: YES 
Compiler for C supports arguments -Werror=missing-braces: YES 
Compiler for C supports arguments -Werror=nonnull: YES 
Compiler for C supports arguments -Werror=redundant-decls: YES 
Compiler for C supports arguments -Werror=return-type: YES 
Compiler for C supports arguments -Werror=sequence-point: YES 
Compiler for C supports arguments -Werror=trigraphs: YES 
Compiler for C supports arguments -Werror=write-strings: YES 
Compiler for C supports arguments -fno-strict-aliasing: YES 
Compiler for C supports arguments -DGLIB_VERSION_MIN_REQUIRED=GLIB_VERSION_2_56: YES 
Compiler for C supports arguments -DGLIB_VERSION_MAX_ALLOWED=GLIB_VERSION_2_56: YES 
Compiler for C supports arguments -D_GNU_SOURCE: YES 
Compiler for C supports arguments -DG_LOG_DOMAIN="libfprint": YES 
Compiler for C supports arguments -Wimplicit-function-declaration: YES 
Compiler for C supports arguments -Wmissing-prototypes: YES 
Compiler for C supports arguments -Wnested-externs: YES 
Compiler for C supports arguments -Wold-style-definition: YES 
Compiler for C supports arguments -Wstrict-prototypes: YES 
Compiler for C supports arguments -Werror=implicit: YES 
Compiler for C supports arguments -Werror=pointer-to-int-cast: YES 
meson.build:73: WARNING: Consider using the built-in warning_level option instead of using "-Wall".
meson.build:74: WARNING: Consider using the built-in warning_level option instead of using "-Wall".
Found pkg-config: YES (/usr/bin/pkg-config) 2.5.1
Run-time dependency glib-2.0 found: YES 2.88.3
Run-time dependency gio-unix-2.0 found: YES 2.88.3
Run-time dependency gobject-2.0 found: YES 2.88.3
Run-time dependency gusb found: YES 0.4.9
Library m found: YES
Did not find CMake 'cmake'
Found CMake: NO
Run-time dependency cairo found: NO  (tried pkg-config and cmake)
Run-time dependency gobject-introspection-1.0 found: YES 1.86.0
Run-time dependency openssl found: YES 3.5.9
Run-time dependency threads found: YES
Dependency glib-2.0 for build machine found: YES 2.88.3 (cached)
Program /usr/bin/glib-mkenums found: YES (/usr/bin/glib-mkenums)
Dependency glib-2.0 for build machine found: YES 2.88.3 (cached)
Program /usr/bin/glib-mkenums found: YES (/usr/bin/glib-mkenums)
Dependency glib-2.0 for build machine found: YES 2.88.3 (cached)
Program /usr/bin/glib-mkenums found: YES (/usr/bin/glib-mkenums)
Dependency glib-2.0 for build machine found: YES 2.88.3 (cached)
Program /usr/bin/glib-mkenums found: YES (/usr/bin/glib-mkenums)
Configuring fpi-drivers.c with command
Run-time dependency opencv4 found: YES 4.13.0
Run-time dependency doctest found: NO  (tried pkg-config and cmake)
Compiler for C supports arguments -Wno-error=redundant-decls: YES 
Compiler for C supports arguments -Wno-redundant-decls: YES 
Compiler for C supports arguments -Wno-discarded-qualifiers: YES 
Compiler for C supports arguments -Wno-array-bounds: YES 
Compiler for C supports arguments -Wno-array-parameter: YES 
libfprint/meson.build:361: WARNING: Project targets '>= 0.56.0' but uses feature introduced in '0.60.0': list.<plus>. The right hand operand was not a list.
libfprint/meson.build:380: DEPRECATION: Project uses feature that was always broken, and is now deprecated since '1.3.0': str.format: Value other than strings, integers, bools, options, dictionaries and lists thereof..
Dependency gobject-introspection-1.0 for host machine found: YES 1.86.0 (cached)
Dependency gobject-introspection-1.0 for host machine found: YES 1.86.0 (cached)
Program /usr/bin/g-ir-scanner found: YES (/usr/bin/g-ir-scanner)
Dependency gobject-introspection-1.0 for host machine found: YES 1.86.0 (cached)
Program /usr/bin/g-ir-compiler found: YES (/usr/bin/g-ir-compiler)
Found pkg-config: YES (/usr/bin/pkg-config) 2.5.1
Configuring config.h using configuration
Program python3 found: YES (/usr/bin/python3)
Configuring create-driver-test.py using configuration
Program unittest_inspector.py found: YES (/home/f360c4/dev/goodix-55a4-fedora/rpm/_topdir/BUILD/libfprint-goodixtls-55a4-1.94.6-build/libfprint-goodixtls-55x4/tests/unittest_inspector.py)
Program umockdev-test.py found: YES (/home/f360c4/dev/goodix-55a4-fedora/rpm/_topdir/BUILD/libfprint-goodixtls-55a4-1.94.6-build/libfprint-goodixtls-55x4/tests/umockdev-test.py)
Program sh found: YES (/usr/bin/sh)
Program sh found: YES (/usr/bin/sh)
Program sh found: YES (/usr/bin/sh)
Program sh found: YES (/usr/bin/sh)
Program sh found: YES (/usr/bin/sh)
Program sh found: YES (/usr/bin/sh)
Program sh found: YES (/usr/bin/sh)
Program sh found: YES (/usr/bin/sh)
Program sh found: YES (/usr/bin/sh)
Program sh found: YES (/usr/bin/sh)
Program sh found: YES (/usr/bin/sh)
Program sh found: YES (/usr/bin/sh)
Program sh found: YES (/usr/bin/sh)
Program sh found: YES (/usr/bin/sh)
Program sh found: YES (/usr/bin/sh)
Program sh found: YES (/usr/bin/sh)
Program sh found: YES (/usr/bin/sh)
Program sh found: YES (/usr/bin/sh)
Program sh found: YES (/usr/bin/sh)
Program sh found: YES (/usr/bin/sh)
Program sh found: YES (/usr/bin/sh)
Configuring test-config.h using configuration
Configuring fpi-device.test using configuration
Configuring fpi-ssm.test using configuration
tests/meson.build:266: WARNING: Test fpi-assembling cannot be compiled due to missing dependencies
Program sh found: YES (/usr/bin/sh)
Program test-generated-hwdb.sh found: YES (/home/f360c4/dev/goodix-55a4-fedora/rpm/_topdir/BUILD/libfprint-goodixtls-55a4-1.94.6-build/libfprint-goodixtls-55x4/tests/test-generated-hwdb.sh)
Program gdb found: YES (/usr/bin/gdb)
Program valgrind found: NO
Build targets in project: 25
WARNING: Project specifies a minimum meson_version '>= 0.56.0' but uses features which were added in newer versions:
 * 0.60.0: {'list.<plus>'}
WARNING: Broken features used:
 * 1.3.0: {'str.format: Value other than strings, integers, bools, options, dictionaries and lists thereof.'}

libfprint 1.94.6

  Drivers
    Drivers        : goodixtls511
                     goodixtls55x4

  User defined options
    auto_features  : enabled
    bindir         : /usr/bin
    buildtype      : plain
    datadir        : /usr/share
    doc            : false
    gtk-examples   : false
    includedir     : /usr/include
    infodir        : /usr/share/info
    installed-tests: false
    libdir         : /usr/lib64
    libexecdir     : /usr/libexec
    localedir      : /usr/share/locale
    localstatedir  : /var
    mandir         : /usr/share/man
    prefix         : /usr
    sbindir        : /usr/bin
    sharedstatedir : /var/lib
    sysconfdir     : /etc
    udev_hwdb      : disabled
    udev_rules     : disabled
    wrap_mode      : nodownload

Found ninja-1.13.2 at /usr/bin/ninja
+ /usr/bin/meson compile -C redhat-linux-build -j8 --verbose
ninja: Entering directory `/home/f360c4/dev/goodix-55a4-fedora/rpm/_topdir/BUILD/libfprint-goodixtls-55a4-1.94.6-build/libfprint-goodixtls-55x4/redhat-linux-build'
[1/101] /usr/bin/meson --internal exe --unpickle /home/f360c4/dev/goodix-55a4-fedora/rpm/_topdir/BUILD/libfprint-goodixtls-55a4-1.94.6-build/libfprint-goodixtls-55x4/redhat-linux-build/meson-private/meson_exe_glib-mkenums_18b6256d978328ef1518bbfa2f8b63f609f04a8d.dat
[2/101] /usr/bin/meson --internal exe --unpickle /home/f360c4/dev/goodix-55a4-fedora/rpm/_topdir/BUILD/libfprint-goodixtls-55a4-1.94.6-build/libfprint-goodixtls-55x4/redhat-linux-build/meson-private/meson_exe_glib-mkenums_e85cadcada40c3678f277e53824a9213712ad9a2.dat
[3/101] /usr/bin/meson --internal exe --unpickle /home/f360c4/dev/goodix-55a4-fedora/rpm/_topdir/BUILD/libfprint-goodixtls-55a4-1.94.6-build/libfprint-goodixtls-55x4/redhat-linux-build/meson-private/meson_exe_glib-mkenums_69155e5eb97c3611e7e485837b1e2ea3a4825621.dat
[4/101] /usr/bin/meson --internal exe --unpickle /home/f360c4/dev/goodix-55a4-fedora/rpm/_topdir/BUILD/libfprint-goodixtls-55a4-1.94.6-build/libfprint-goodixtls-55x4/redhat-linux-build/meson-private/meson_exe_glib-mkenums_b251451ba6efaa255d4d595a1ddc592a434070b8.dat
[5/101] gcc -Ilibfprint/libnbis.a.p -Ilibfprint -I../libfprint -I. -I.. -Ilibfprint/nbis/include -I../libfprint/nbis/include -Ilibfprint/nbis/libfprint-include -I../libfprint/nbis/libfprint-include -I/usr/include/gio-unix-2.0 -I/usr/include/glib-2.0 -I/usr/lib64/glib-2.0/include -I/usr/include/libmount -I/usr/include/blkid -I/usr/include/sysprof-6 -I/usr/include/gusb-1 -I/usr/include/libusb-1.0 -I/usr/include/json-glib-1.0 -fdiagnostics-color=always -D_FILE_OFFSET_BITS=64 -Wall -Winvalid-pch -std=gnu99 -Wall -Wcast-align -Wformat-nonliteral -Wformat-security -Wformat=2 -Wignored-qualifiers -Wlogical-op -Wmissing-declarations -Wmissing-format-attribute -Wmissing-include-dirs -Wmissing-noreturn -Wpointer-arith -Wshadow -Wswitch-enum -Wtype-limits -Wundef -Wunused -Werror=address -Werror=empty-body -Werror=init-self -Werror=int-to-pointer-cast -Werror=main -Werror=missing-braces -Werror=nonnull -Werror=redundant-decls -Werror=return-type -Werror=sequence-point -Werror=trigraphs -Werror=write-strings -fno-strict-aliasing -DGLIB_VERSION_MIN_REQUIRED=GLIB_VERSION_2_56 -DGLIB_VERSION_MAX_ALLOWED=GLIB_VERSION_2_56 -D_GNU_SOURCE '-DG_LOG_DOMAIN="libfprint"' -Wimplicit-function-declaration -Wmissing-prototypes -Wnested-externs -Wold-style-definition -Wstrict-prototypes -Werror=implicit -Werror=pointer-to-int-cast -O2 -flto=auto -ffat-lto-objects -fexceptions -g -grecord-gcc-switches -pipe -Wall -Werror=format-security -Wp,-U_FORTIFY_SOURCE,-D_FORTIFY_SOURCE=3 -Wp,-D_GLIBCXX_ASSERTIONS -specs=/usr/lib/rpm/redhat/redhat-hardened-cc1 -fstack-protector-strong -specs=/usr/lib/rpm/redhat/redhat-annobin-cc1 -m64 -march=x86-64 -mtune=generic -fasynchronous-unwind-tables -fstack-clash-protection -fcf-protection -mtls-dialect=gnu2 -fno-omit-frame-pointer -mno-omit-leaf-frame-pointer -fPIC -pthread -DWITH_GZFILEOP -Wno-error=redundant-decls -Wno-redundant-decls -Wno-discarded-qualifiers -Wno-array-bounds -Wno-array-parameter -MD -MQ libfprint/libnbis.a.p/nbis_bozorth3_bz_gbls.c.o -MF libfprint/libnbis.a.p/nbis_bozorth3_bz_gbls.c.o.d -o libfprint/libnbis.a.p/nbis_bozorth3_bz_gbls.c.o -c ../libfprint/nbis/bozorth3/bz_gbls.c
[6/101] gcc -Ilibfprint/libnbis.a.p -Ilibfprint -I../libfprint -I. -I.. -Ilibfprint/nbis/include -I../libfprint/nbis/include -Ilibfprint/nbis/libfprint-include -I../libfprint/nbis/libfprint-include -I/usr/include/gio-unix-2.0 -I/usr/include/glib-2.0 -I/usr/lib64/glib-2.0/include -I/usr/include/libmount -I/usr/include/blkid -I/usr/include/sysprof-6 -I/usr/include/gusb-1 -I/usr/include/libusb-1.0 -I/usr/include/json-glib-1.0 -fdiagnostics-color=always -D_FILE_OFFSET_BITS=64 -Wall -Winvalid-pch -std=gnu99 -Wall -Wcast-align -Wformat-nonliteral -Wformat-security -Wformat=2 -Wignored-qualifiers -Wlogical-op -Wmissing-declarations -Wmissing-format-attribute -Wmissing-include-dirs -Wmissing-noreturn -Wpointer-arith -Wshadow -Wswitch-enum -Wtype-limits -Wundef -Wunused -Werror=address -Werror=empty-body -Werror=init-self -Werror=int-to-pointer-cast -Werror=main -Werror=missing-braces -Werror=nonnull -Werror=redundant-decls -Werror=return-type -Werror=sequence-point -Werror=trigraphs -Werror=write-strings -fno-strict-aliasing -DGLIB_VERSION_MIN_REQUIRED=GLIB_VERSION_2_56 -DGLIB_VERSION_MAX_ALLOWED=GLIB_VERSION_2_56 -D_GNU_SOURCE '-DG_LOG_DOMAIN="libfprint"' -Wimplicit-function-declaration -Wmissing-prototypes -Wnested-externs -Wold-style-definition -Wstrict-prototypes -Werror=implicit -Werror=pointer-to-int-cast -O2 -flto=auto -ffat-lto-objects -fexceptions -g -grecord-gcc-switches -pipe -Wall -Werror=format-security -Wp,-U_FORTIFY_SOURCE,-D_FORTIFY_SOURCE=3 -Wp,-D_GLIBCXX_ASSERTIONS -specs=/usr/lib/rpm/redhat/redhat-hardened-cc1 -fstack-protector-strong -specs=/usr/lib/rpm/redhat/redhat-annobin-cc1 -m64 -march=x86-64 -mtune=generic -fasynchronous-unwind-tables -fstack-clash-protection -fcf-protection -mtls-dialect=gnu2 -fno-omit-frame-pointer -mno-omit-leaf-frame-pointer -fPIC -pthread -DWITH_GZFILEOP -Wno-error=redundant-decls -Wno-redundant-decls -Wno-discarded-qualifiers -Wno-array-bounds -Wno-array-parameter -MD -MQ libfprint/libnbis.a.p/nbis_bozorth3_bz_alloc.c.o -MF libfprint/libnbis.a.p/nbis_bozorth3_bz_alloc.c.o.d -o libfprint/libnbis.a.p/nbis_bozorth3_bz_alloc.c.o -c ../libfprint/nbis/bozorth3/bz_alloc.c
[7/101] gcc -Ilibfprint/libnbis.a.p -Ilibfprint -I../libfprint -I. -I.. -Ilibfprint/nbis/include -I../libfprint/nbis/include -Ilibfprint/nbis/libfprint-include -I../libfprint/nbis/libfprint-include -I/usr/include/gio-unix-2.0 -I/usr/include/glib-2.0 -I/usr/lib64/glib-2.0/include -I/usr/include/libmount -I/usr/include/blkid -I/usr/include/sysprof-6 -I/usr/include/gusb-1 -I/usr/include/libusb-1.0 -I/usr/include/json-glib-1.0 -fdiagnostics-color=always -D_FILE_OFFSET_BITS=64 -Wall -Winvalid-pch -std=gnu99 -Wall -Wcast-align -Wformat-nonliteral -Wformat-security -Wformat=2 -Wignored-qualifiers -Wlogical-op -Wmissing-declarations -Wmissing-format-attribute -Wmissing-include-dirs -Wmissing-noreturn -Wpointer-arith -Wshadow -Wswitch-enum -Wtype-limits -Wundef -Wunused -Werror=address -Werror=empty-body -Werror=init-self -Werror=int-to-pointer-cast -Werror=main -Werror=missing-braces -Werror=nonnull -Werror=redundant-decls -Werror=return-type -Werror=sequence-point -Werror=trigraphs -Werror=write-strings -fno-strict-aliasing -DGLIB_VERSION_MIN_REQUIRED=GLIB_VERSION_2_56 -DGLIB_VERSION_MAX_ALLOWED=GLIB_VERSION_2_56 -D_GNU_SOURCE '-DG_LOG_DOMAIN="libfprint"' -Wimplicit-function-declaration -Wmissing-prototypes -Wnested-externs -Wold-style-definition -Wstrict-prototypes -Werror=implicit -Werror=pointer-to-int-cast -O2 -flto=auto -ffat-lto-objects -fexceptions -g -grecord-gcc-switches -pipe -Wall -Werror=format-security -Wp,-U_FORTIFY_SOURCE,-D_FORTIFY_SOURCE=3 -Wp,-D_GLIBCXX_ASSERTIONS -specs=/usr/lib/rpm/redhat/redhat-hardened-cc1 -fstack-protector-strong -specs=/usr/lib/rpm/redhat/redhat-annobin-cc1 -m64 -march=x86-64 -mtune=generic -fasynchronous-unwind-tables -fstack-clash-protection -fcf-protection -mtls-dialect=gnu2 -fno-omit-frame-pointer -mno-omit-leaf-frame-pointer -fPIC -pthread -DWITH_GZFILEOP -Wno-error=redundant-decls -Wno-redundant-decls -Wno-discarded-qualifiers -Wno-array-bounds -Wno-array-parameter -MD -MQ libfprint/libnbis.a.p/nbis_bozorth3_bz_sort.c.o -MF libfprint/libnbis.a.p/nbis_bozorth3_bz_sort.c.o.d -o libfprint/libnbis.a.p/nbis_bozorth3_bz_sort.c.o -c ../libfprint/nbis/bozorth3/bz_sort.c
[8/101] gcc -Ilibfprint/libnbis.a.p -Ilibfprint -I../libfprint -I. -I.. -Ilibfprint/nbis/include -I../libfprint/nbis/include -Ilibfprint/nbis/libfprint-include -I../libfprint/nbis/libfprint-include -I/usr/include/gio-unix-2.0 -I/usr/include/glib-2.0 -I/usr/lib64/glib-2.0/include -I/usr/include/libmount -I/usr/include/blkid -I/usr/include/sysprof-6 -I/usr/include/gusb-1 -I/usr/include/libusb-1.0 -I/usr/include/json-glib-1.0 -fdiagnostics-color=always -D_FILE_OFFSET_BITS=64 -Wall -Winvalid-pch -std=gnu99 -Wall -Wcast-align -Wformat-nonliteral -Wformat-security -Wformat=2 -Wignored-qualifiers -Wlogical-op -Wmissing-declarations -Wmissing-format-attribute -Wmissing-include-dirs -Wmissing-noreturn -Wpointer-arith -Wshadow -Wswitch-enum -Wtype-limits -Wundef -Wunused -Werror=address -Werror=empty-body -Werror=init-self -Werror=int-to-pointer-cast -Werror=main -Werror=missing-braces -Werror=nonnull -Werror=redundant-decls -Werror=return-type -Werror=sequence-point -Werror=trigraphs -Werror=write-strings -fno-strict-aliasing -DGLIB_VERSION_MIN_REQUIRED=GLIB_VERSION_2_56 -DGLIB_VERSION_MAX_ALLOWED=GLIB_VERSION_2_56 -D_GNU_SOURCE '-DG_LOG_DOMAIN="libfprint"' -Wimplicit-function-declaration -Wmissing-prototypes -Wnested-externs -Wold-style-definition -Wstrict-prototypes -Werror=implicit -Werror=pointer-to-int-cast -O2 -flto=auto -ffat-lto-objects -fexceptions -g -grecord-gcc-switches -pipe -Wall -Werror=format-security -Wp,-U_FORTIFY_SOURCE,-D_FORTIFY_SOURCE=3 -Wp,-D_GLIBCXX_ASSERTIONS -specs=/usr/lib/rpm/redhat/redhat-hardened-cc1 -fstack-protector-strong -specs=/usr/lib/rpm/redhat/redhat-annobin-cc1 -m64 -march=x86-64 -mtune=generic -fasynchronous-unwind-tables -fstack-clash-protection -fcf-protection -mtls-dialect=gnu2 -fno-omit-frame-pointer -mno-omit-leaf-frame-pointer -fPIC -pthread -DWITH_GZFILEOP -Wno-error=redundant-decls -Wno-redundant-decls -Wno-discarded-qualifiers -Wno-array-bounds -Wno-array-parameter -MD -MQ libfprint/libnbis.a.p/nbis_bozorth3_bz_io.c.o -MF libfprint/libnbis.a.p/nbis_bozorth3_bz_io.c.o.d -o libfprint/libnbis.a.p/nbis_bozorth3_bz_io.c.o -c ../libfprint/nbis/bozorth3/bz_io.c
[9/101] gcc -Ilibfprint/libnbis.a.p -Ilibfprint -I../libfprint -I. -I.. -Ilibfprint/nbis/include -I../libfprint/nbis/include -Ilibfprint/nbis/libfprint-include -I../libfprint/nbis/libfprint-include -I/usr/include/gio-unix-2.0 -I/usr/include/glib-2.0 -I/usr/lib64/glib-2.0/include -I/usr/include/libmount -I/usr/include/blkid -I/usr/include/sysprof-6 -I/usr/include/gusb-1 -I/usr/include/libusb-1.0 -I/usr/include/json-glib-1.0 -fdiagnostics-color=always -D_FILE_OFFSET_BITS=64 -Wall -Winvalid-pch -std=gnu99 -Wall -Wcast-align -Wformat-nonliteral -Wformat-security -Wformat=2 -Wignored-qualifiers -Wlogical-op -Wmissing-declarations -Wmissing-format-attribute -Wmissing-include-dirs -Wmissing-noreturn -Wpointer-arith -Wshadow -Wswitch-enum -Wtype-limits -Wundef -Wunused -Werror=address -Werror=empty-body -Werror=init-self -Werror=int-to-pointer-cast -Werror=main -Werror=missing-braces -Werror=nonnull -Werror=redundant-decls -Werror=return-type -Werror=sequence-point -Werror=trigraphs -Werror=write-strings -fno-strict-aliasing -DGLIB_VERSION_MIN_REQUIRED=GLIB_VERSION_2_56 -DGLIB_VERSION_MAX_ALLOWED=GLIB_VERSION_2_56 -D_GNU_SOURCE '-DG_LOG_DOMAIN="libfprint"' -Wimplicit-function-declaration -Wmissing-prototypes -Wnested-externs -Wold-style-definition -Wstrict-prototypes -Werror=implicit -Werror=pointer-to-int-cast -O2 -flto=auto -ffat-lto-objects -fexceptions -g -grecord-gcc-switches -pipe -Wall -Werror=format-security -Wp,-U_FORTIFY_SOURCE,-D_FORTIFY_SOURCE=3 -Wp,-D_GLIBCXX_ASSERTIONS -specs=/usr/lib/rpm/redhat/redhat-hardened-cc1 -fstack-protector-strong -specs=/usr/lib/rpm/redhat/redhat-annobin-cc1 -m64 -march=x86-64 -mtune=generic -fasynchronous-unwind-tables -fstack-clash-protection -fcf-protection -mtls-dialect=gnu2 -fno-omit-frame-pointer -mno-omit-leaf-frame-pointer -fPIC -pthread -DWITH_GZFILEOP -Wno-error=redundant-decls -Wno-redundant-decls -Wno-discarded-qualifiers -Wno-array-bounds -Wno-array-parameter -MD -MQ libfprint/libnbis.a.p/nbis_bozorth3_bz_drvrs.c.o -MF libfprint/libnbis.a.p/nbis_bozorth3_bz_drvrs.c.o.d -o libfprint/libnbis.a.p/nbis_bozorth3_bz_drvrs.c.o -c ../libfprint/nbis/bozorth3/bz_drvrs.c
[10/101] gcc -Ilibfprint/libnbis.a.p -Ilibfprint -I../libfprint -I. -I.. -Ilibfprint/nbis/include -I../libfprint/nbis/include -Ilibfprint/nbis/libfprint-include -I../libfprint/nbis/libfprint-include -I/usr/include/gio-unix-2.0 -I/usr/include/glib-2.0 -I/usr/lib64/glib-2.0/include -I/usr/include/libmount -I/usr/include/blkid -I/usr/include/sysprof-6 -I/usr/include/gusb-1 -I/usr/include/libusb-1.0 -I/usr/include/json-glib-1.0 -fdiagnostics-color=always -D_FILE_OFFSET_BITS=64 -Wall -Winvalid-pch -std=gnu99 -Wall -Wcast-align -Wformat-nonliteral -Wformat-security -Wformat=2 -Wignored-qualifiers -Wlogical-op -Wmissing-declarations -Wmissing-format-attribute -Wmissing-include-dirs -Wmissing-noreturn -Wpointer-arith -Wshadow -Wswitch-enum -Wtype-limits -Wundef -Wunused -Werror=address -Werror=empty-body -Werror=init-self -Werror=int-to-pointer-cast -Werror=main -Werror=missing-braces -Werror=nonnull -Werror=redundant-decls -Werror=return-type -Werror=sequence-point -Werror=trigraphs -Werror=write-strings -fno-strict-aliasing -DGLIB_VERSION_MIN_REQUIRED=GLIB_VERSION_2_56 -DGLIB_VERSION_MAX_ALLOWED=GLIB_VERSION_2_56 -D_GNU_SOURCE '-DG_LOG_DOMAIN="libfprint"' -Wimplicit-function-declaration -Wmissing-prototypes -Wnested-externs -Wold-style-definition -Wstrict-prototypes -Werror=implicit -Werror=pointer-to-int-cast -O2 -flto=auto -ffat-lto-objects -fexceptions -g -grecord-gcc-switches -pipe -Wall -Werror=format-security -Wp,-U_FORTIFY_SOURCE,-D_FORTIFY_SOURCE=3 -Wp,-D_GLIBCXX_ASSERTIONS -specs=/usr/lib/rpm/redhat/redhat-hardened-cc1 -fstack-protector-strong -specs=/usr/lib/rpm/redhat/redhat-annobin-cc1 -m64 -march=x86-64 -mtune=generic -fasynchronous-unwind-tables -fstack-clash-protection -fcf-protection -mtls-dialect=gnu2 -fno-omit-frame-pointer -mno-omit-leaf-frame-pointer -fPIC -pthread -DWITH_GZFILEOP -Wno-error=redundant-decls -Wno-redundant-decls -Wno-discarded-qualifiers -Wno-array-bounds -Wno-array-parameter -MD -MQ libfprint/libnbis.a.p/nbis_mindtct_binar.c.o -MF libfprint/libnbis.a.p/nbis_mindtct_binar.c.o.d -o libfprint/libnbis.a.p/nbis_mindtct_binar.c.o -c ../libfprint/nbis/mindtct/binar.c
[11/101] gcc -Ilibfprint/libnbis.a.p -Ilibfprint -I../libfprint -I. -I.. -Ilibfprint/nbis/include -I../libfprint/nbis/include -Ilibfprint/nbis/libfprint-include -I../libfprint/nbis/libfprint-include -I/usr/include/gio-unix-2.0 -I/usr/include/glib-2.0 -I/usr/lib64/glib-2.0/include -I/usr/include/libmount -I/usr/include/blkid -I/usr/include/sysprof-6 -I/usr/include/gusb-1 -I/usr/include/libusb-1.0 -I/usr/include/json-glib-1.0 -fdiagnostics-color=always -D_FILE_OFFSET_BITS=64 -Wall -Winvalid-pch -std=gnu99 -Wall -Wcast-align -Wformat-nonliteral -Wformat-security -Wformat=2 -Wignored-qualifiers -Wlogical-op -Wmissing-declarations -Wmissing-format-attribute -Wmissing-include-dirs -Wmissing-noreturn -Wpointer-arith -Wshadow -Wswitch-enum -Wtype-limits -Wundef -Wunused -Werror=address -Werror=empty-body -Werror=init-self -Werror=int-to-pointer-cast -Werror=main -Werror=missing-braces -Werror=nonnull -Werror=redundant-decls -Werror=return-type -Werror=sequence-point -Werror=trigraphs -Werror=write-strings -fno-strict-aliasing -DGLIB_VERSION_MIN_REQUIRED=GLIB_VERSION_2_56 -DGLIB_VERSION_MAX_ALLOWED=GLIB_VERSION_2_56 -D_GNU_SOURCE '-DG_LOG_DOMAIN="libfprint"' -Wimplicit-function-declaration -Wmissing-prototypes -Wnested-externs -Wold-style-definition -Wstrict-prototypes -Werror=implicit -Werror=pointer-to-int-cast -O2 -flto=auto -ffat-lto-objects -fexceptions -g -grecord-gcc-switches -pipe -Wall -Werror=format-security -Wp,-U_FORTIFY_SOURCE,-D_FORTIFY_SOURCE=3 -Wp,-D_GLIBCXX_ASSERTIONS -specs=/usr/lib/rpm/redhat/redhat-hardened-cc1 -fstack-protector-strong -specs=/usr/lib/rpm/redhat/redhat-annobin-cc1 -m64 -march=x86-64 -mtune=generic -fasynchronous-unwind-tables -fstack-clash-protection -fcf-protection -mtls-dialect=gnu2 -fno-omit-frame-pointer -mno-omit-leaf-frame-pointer -fPIC -pthread -DWITH_GZFILEOP -Wno-error=redundant-decls -Wno-redundant-decls -Wno-discarded-qualifiers -Wno-array-bounds -Wno-array-parameter -MD -MQ libfprint/libnbis.a.p/nbis_mindtct_chaincod.c.o -MF libfprint/libnbis.a.p/nbis_mindtct_chaincod.c.o.d -o libfprint/libnbis.a.p/nbis_mindtct_chaincod.c.o -c ../libfprint/nbis/mindtct/chaincod.c
[12/101] gcc -Ilibfprint/libnbis.a.p -Ilibfprint -I../libfprint -I. -I.. -Ilibfprint/nbis/include -I../libfprint/nbis/include -Ilibfprint/nbis/libfprint-include -I../libfprint/nbis/libfprint-include -I/usr/include/gio-unix-2.0 -I/usr/include/glib-2.0 -I/usr/lib64/glib-2.0/include -I/usr/include/libmount -I/usr/include/blkid -I/usr/include/sysprof-6 -I/usr/include/gusb-1 -I/usr/include/libusb-1.0 -I/usr/include/json-glib-1.0 -fdiagnostics-color=always -D_FILE_OFFSET_BITS=64 -Wall -Winvalid-pch -std=gnu99 -Wall -Wcast-align -Wformat-nonliteral -Wformat-security -Wformat=2 -Wignored-qualifiers -Wlogical-op -Wmissing-declarations -Wmissing-format-attribute -Wmissing-include-dirs -Wmissing-noreturn -Wpointer-arith -Wshadow -Wswitch-enum -Wtype-limits -Wundef -Wunused -Werror=address -Werror=empty-body -Werror=init-self -Werror=int-to-pointer-cast -Werror=main -Werror=missing-braces -Werror=nonnull -Werror=redundant-decls -Werror=return-type -Werror=sequence-point -Werror=trigraphs -Werror=write-strings -fno-strict-aliasing -DGLIB_VERSION_MIN_REQUIRED=GLIB_VERSION_2_56 -DGLIB_VERSION_MAX_ALLOWED=GLIB_VERSION_2_56 -D_GNU_SOURCE '-DG_LOG_DOMAIN="libfprint"' -Wimplicit-function-declaration -Wmissing-prototypes -Wnested-externs -Wold-style-definition -Wstrict-prototypes -Werror=implicit -Werror=pointer-to-int-cast -O2 -flto=auto -ffat-lto-objects -fexceptions -g -grecord-gcc-switches -pipe -Wall -Werror=format-security -Wp,-U_FORTIFY_SOURCE,-D_FORTIFY_SOURCE=3 -Wp,-D_GLIBCXX_ASSERTIONS -specs=/usr/lib/rpm/redhat/redhat-hardened-cc1 -fstack-protector-strong -specs=/usr/lib/rpm/redhat/redhat-annobin-cc1 -m64 -march=x86-64 -mtune=generic -fasynchronous-unwind-tables -fstack-clash-protection -fcf-protection -mtls-dialect=gnu2 -fno-omit-frame-pointer -mno-omit-leaf-frame-pointer -fPIC -pthread -DWITH_GZFILEOP -Wno-error=redundant-decls -Wno-redundant-decls -Wno-discarded-qualifiers -Wno-array-bounds -Wno-array-parameter -MD -MQ libfprint/libnbis.a.p/nbis_mindtct_detect.c.o -MF libfprint/libnbis.a.p/nbis_mindtct_detect.c.o.d -o libfprint/libnbis.a.p/nbis_mindtct_detect.c.o -c ../libfprint/nbis/mindtct/detect.c
[13/101] gcc -Ilibfprint/libnbis.a.p -Ilibfprint -I../libfprint -I. -I.. -Ilibfprint/nbis/include -I../libfprint/nbis/include -Ilibfprint/nbis/libfprint-include -I../libfprint/nbis/libfprint-include -I/usr/include/gio-unix-2.0 -I/usr/include/glib-2.0 -I/usr/lib64/glib-2.0/include -I/usr/include/libmount -I/usr/include/blkid -I/usr/include/sysprof-6 -I/usr/include/gusb-1 -I/usr/include/libusb-1.0 -I/usr/include/json-glib-1.0 -fdiagnostics-color=always -D_FILE_OFFSET_BITS=64 -Wall -Winvalid-pch -std=gnu99 -Wall -Wcast-align -Wformat-nonliteral -Wformat-security -Wformat=2 -Wignored-qualifiers -Wlogical-op -Wmissing-declarations -Wmissing-format-attribute -Wmissing-include-dirs -Wmissing-noreturn -Wpointer-arith -Wshadow -Wswitch-enum -Wtype-limits -Wundef -Wunused -Werror=address -Werror=empty-body -Werror=init-self -Werror=int-to-pointer-cast -Werror=main -Werror=missing-braces -Werror=nonnull -Werror=redundant-decls -Werror=return-type -Werror=sequence-point -Werror=trigraphs -Werror=write-strings -fno-strict-aliasing -DGLIB_VERSION_MIN_REQUIRED=GLIB_VERSION_2_56 -DGLIB_VERSION_MAX_ALLOWED=GLIB_VERSION_2_56 -D_GNU_SOURCE '-DG_LOG_DOMAIN="libfprint"' -Wimplicit-function-declaration -Wmissing-prototypes -Wnested-externs -Wold-style-definition -Wstrict-prototypes -Werror=implicit -Werror=pointer-to-int-cast -O2 -flto=auto -ffat-lto-objects -fexceptions -g -grecord-gcc-switches -pipe -Wall -Werror=format-security -Wp,-U_FORTIFY_SOURCE,-D_FORTIFY_SOURCE=3 -Wp,-D_GLIBCXX_ASSERTIONS -specs=/usr/lib/rpm/redhat/redhat-hardened-cc1 -fstack-protector-strong -specs=/usr/lib/rpm/redhat/redhat-annobin-cc1 -m64 -march=x86-64 -mtune=generic -fasynchronous-unwind-tables -fstack-clash-protection -fcf-protection -mtls-dialect=gnu2 -fno-omit-frame-pointer -mno-omit-leaf-frame-pointer -fPIC -pthread -DWITH_GZFILEOP -Wno-error=redundant-decls -Wno-redundant-decls -Wno-discarded-qualifiers -Wno-array-bounds -Wno-array-parameter -MD -MQ libfprint/libnbis.a.p/nbis_mindtct_dft.c.o -MF libfprint/libnbis.a.p/nbis_mindtct_dft.c.o.d -o libfprint/libnbis.a.p/nbis_mindtct_dft.c.o -c ../libfprint/nbis/mindtct/dft.c
[14/101] gcc -Ilibfprint/libnbis.a.p -Ilibfprint -I../libfprint -I. -I.. -Ilibfprint/nbis/include -I../libfprint/nbis/include -Ilibfprint/nbis/libfprint-include -I../libfprint/nbis/libfprint-include -I/usr/include/gio-unix-2.0 -I/usr/include/glib-2.0 -I/usr/lib64/glib-2.0/include -I/usr/include/libmount -I/usr/include/blkid -I/usr/include/sysprof-6 -I/usr/include/gusb-1 -I/usr/include/libusb-1.0 -I/usr/include/json-glib-1.0 -fdiagnostics-color=always -D_FILE_OFFSET_BITS=64 -Wall -Winvalid-pch -std=gnu99 -Wall -Wcast-align -Wformat-nonliteral -Wformat-security -Wformat=2 -Wignored-qualifiers -Wlogical-op -Wmissing-declarations -Wmissing-format-attribute -Wmissing-include-dirs -Wmissing-noreturn -Wpointer-arith -Wshadow -Wswitch-enum -Wtype-limits -Wundef -Wunused -Werror=address -Werror=empty-body -Werror=init-self -Werror=int-to-pointer-cast -Werror=main -Werror=missing-braces -Werror=nonnull -Werror=redundant-decls -Werror=return-type -Werror=sequence-point -Werror=trigraphs -Werror=write-strings -fno-strict-aliasing -DGLIB_VERSION_MIN_REQUIRED=GLIB_VERSION_2_56 -DGLIB_VERSION_MAX_ALLOWED=GLIB_VERSION_2_56 -D_GNU_SOURCE '-DG_LOG_DOMAIN="libfprint"' -Wimplicit-function-declaration -Wmissing-prototypes -Wnested-externs -Wold-style-definition -Wstrict-prototypes -Werror=implicit -Werror=pointer-to-int-cast -O2 -flto=auto -ffat-lto-objects -fexceptions -g -grecord-gcc-switches -pipe -Wall -Werror=format-security -Wp,-U_FORTIFY_SOURCE,-D_FORTIFY_SOURCE=3 -Wp,-D_GLIBCXX_ASSERTIONS -specs=/usr/lib/rpm/redhat/redhat-hardened-cc1 -fstack-protector-strong -specs=/usr/lib/rpm/redhat/redhat-annobin-cc1 -m64 -march=x86-64 -mtune=generic -fasynchronous-unwind-tables -fstack-clash-protection -fcf-protection -mtls-dialect=gnu2 -fno-omit-frame-pointer -mno-omit-leaf-frame-pointer -fPIC -pthread -DWITH_GZFILEOP -Wno-error=redundant-decls -Wno-redundant-decls -Wno-discarded-qualifiers -Wno-array-bounds -Wno-array-parameter -MD -MQ libfprint/libnbis.a.p/nbis_mindtct_block.c.o -MF libfprint/libnbis.a.p/nbis_mindtct_block.c.o.d -o libfprint/libnbis.a.p/nbis_mindtct_block.c.o -c ../libfprint/nbis/mindtct/block.c
[15/101] gcc -Ilibfprint/libnbis.a.p -Ilibfprint -I../libfprint -I. -I.. -Ilibfprint/nbis/include -I../libfprint/nbis/include -Ilibfprint/nbis/libfprint-include -I../libfprint/nbis/libfprint-include -I/usr/include/gio-unix-2.0 -I/usr/include/glib-2.0 -I/usr/lib64/glib-2.0/include -I/usr/include/libmount -I/usr/include/blkid -I/usr/include/sysprof-6 -I/usr/include/gusb-1 -I/usr/include/libusb-1.0 -I/usr/include/json-glib-1.0 -fdiagnostics-color=always -D_FILE_OFFSET_BITS=64 -Wall -Winvalid-pch -std=gnu99 -Wall -Wcast-align -Wformat-nonliteral -Wformat-security -Wformat=2 -Wignored-qualifiers -Wlogical-op -Wmissing-declarations -Wmissing-format-attribute -Wmissing-include-dirs -Wmissing-noreturn -Wpointer-arith -Wshadow -Wswitch-enum -Wtype-limits -Wundef -Wunused -Werror=address -Werror=empty-body -Werror=init-self -Werror=int-to-pointer-cast -Werror=main -Werror=missing-braces -Werror=nonnull -Werror=redundant-decls -Werror=return-type -Werror=sequence-point -Werror=trigraphs -Werror=write-strings -fno-strict-aliasing -DGLIB_VERSION_MIN_REQUIRED=GLIB_VERSION_2_56 -DGLIB_VERSION_MAX_ALLOWED=GLIB_VERSION_2_56 -D_GNU_SOURCE '-DG_LOG_DOMAIN="libfprint"' -Wimplicit-function-declaration -Wmissing-prototypes -Wnested-externs -Wold-style-definition -Wstrict-prototypes -Werror=implicit -Werror=pointer-to-int-cast -O2 -flto=auto -ffat-lto-objects -fexceptions -g -grecord-gcc-switches -pipe -Wall -Werror=format-security -Wp,-U_FORTIFY_SOURCE,-D_FORTIFY_SOURCE=3 -Wp,-D_GLIBCXX_ASSERTIONS -specs=/usr/lib/rpm/redhat/redhat-hardened-cc1 -fstack-protector-strong -specs=/usr/lib/rpm/redhat/redhat-annobin-cc1 -m64 -march=x86-64 -mtune=generic -fasynchronous-unwind-tables -fstack-clash-protection -fcf-protection -mtls-dialect=gnu2 -fno-omit-frame-pointer -mno-omit-leaf-frame-pointer -fPIC -pthread -DWITH_GZFILEOP -Wno-error=redundant-decls -Wno-redundant-decls -Wno-discarded-qualifiers -Wno-array-bounds -Wno-array-parameter -MD -MQ libfprint/libnbis.a.p/nbis_mindtct_free.c.o -MF libfprint/libnbis.a.p/nbis_mindtct_free.c.o.d -o libfprint/libnbis.a.p/nbis_mindtct_free.c.o -c ../libfprint/nbis/mindtct/free.c
[16/101] gcc -Ilibfprint/libnbis.a.p -Ilibfprint -I../libfprint -I. -I.. -Ilibfprint/nbis/include -I../libfprint/nbis/include -Ilibfprint/nbis/libfprint-include -I../libfprint/nbis/libfprint-include -I/usr/include/gio-unix-2.0 -I/usr/include/glib-2.0 -I/usr/lib64/glib-2.0/include -I/usr/include/libmount -I/usr/include/blkid -I/usr/include/sysprof-6 -I/usr/include/gusb-1 -I/usr/include/libusb-1.0 -I/usr/include/json-glib-1.0 -fdiagnostics-color=always -D_FILE_OFFSET_BITS=64 -Wall -Winvalid-pch -std=gnu99 -Wall -Wcast-align -Wformat-nonliteral -Wformat-security -Wformat=2 -Wignored-qualifiers -Wlogical-op -Wmissing-declarations -Wmissing-format-attribute -Wmissing-include-dirs -Wmissing-noreturn -Wpointer-arith -Wshadow -Wswitch-enum -Wtype-limits -Wundef -Wunused -Werror=address -Werror=empty-body -Werror=init-self -Werror=int-to-pointer-cast -Werror=main -Werror=missing-braces -Werror=nonnull -Werror=redundant-decls -Werror=return-type -Werror=sequence-point -Werror=trigraphs -Werror=write-strings -fno-strict-aliasing -DGLIB_VERSION_MIN_REQUIRED=GLIB_VERSION_2_56 -DGLIB_VERSION_MAX_ALLOWED=GLIB_VERSION_2_56 -D_GNU_SOURCE '-DG_LOG_DOMAIN="libfprint"' -Wimplicit-function-declaration -Wmissing-prototypes -Wnested-externs -Wold-style-definition -Wstrict-prototypes -Werror=implicit -Werror=pointer-to-int-cast -O2 -flto=auto -ffat-lto-objects -fexceptions -g -grecord-gcc-switches -pipe -Wall -Werror=format-security -Wp,-U_FORTIFY_SOURCE,-D_FORTIFY_SOURCE=3 -Wp,-D_GLIBCXX_ASSERTIONS -specs=/usr/lib/rpm/redhat/redhat-hardened-cc1 -fstack-protector-strong -specs=/usr/lib/rpm/redhat/redhat-annobin-cc1 -m64 -march=x86-64 -mtune=generic -fasynchronous-unwind-tables -fstack-clash-protection -fcf-protection -mtls-dialect=gnu2 -fno-omit-frame-pointer -mno-omit-leaf-frame-pointer -fPIC -pthread -DWITH_GZFILEOP -Wno-error=redundant-decls -Wno-redundant-decls -Wno-discarded-qualifiers -Wno-array-bounds -Wno-array-parameter -MD -MQ libfprint/libnbis.a.p/nbis_mindtct_globals.c.o -MF libfprint/libnbis.a.p/nbis_mindtct_globals.c.o.d -o libfprint/libnbis.a.p/nbis_mindtct_globals.c.o -c ../libfprint/nbis/mindtct/globals.c
[17/101] gcc -Ilibfprint/libnbis.a.p -Ilibfprint -I../libfprint -I. -I.. -Ilibfprint/nbis/include -I../libfprint/nbis/include -Ilibfprint/nbis/libfprint-include -I../libfprint/nbis/libfprint-include -I/usr/include/gio-unix-2.0 -I/usr/include/glib-2.0 -I/usr/lib64/glib-2.0/include -I/usr/include/libmount -I/usr/include/blkid -I/usr/include/sysprof-6 -I/usr/include/gusb-1 -I/usr/include/libusb-1.0 -I/usr/include/json-glib-1.0 -fdiagnostics-color=always -D_FILE_OFFSET_BITS=64 -Wall -Winvalid-pch -std=gnu99 -Wall -Wcast-align -Wformat-nonliteral -Wformat-security -Wformat=2 -Wignored-qualifiers -Wlogical-op -Wmissing-declarations -Wmissing-format-attribute -Wmissing-include-dirs -Wmissing-noreturn -Wpointer-arith -Wshadow -Wswitch-enum -Wtype-limits -Wundef -Wunused -Werror=address -Werror=empty-body -Werror=init-self -Werror=int-to-pointer-cast -Werror=main -Werror=missing-braces -Werror=nonnull -Werror=redundant-decls -Werror=return-type -Werror=sequence-point -Werror=trigraphs -Werror=write-strings -fno-strict-aliasing -DGLIB_VERSION_MIN_REQUIRED=GLIB_VERSION_2_56 -DGLIB_VERSION_MAX_ALLOWED=GLIB_VERSION_2_56 -D_GNU_SOURCE '-DG_LOG_DOMAIN="libfprint"' -Wimplicit-function-declaration -Wmissing-prototypes -Wnested-externs -Wold-style-definition -Wstrict-prototypes -Werror=implicit -Werror=pointer-to-int-cast -O2 -flto=auto -ffat-lto-objects -fexceptions -g -grecord-gcc-switches -pipe -Wall -Werror=format-security -Wp,-U_FORTIFY_SOURCE,-D_FORTIFY_SOURCE=3 -Wp,-D_GLIBCXX_ASSERTIONS -specs=/usr/lib/rpm/redhat/redhat-hardened-cc1 -fstack-protector-strong -specs=/usr/lib/rpm/redhat/redhat-annobin-cc1 -m64 -march=x86-64 -mtune=generic -fasynchronous-unwind-tables -fstack-clash-protection -fcf-protection -mtls-dialect=gnu2 -fno-omit-frame-pointer -mno-omit-leaf-frame-pointer -fPIC -pthread -DWITH_GZFILEOP -Wno-error=redundant-decls -Wno-redundant-decls -Wno-discarded-qualifiers -Wno-array-bounds -Wno-array-parameter -MD -MQ libfprint/libnbis.a.p/nbis_mindtct_getmin.c.o -MF libfprint/libnbis.a.p/nbis_mindtct_getmin.c.o.d -o libfprint/libnbis.a.p/nbis_mindtct_getmin.c.o -c ../libfprint/nbis/mindtct/getmin.c
[18/101] gcc -Ilibfprint/libnbis.a.p -Ilibfprint -I../libfprint -I. -I.. -Ilibfprint/nbis/include -I../libfprint/nbis/include -Ilibfprint/nbis/libfprint-include -I../libfprint/nbis/libfprint-include -I/usr/include/gio-unix-2.0 -I/usr/include/glib-2.0 -I/usr/lib64/glib-2.0/include -I/usr/include/libmount -I/usr/include/blkid -I/usr/include/sysprof-6 -I/usr/include/gusb-1 -I/usr/include/libusb-1.0 -I/usr/include/json-glib-1.0 -fdiagnostics-color=always -D_FILE_OFFSET_BITS=64 -Wall -Winvalid-pch -std=gnu99 -Wall -Wcast-align -Wformat-nonliteral -Wformat-security -Wformat=2 -Wignored-qualifiers -Wlogical-op -Wmissing-declarations -Wmissing-format-attribute -Wmissing-include-dirs -Wmissing-noreturn -Wpointer-arith -Wshadow -Wswitch-enum -Wtype-limits -Wundef -Wunused -Werror=address -Werror=empty-body -Werror=init-self -Werror=int-to-pointer-cast -Werror=main -Werror=missing-braces -Werror=nonnull -Werror=redundant-decls -Werror=return-type -Werror=sequence-point -Werror=trigraphs -Werror=write-strings -fno-strict-aliasing -DGLIB_VERSION_MIN_REQUIRED=GLIB_VERSION_2_56 -DGLIB_VERSION_MAX_ALLOWED=GLIB_VERSION_2_56 -D_GNU_SOURCE '-DG_LOG_DOMAIN="libfprint"' -Wimplicit-function-declaration -Wmissing-prototypes -Wnested-externs -Wold-style-definition -Wstrict-prototypes -Werror=implicit -Werror=pointer-to-int-cast -O2 -flto=auto -ffat-lto-objects -fexceptions -g -grecord-gcc-switches -pipe -Wall -Werror=format-security -Wp,-U_FORTIFY_SOURCE,-D_FORTIFY_SOURCE=3 -Wp,-D_GLIBCXX_ASSERTIONS -specs=/usr/lib/rpm/redhat/redhat-hardened-cc1 -fstack-protector-strong -specs=/usr/lib/rpm/redhat/redhat-annobin-cc1 -m64 -march=x86-64 -mtune=generic -fasynchronous-unwind-tables -fstack-clash-protection -fcf-protection -mtls-dialect=gnu2 -fno-omit-frame-pointer -mno-omit-leaf-frame-pointer -fPIC -pthread -DWITH_GZFILEOP -Wno-error=redundant-decls -Wno-redundant-decls -Wno-discarded-qualifiers -Wno-array-bounds -Wno-array-parameter -MD -MQ libfprint/libnbis.a.p/nbis_mindtct_contour.c.o -MF libfprint/libnbis.a.p/nbis_mindtct_contour.c.o.d -o libfprint/libnbis.a.p/nbis_mindtct_contour.c.o -c ../libfprint/nbis/mindtct/contour.c
[19/101] gcc -Ilibfprint/libnbis.a.p -Ilibfprint -I../libfprint -I. -I.. -Ilibfprint/nbis/include -I../libfprint/nbis/include -Ilibfprint/nbis/libfprint-include -I../libfprint/nbis/libfprint-include -I/usr/include/gio-unix-2.0 -I/usr/include/glib-2.0 -I/usr/lib64/glib-2.0/include -I/usr/include/libmount -I/usr/include/blkid -I/usr/include/sysprof-6 -I/usr/include/gusb-1 -I/usr/include/libusb-1.0 -I/usr/include/json-glib-1.0 -fdiagnostics-color=always -D_FILE_OFFSET_BITS=64 -Wall -Winvalid-pch -std=gnu99 -Wall -Wcast-align -Wformat-nonliteral -Wformat-security -Wformat=2 -Wignored-qualifiers -Wlogical-op -Wmissing-declarations -Wmissing-format-attribute -Wmissing-include-dirs -Wmissing-noreturn -Wpointer-arith -Wshadow -Wswitch-enum -Wtype-limits -Wundef -Wunused -Werror=address -Werror=empty-body -Werror=init-self -Werror=int-to-pointer-cast -Werror=main -Werror=missing-braces -Werror=nonnull -Werror=redundant-decls -Werror=return-type -Werror=sequence-point -Werror=trigraphs -Werror=write-strings -fno-strict-aliasing -DGLIB_VERSION_MIN_REQUIRED=GLIB_VERSION_2_56 -DGLIB_VERSION_MAX_ALLOWED=GLIB_VERSION_2_56 -D_GNU_SOURCE '-DG_LOG_DOMAIN="libfprint"' -Wimplicit-function-declaration -Wmissing-prototypes -Wnested-externs -Wold-style-definition -Wstrict-prototypes -Werror=implicit -Werror=pointer-to-int-cast -O2 -flto=auto -ffat-lto-objects -fexceptions -g -grecord-gcc-switches -pipe -Wall -Werror=format-security -Wp,-U_FORTIFY_SOURCE,-D_FORTIFY_SOURCE=3 -Wp,-D_GLIBCXX_ASSERTIONS -specs=/usr/lib/rpm/redhat/redhat-hardened-cc1 -fstack-protector-strong -specs=/usr/lib/rpm/redhat/redhat-annobin-cc1 -m64 -march=x86-64 -mtune=generic -fasynchronous-unwind-tables -fstack-clash-protection -fcf-protection -mtls-dialect=gnu2 -fno-omit-frame-pointer -mno-omit-leaf-frame-pointer -fPIC -pthread -DWITH_GZFILEOP -Wno-error=redundant-decls -Wno-redundant-decls -Wno-discarded-qualifiers -Wno-array-bounds -Wno-array-parameter -MD -MQ libfprint/libnbis.a.p/nbis_mindtct_log.c.o -MF libfprint/libnbis.a.p/nbis_mindtct_log.c.o.d -o libfprint/libnbis.a.p/nbis_mindtct_log.c.o -c ../libfprint/nbis/mindtct/log.c
[20/101] gcc -Ilibfprint/libnbis.a.p -Ilibfprint -I../libfprint -I. -I.. -Ilibfprint/nbis/include -I../libfprint/nbis/include -Ilibfprint/nbis/libfprint-include -I../libfprint/nbis/libfprint-include -I/usr/include/gio-unix-2.0 -I/usr/include/glib-2.0 -I/usr/lib64/glib-2.0/include -I/usr/include/libmount -I/usr/include/blkid -I/usr/include/sysprof-6 -I/usr/include/gusb-1 -I/usr/include/libusb-1.0 -I/usr/include/json-glib-1.0 -fdiagnostics-color=always -D_FILE_OFFSET_BITS=64 -Wall -Winvalid-pch -std=gnu99 -Wall -Wcast-align -Wformat-nonliteral -Wformat-security -Wformat=2 -Wignored-qualifiers -Wlogical-op -Wmissing-declarations -Wmissing-format-attribute -Wmissing-include-dirs -Wmissing-noreturn -Wpointer-arith -Wshadow -Wswitch-enum -Wtype-limits -Wundef -Wunused -Werror=address -Werror=empty-body -Werror=init-self -Werror=int-to-pointer-cast -Werror=main -Werror=missing-braces -Werror=nonnull -Werror=redundant-decls -Werror=return-type -Werror=sequence-point -Werror=trigraphs -Werror=write-strings -fno-strict-aliasing -DGLIB_VERSION_MIN_REQUIRED=GLIB_VERSION_2_56 -DGLIB_VERSION_MAX_ALLOWED=GLIB_VERSION_2_56 -D_GNU_SOURCE '-DG_LOG_DOMAIN="libfprint"' -Wimplicit-function-declaration -Wmissing-prototypes -Wnested-externs -Wold-style-definition -Wstrict-prototypes -Werror=implicit -Werror=pointer-to-int-cast -O2 -flto=auto -ffat-lto-objects -fexceptions -g -grecord-gcc-switches -pipe -Wall -Werror=format-security -Wp,-U_FORTIFY_SOURCE,-D_FORTIFY_SOURCE=3 -Wp,-D_GLIBCXX_ASSERTIONS -specs=/usr/lib/rpm/redhat/redhat-hardened-cc1 -fstack-protector-strong -specs=/usr/lib/rpm/redhat/redhat-annobin-cc1 -m64 -march=x86-64 -mtune=generic -fasynchronous-unwind-tables -fstack-clash-protection -fcf-protection -mtls-dialect=gnu2 -fno-omit-frame-pointer -mno-omit-leaf-frame-pointer -fPIC -pthread -DWITH_GZFILEOP -Wno-error=redundant-decls -Wno-redundant-decls -Wno-discarded-qualifiers -Wno-array-bounds -Wno-array-parameter -MD -MQ libfprint/libnbis.a.p/nbis_mindtct_imgutil.c.o -MF libfprint/libnbis.a.p/nbis_mindtct_imgutil.c.o.d -o libfprint/libnbis.a.p/nbis_mindtct_imgutil.c.o -c ../libfprint/nbis/mindtct/imgutil.c
[21/101] gcc -Ilibfprint/libnbis.a.p -Ilibfprint -I../libfprint -I. -I.. -Ilibfprint/nbis/include -I../libfprint/nbis/include -Ilibfprint/nbis/libfprint-include -I../libfprint/nbis/libfprint-include -I/usr/include/gio-unix-2.0 -I/usr/include/glib-2.0 -I/usr/lib64/glib-2.0/include -I/usr/include/libmount -I/usr/include/blkid -I/usr/include/sysprof-6 -I/usr/include/gusb-1 -I/usr/include/libusb-1.0 -I/usr/include/json-glib-1.0 -fdiagnostics-color=always -D_FILE_OFFSET_BITS=64 -Wall -Winvalid-pch -std=gnu99 -Wall -Wcast-align -Wformat-nonliteral -Wformat-security -Wformat=2 -Wignored-qualifiers -Wlogical-op -Wmissing-declarations -Wmissing-format-attribute -Wmissing-include-dirs -Wmissing-noreturn -Wpointer-arith -Wshadow -Wswitch-enum -Wtype-limits -Wundef -Wunused -Werror=address -Werror=empty-body -Werror=init-self -Werror=int-to-pointer-cast -Werror=main -Werror=missing-braces -Werror=nonnull -Werror=redundant-decls -Werror=return-type -Werror=sequence-point -Werror=trigraphs -Werror=write-strings -fno-strict-aliasing -DGLIB_VERSION_MIN_REQUIRED=GLIB_VERSION_2_56 -DGLIB_VERSION_MAX_ALLOWED=GLIB_VERSION_2_56 -D_GNU_SOURCE '-DG_LOG_DOMAIN="libfprint"' -Wimplicit-function-declaration -Wmissing-prototypes -Wnested-externs -Wold-style-definition -Wstrict-prototypes -Werror=implicit -Werror=pointer-to-int-cast -O2 -flto=auto -ffat-lto-objects -fexceptions -g -grecord-gcc-switches -pipe -Wall -Werror=format-security -Wp,-U_FORTIFY_SOURCE,-D_FORTIFY_SOURCE=3 -Wp,-D_GLIBCXX_ASSERTIONS -specs=/usr/lib/rpm/redhat/redhat-hardened-cc1 -fstack-protector-strong -specs=/usr/lib/rpm/redhat/redhat-annobin-cc1 -m64 -march=x86-64 -mtune=generic -fasynchronous-unwind-tables -fstack-clash-protection -fcf-protection -mtls-dialect=gnu2 -fno-omit-frame-pointer -mno-omit-leaf-frame-pointer -fPIC -pthread -DWITH_GZFILEOP -Wno-error=redundant-decls -Wno-redundant-decls -Wno-discarded-qualifiers -Wno-array-bounds -Wno-array-parameter -MD -MQ libfprint/libnbis.a.p/nbis_mindtct_link.c.o -MF libfprint/libnbis.a.p/nbis_mindtct_link.c.o.d -o libfprint/libnbis.a.p/nbis_mindtct_link.c.o -c ../libfprint/nbis/mindtct/link.c
[22/101] gcc -Ilibfprint/libnbis.a.p -Ilibfprint -I../libfprint -I. -I.. -Ilibfprint/nbis/include -I../libfprint/nbis/include -Ilibfprint/nbis/libfprint-include -I../libfprint/nbis/libfprint-include -I/usr/include/gio-unix-2.0 -I/usr/include/glib-2.0 -I/usr/lib64/glib-2.0/include -I/usr/include/libmount -I/usr/include/blkid -I/usr/include/sysprof-6 -I/usr/include/gusb-1 -I/usr/include/libusb-1.0 -I/usr/include/json-glib-1.0 -fdiagnostics-color=always -D_FILE_OFFSET_BITS=64 -Wall -Winvalid-pch -std=gnu99 -Wall -Wcast-align -Wformat-nonliteral -Wformat-security -Wformat=2 -Wignored-qualifiers -Wlogical-op -Wmissing-declarations -Wmissing-format-attribute -Wmissing-include-dirs -Wmissing-noreturn -Wpointer-arith -Wshadow -Wswitch-enum -Wtype-limits -Wundef -Wunused -Werror=address -Werror=empty-body -Werror=init-self -Werror=int-to-pointer-cast -Werror=main -Werror=missing-braces -Werror=nonnull -Werror=redundant-decls -Werror=return-type -Werror=sequence-point -Werror=trigraphs -Werror=write-strings -fno-strict-aliasing -DGLIB_VERSION_MIN_REQUIRED=GLIB_VERSION_2_56 -DGLIB_VERSION_MAX_ALLOWED=GLIB_VERSION_2_56 -D_GNU_SOURCE '-DG_LOG_DOMAIN="libfprint"' -Wimplicit-function-declaration -Wmissing-prototypes -Wnested-externs -Wold-style-definition -Wstrict-prototypes -Werror=implicit -Werror=pointer-to-int-cast -O2 -flto=auto -ffat-lto-objects -fexceptions -g -grecord-gcc-switches -pipe -Wall -Werror=format-security -Wp,-U_FORTIFY_SOURCE,-D_FORTIFY_SOURCE=3 -Wp,-D_GLIBCXX_ASSERTIONS -specs=/usr/lib/rpm/redhat/redhat-hardened-cc1 -fstack-protector-strong -specs=/usr/lib/rpm/redhat/redhat-annobin-cc1 -m64 -march=x86-64 -mtune=generic -fasynchronous-unwind-tables -fstack-clash-protection -fcf-protection -mtls-dialect=gnu2 -fno-omit-frame-pointer -mno-omit-leaf-frame-pointer -fPIC -pthread -DWITH_GZFILEOP -Wno-error=redundant-decls -Wno-redundant-decls -Wno-discarded-qualifiers -Wno-array-bounds -Wno-array-parameter -MD -MQ libfprint/libnbis.a.p/nbis_mindtct_init.c.o -MF libfprint/libnbis.a.p/nbis_mindtct_init.c.o.d -o libfprint/libnbis.a.p/nbis_mindtct_init.c.o -c ../libfprint/nbis/mindtct/init.c
[23/101] gcc -Ilibfprint/libnbis.a.p -Ilibfprint -I../libfprint -I. -I.. -Ilibfprint/nbis/include -I../libfprint/nbis/include -Ilibfprint/nbis/libfprint-include -I../libfprint/nbis/libfprint-include -I/usr/include/gio-unix-2.0 -I/usr/include/glib-2.0 -I/usr/lib64/glib-2.0/include -I/usr/include/libmount -I/usr/include/blkid -I/usr/include/sysprof-6 -I/usr/include/gusb-1 -I/usr/include/libusb-1.0 -I/usr/include/json-glib-1.0 -fdiagnostics-color=always -D_FILE_OFFSET_BITS=64 -Wall -Winvalid-pch -std=gnu99 -Wall -Wcast-align -Wformat-nonliteral -Wformat-security -Wformat=2 -Wignored-qualifiers -Wlogical-op -Wmissing-declarations -Wmissing-format-attribute -Wmissing-include-dirs -Wmissing-noreturn -Wpointer-arith -Wshadow -Wswitch-enum -Wtype-limits -Wundef -Wunused -Werror=address -Werror=empty-body -Werror=init-self -Werror=int-to-pointer-cast -Werror=main -Werror=missing-braces -Werror=nonnull -Werror=redundant-decls -Werror=return-type -Werror=sequence-point -Werror=trigraphs -Werror=write-strings -fno-strict-aliasing -DGLIB_VERSION_MIN_REQUIRED=GLIB_VERSION_2_56 -DGLIB_VERSION_MAX_ALLOWED=GLIB_VERSION_2_56 -D_GNU_SOURCE '-DG_LOG_DOMAIN="libfprint"' -Wimplicit-function-declaration -Wmissing-prototypes -Wnested-externs -Wold-style-definition -Wstrict-prototypes -Werror=implicit -Werror=pointer-to-int-cast -O2 -flto=auto -ffat-lto-objects -fexceptions -g -grecord-gcc-switches -pipe -Wall -Werror=format-security -Wp,-U_FORTIFY_SOURCE,-D_FORTIFY_SOURCE=3 -Wp,-D_GLIBCXX_ASSERTIONS -specs=/usr/lib/rpm/redhat/redhat-hardened-cc1 -fstack-protector-strong -specs=/usr/lib/rpm/redhat/redhat-annobin-cc1 -m64 -march=x86-64 -mtune=generic -fasynchronous-unwind-tables -fstack-clash-protection -fcf-protection -mtls-dialect=gnu2 -fno-omit-frame-pointer -mno-omit-leaf-frame-pointer -fPIC -pthread -DWITH_GZFILEOP -Wno-error=redundant-decls -Wno-redundant-decls -Wno-discarded-qualifiers -Wno-array-bounds -Wno-array-parameter -MD -MQ libfprint/libnbis.a.p/nbis_mindtct_line.c.o -MF libfprint/libnbis.a.p/nbis_mindtct_line.c.o.d -o libfprint/libnbis.a.p/nbis_mindtct_line.c.o -c ../libfprint/nbis/mindtct/line.c
[24/101] gcc -Ilibfprint/libnbis.a.p -Ilibfprint -I../libfprint -I. -I.. -Ilibfprint/nbis/include -I../libfprint/nbis/include -Ilibfprint/nbis/libfprint-include -I../libfprint/nbis/libfprint-include -I/usr/include/gio-unix-2.0 -I/usr/include/glib-2.0 -I/usr/lib64/glib-2.0/include -I/usr/include/libmount -I/usr/include/blkid -I/usr/include/sysprof-6 -I/usr/include/gusb-1 -I/usr/include/libusb-1.0 -I/usr/include/json-glib-1.0 -fdiagnostics-color=always -D_FILE_OFFSET_BITS=64 -Wall -Winvalid-pch -std=gnu99 -Wall -Wcast-align -Wformat-nonliteral -Wformat-security -Wformat=2 -Wignored-qualifiers -Wlogical-op -Wmissing-declarations -Wmissing-format-attribute -Wmissing-include-dirs -Wmissing-noreturn -Wpointer-arith -Wshadow -Wswitch-enum -Wtype-limits -Wundef -Wunused -Werror=address -Werror=empty-body -Werror=init-self -Werror=int-to-pointer-cast -Werror=main -Werror=missing-braces -Werror=nonnull -Werror=redundant-decls -Werror=return-type -Werror=sequence-point -Werror=trigraphs -Werror=write-strings -fno-strict-aliasing -DGLIB_VERSION_MIN_REQUIRED=GLIB_VERSION_2_56 -DGLIB_VERSION_MAX_ALLOWED=GLIB_VERSION_2_56 -D_GNU_SOURCE '-DG_LOG_DOMAIN="libfprint"' -Wimplicit-function-declaration -Wmissing-prototypes -Wnested-externs -Wold-style-definition -Wstrict-prototypes -Werror=implicit -Werror=pointer-to-int-cast -O2 -flto=auto -ffat-lto-objects -fexceptions -g -grecord-gcc-switches -pipe -Wall -Werror=format-security -Wp,-U_FORTIFY_SOURCE,-D_FORTIFY_SOURCE=3 -Wp,-D_GLIBCXX_ASSERTIONS -specs=/usr/lib/rpm/redhat/redhat-hardened-cc1 -fstack-protector-strong -specs=/usr/lib/rpm/redhat/redhat-annobin-cc1 -m64 -march=x86-64 -mtune=generic -fasynchronous-unwind-tables -fstack-clash-protection -fcf-protection -mtls-dialect=gnu2 -fno-omit-frame-pointer -mno-omit-leaf-frame-pointer -fPIC -pthread -DWITH_GZFILEOP -Wno-error=redundant-decls -Wno-redundant-decls -Wno-discarded-qualifiers -Wno-array-bounds -Wno-array-parameter -MD -MQ libfprint/libnbis.a.p/nbis_mindtct_morph.c.o -MF libfprint/libnbis.a.p/nbis_mindtct_morph.c.o.d -o libfprint/libnbis.a.p/nbis_mindtct_morph.c.o -c ../libfprint/nbis/mindtct/morph.c
[25/101] gcc -Ilibfprint/libnbis.a.p -Ilibfprint -I../libfprint -I. -I.. -Ilibfprint/nbis/include -I../libfprint/nbis/include -Ilibfprint/nbis/libfprint-include -I../libfprint/nbis/libfprint-include -I/usr/include/gio-unix-2.0 -I/usr/include/glib-2.0 -I/usr/lib64/glib-2.0/include -I/usr/include/libmount -I/usr/include/blkid -I/usr/include/sysprof-6 -I/usr/include/gusb-1 -I/usr/include/libusb-1.0 -I/usr/include/json-glib-1.0 -fdiagnostics-color=always -D_FILE_OFFSET_BITS=64 -Wall -Winvalid-pch -std=gnu99 -Wall -Wcast-align -Wformat-nonliteral -Wformat-security -Wformat=2 -Wignored-qualifiers -Wlogical-op -Wmissing-declarations -Wmissing-format-attribute -Wmissing-include-dirs -Wmissing-noreturn -Wpointer-arith -Wshadow -Wswitch-enum -Wtype-limits -Wundef -Wunused -Werror=address -Werror=empty-body -Werror=init-self -Werror=int-to-pointer-cast -Werror=main -Werror=missing-braces -Werror=nonnull -Werror=redundant-decls -Werror=return-type -Werror=sequence-point -Werror=trigraphs -Werror=write-strings -fno-strict-aliasing -DGLIB_VERSION_MIN_REQUIRED=GLIB_VERSION_2_56 -DGLIB_VERSION_MAX_ALLOWED=GLIB_VERSION_2_56 -D_GNU_SOURCE '-DG_LOG_DOMAIN="libfprint"' -Wimplicit-function-declaration -Wmissing-prototypes -Wnested-externs -Wold-style-definition -Wstrict-prototypes -Werror=implicit -Werror=pointer-to-int-cast -O2 -flto=auto -ffat-lto-objects -fexceptions -g -grecord-gcc-switches -pipe -Wall -Werror=format-security -Wp,-U_FORTIFY_SOURCE,-D_FORTIFY_SOURCE=3 -Wp,-D_GLIBCXX_ASSERTIONS -specs=/usr/lib/rpm/redhat/redhat-hardened-cc1 -fstack-protector-strong -specs=/usr/lib/rpm/redhat/redhat-annobin-cc1 -m64 -march=x86-64 -mtune=generic -fasynchronous-unwind-tables -fstack-clash-protection -fcf-protection -mtls-dialect=gnu2 -fno-omit-frame-pointer -mno-omit-leaf-frame-pointer -fPIC -pthread -DWITH_GZFILEOP -Wno-error=redundant-decls -Wno-redundant-decls -Wno-discarded-qualifiers -Wno-array-bounds -Wno-array-parameter -MD -MQ libfprint/libnbis.a.p/nbis_mindtct_matchpat.c.o -MF libfprint/libnbis.a.p/nbis_mindtct_matchpat.c.o.d -o libfprint/libnbis.a.p/nbis_mindtct_matchpat.c.o -c ../libfprint/nbis/mindtct/matchpat.c
[26/101] gcc -Ilibfprint/libnbis.a.p -Ilibfprint -I../libfprint -I. -I.. -Ilibfprint/nbis/include -I../libfprint/nbis/include -Ilibfprint/nbis/libfprint-include -I../libfprint/nbis/libfprint-include -I/usr/include/gio-unix-2.0 -I/usr/include/glib-2.0 -I/usr/lib64/glib-2.0/include -I/usr/include/libmount -I/usr/include/blkid -I/usr/include/sysprof-6 -I/usr/include/gusb-1 -I/usr/include/libusb-1.0 -I/usr/include/json-glib-1.0 -fdiagnostics-color=always -D_FILE_OFFSET_BITS=64 -Wall -Winvalid-pch -std=gnu99 -Wall -Wcast-align -Wformat-nonliteral -Wformat-security -Wformat=2 -Wignored-qualifiers -Wlogical-op -Wmissing-declarations -Wmissing-format-attribute -Wmissing-include-dirs -Wmissing-noreturn -Wpointer-arith -Wshadow -Wswitch-enum -Wtype-limits -Wundef -Wunused -Werror=address -Werror=empty-body -Werror=init-self -Werror=int-to-pointer-cast -Werror=main -Werror=missing-braces -Werror=nonnull -Werror=redundant-decls -Werror=return-type -Werror=sequence-point -Werror=trigraphs -Werror=write-strings -fno-strict-aliasing -DGLIB_VERSION_MIN_REQUIRED=GLIB_VERSION_2_56 -DGLIB_VERSION_MAX_ALLOWED=GLIB_VERSION_2_56 -D_GNU_SOURCE '-DG_LOG_DOMAIN="libfprint"' -Wimplicit-function-declaration -Wmissing-prototypes -Wnested-externs -Wold-style-definition -Wstrict-prototypes -Werror=implicit -Werror=pointer-to-int-cast -O2 -flto=auto -ffat-lto-objects -fexceptions -g -grecord-gcc-switches -pipe -Wall -Werror=format-security -Wp,-U_FORTIFY_SOURCE,-D_FORTIFY_SOURCE=3 -Wp,-D_GLIBCXX_ASSERTIONS -specs=/usr/lib/rpm/redhat/redhat-hardened-cc1 -fstack-protector-strong -specs=/usr/lib/rpm/redhat/redhat-annobin-cc1 -m64 -march=x86-64 -mtune=generic -fasynchronous-unwind-tables -fstack-clash-protection -fcf-protection -mtls-dialect=gnu2 -fno-omit-frame-pointer -mno-omit-leaf-frame-pointer -fPIC -pthread -DWITH_GZFILEOP -Wno-error=redundant-decls -Wno-redundant-decls -Wno-discarded-qualifiers -Wno-array-bounds -Wno-array-parameter -MD -MQ libfprint/libnbis.a.p/nbis_mindtct_loop.c.o -MF libfprint/libnbis.a.p/nbis_mindtct_loop.c.o.d -o libfprint/libnbis.a.p/nbis_mindtct_loop.c.o -c ../libfprint/nbis/mindtct/loop.c
[27/101] gcc -Ilibfprint/libnbis.a.p -Ilibfprint -I../libfprint -I. -I.. -Ilibfprint/nbis/include -I../libfprint/nbis/include -Ilibfprint/nbis/libfprint-include -I../libfprint/nbis/libfprint-include -I/usr/include/gio-unix-2.0 -I/usr/include/glib-2.0 -I/usr/lib64/glib-2.0/include -I/usr/include/libmount -I/usr/include/blkid -I/usr/include/sysprof-6 -I/usr/include/gusb-1 -I/usr/include/libusb-1.0 -I/usr/include/json-glib-1.0 -fdiagnostics-color=always -D_FILE_OFFSET_BITS=64 -Wall -Winvalid-pch -std=gnu99 -Wall -Wcast-align -Wformat-nonliteral -Wformat-security -Wformat=2 -Wignored-qualifiers -Wlogical-op -Wmissing-declarations -Wmissing-format-attribute -Wmissing-include-dirs -Wmissing-noreturn -Wpointer-arith -Wshadow -Wswitch-enum -Wtype-limits -Wundef -Wunused -Werror=address -Werror=empty-body -Werror=init-self -Werror=int-to-pointer-cast -Werror=main -Werror=missing-braces -Werror=nonnull -Werror=redundant-decls -Werror=return-type -Werror=sequence-point -Werror=trigraphs -Werror=write-strings -fno-strict-aliasing -DGLIB_VERSION_MIN_REQUIRED=GLIB_VERSION_2_56 -DGLIB_VERSION_MAX_ALLOWED=GLIB_VERSION_2_56 -D_GNU_SOURCE '-DG_LOG_DOMAIN="libfprint"' -Wimplicit-function-declaration -Wmissing-prototypes -Wnested-externs -Wold-style-definition -Wstrict-prototypes -Werror=implicit -Werror=pointer-to-int-cast -O2 -flto=auto -ffat-lto-objects -fexceptions -g -grecord-gcc-switches -pipe -Wall -Werror=format-security -Wp,-U_FORTIFY_SOURCE,-D_FORTIFY_SOURCE=3 -Wp,-D_GLIBCXX_ASSERTIONS -specs=/usr/lib/rpm/redhat/redhat-hardened-cc1 -fstack-protector-strong -specs=/usr/lib/rpm/redhat/redhat-annobin-cc1 -m64 -march=x86-64 -mtune=generic -fasynchronous-unwind-tables -fstack-clash-protection -fcf-protection -mtls-dialect=gnu2 -fno-omit-frame-pointer -mno-omit-leaf-frame-pointer -fPIC -pthread -DWITH_GZFILEOP -Wno-error=redundant-decls -Wno-redundant-decls -Wno-discarded-qualifiers -Wno-array-bounds -Wno-array-parameter -MD -MQ libfprint/libnbis.a.p/nbis_mindtct_quality.c.o -MF libfprint/libnbis.a.p/nbis_mindtct_quality.c.o.d -o libfprint/libnbis.a.p/nbis_mindtct_quality.c.o -c ../libfprint/nbis/mindtct/quality.c
[28/101] gcc -Ilibfprint/libnbis.a.p -Ilibfprint -I../libfprint -I. -I.. -Ilibfprint/nbis/include -I../libfprint/nbis/include -Ilibfprint/nbis/libfprint-include -I../libfprint/nbis/libfprint-include -I/usr/include/gio-unix-2.0 -I/usr/include/glib-2.0 -I/usr/lib64/glib-2.0/include -I/usr/include/libmount -I/usr/include/blkid -I/usr/include/sysprof-6 -I/usr/include/gusb-1 -I/usr/include/libusb-1.0 -I/usr/include/json-glib-1.0 -fdiagnostics-color=always -D_FILE_OFFSET_BITS=64 -Wall -Winvalid-pch -std=gnu99 -Wall -Wcast-align -Wformat-nonliteral -Wformat-security -Wformat=2 -Wignored-qualifiers -Wlogical-op -Wmissing-declarations -Wmissing-format-attribute -Wmissing-include-dirs -Wmissing-noreturn -Wpointer-arith -Wshadow -Wswitch-enum -Wtype-limits -Wundef -Wunused -Werror=address -Werror=empty-body -Werror=init-self -Werror=int-to-pointer-cast -Werror=main -Werror=missing-braces -Werror=nonnull -Werror=redundant-decls -Werror=return-type -Werror=sequence-point -Werror=trigraphs -Werror=write-strings -fno-strict-aliasing -DGLIB_VERSION_MIN_REQUIRED=GLIB_VERSION_2_56 -DGLIB_VERSION_MAX_ALLOWED=GLIB_VERSION_2_56 -D_GNU_SOURCE '-DG_LOG_DOMAIN="libfprint"' -Wimplicit-function-declaration -Wmissing-prototypes -Wnested-externs -Wold-style-definition -Wstrict-prototypes -Werror=implicit -Werror=pointer-to-int-cast -O2 -flto=auto -ffat-lto-objects -fexceptions -g -grecord-gcc-switches -pipe -Wall -Werror=format-security -Wp,-U_FORTIFY_SOURCE,-D_FORTIFY_SOURCE=3 -Wp,-D_GLIBCXX_ASSERTIONS -specs=/usr/lib/rpm/redhat/redhat-hardened-cc1 -fstack-protector-strong -specs=/usr/lib/rpm/redhat/redhat-annobin-cc1 -m64 -march=x86-64 -mtune=generic -fasynchronous-unwind-tables -fstack-clash-protection -fcf-protection -mtls-dialect=gnu2 -fno-omit-frame-pointer -mno-omit-leaf-frame-pointer -fPIC -pthread -DWITH_GZFILEOP -Wno-error=redundant-decls -Wno-redundant-decls -Wno-discarded-qualifiers -Wno-array-bounds -Wno-array-parameter -MD -MQ libfprint/libnbis.a.p/nbis_bozorth3_bozorth3.c.o -MF libfprint/libnbis.a.p/nbis_bozorth3_bozorth3.c.o.d -o libfprint/libnbis.a.p/nbis_bozorth3_bozorth3.c.o -c ../libfprint/nbis/bozorth3/bozorth3.c
[29/101] gcc -Ilibfprint/libnbis.a.p -Ilibfprint -I../libfprint -I. -I.. -Ilibfprint/nbis/include -I../libfprint/nbis/include -Ilibfprint/nbis/libfprint-include -I../libfprint/nbis/libfprint-include -I/usr/include/gio-unix-2.0 -I/usr/include/glib-2.0 -I/usr/lib64/glib-2.0/include -I/usr/include/libmount -I/usr/include/blkid -I/usr/include/sysprof-6 -I/usr/include/gusb-1 -I/usr/include/libusb-1.0 -I/usr/include/json-glib-1.0 -fdiagnostics-color=always -D_FILE_OFFSET_BITS=64 -Wall -Winvalid-pch -std=gnu99 -Wall -Wcast-align -Wformat-nonliteral -Wformat-security -Wformat=2 -Wignored-qualifiers -Wlogical-op -Wmissing-declarations -Wmissing-format-attribute -Wmissing-include-dirs -Wmissing-noreturn -Wpointer-arith -Wshadow -Wswitch-enum -Wtype-limits -Wundef -Wunused -Werror=address -Werror=empty-body -Werror=init-self -Werror=int-to-pointer-cast -Werror=main -Werror=missing-braces -Werror=nonnull -Werror=redundant-decls -Werror=return-type -Werror=sequence-point -Werror=trigraphs -Werror=write-strings -fno-strict-aliasing -DGLIB_VERSION_MIN_REQUIRED=GLIB_VERSION_2_56 -DGLIB_VERSION_MAX_ALLOWED=GLIB_VERSION_2_56 -D_GNU_SOURCE '-DG_LOG_DOMAIN="libfprint"' -Wimplicit-function-declaration -Wmissing-prototypes -Wnested-externs -Wold-style-definition -Wstrict-prototypes -Werror=implicit -Werror=pointer-to-int-cast -O2 -flto=auto -ffat-lto-objects -fexceptions -g -grecord-gcc-switches -pipe -Wall -Werror=format-security -Wp,-U_FORTIFY_SOURCE,-D_FORTIFY_SOURCE=3 -Wp,-D_GLIBCXX_ASSERTIONS -specs=/usr/lib/rpm/redhat/redhat-hardened-cc1 -fstack-protector-strong -specs=/usr/lib/rpm/redhat/redhat-annobin-cc1 -m64 -march=x86-64 -mtune=generic -fasynchronous-unwind-tables -fstack-clash-protection -fcf-protection -mtls-dialect=gnu2 -fno-omit-frame-pointer -mno-omit-leaf-frame-pointer -fPIC -pthread -DWITH_GZFILEOP -Wno-error=redundant-decls -Wno-redundant-decls -Wno-discarded-qualifiers -Wno-array-bounds -Wno-array-parameter -MD -MQ libfprint/libnbis.a.p/nbis_mindtct_shape.c.o -MF libfprint/libnbis.a.p/nbis_mindtct_shape.c.o.d -o libfprint/libnbis.a.p/nbis_mindtct_shape.c.o -c ../libfprint/nbis/mindtct/shape.c
[30/101] gcc -Ilibfprint/libnbis.a.p -Ilibfprint -I../libfprint -I. -I.. -Ilibfprint/nbis/include -I../libfprint/nbis/include -Ilibfprint/nbis/libfprint-include -I../libfprint/nbis/libfprint-include -I/usr/include/gio-unix-2.0 -I/usr/include/glib-2.0 -I/usr/lib64/glib-2.0/include -I/usr/include/libmount -I/usr/include/blkid -I/usr/include/sysprof-6 -I/usr/include/gusb-1 -I/usr/include/libusb-1.0 -I/usr/include/json-glib-1.0 -fdiagnostics-color=always -D_FILE_OFFSET_BITS=64 -Wall -Winvalid-pch -std=gnu99 -Wall -Wcast-align -Wformat-nonliteral -Wformat-security -Wformat=2 -Wignored-qualifiers -Wlogical-op -Wmissing-declarations -Wmissing-format-attribute -Wmissing-include-dirs -Wmissing-noreturn -Wpointer-arith -Wshadow -Wswitch-enum -Wtype-limits -Wundef -Wunused -Werror=address -Werror=empty-body -Werror=init-self -Werror=int-to-pointer-cast -Werror=main -Werror=missing-braces -Werror=nonnull -Werror=redundant-decls -Werror=return-type -Werror=sequence-point -Werror=trigraphs -Werror=write-strings -fno-strict-aliasing -DGLIB_VERSION_MIN_REQUIRED=GLIB_VERSION_2_56 -DGLIB_VERSION_MAX_ALLOWED=GLIB_VERSION_2_56 -D_GNU_SOURCE '-DG_LOG_DOMAIN="libfprint"' -Wimplicit-function-declaration -Wmissing-prototypes -Wnested-externs -Wold-style-definition -Wstrict-prototypes -Werror=implicit -Werror=pointer-to-int-cast -O2 -flto=auto -ffat-lto-objects -fexceptions -g -grecord-gcc-switches -pipe -Wall -Werror=format-security -Wp,-U_FORTIFY_SOURCE,-D_FORTIFY_SOURCE=3 -Wp,-D_GLIBCXX_ASSERTIONS -specs=/usr/lib/rpm/redhat/redhat-hardened-cc1 -fstack-protector-strong -specs=/usr/lib/rpm/redhat/redhat-annobin-cc1 -m64 -march=x86-64 -mtune=generic -fasynchronous-unwind-tables -fstack-clash-protection -fcf-protection -mtls-dialect=gnu2 -fno-omit-frame-pointer -mno-omit-leaf-frame-pointer -fPIC -pthread -DWITH_GZFILEOP -Wno-error=redundant-decls -Wno-redundant-decls -Wno-discarded-qualifiers -Wno-array-bounds -Wno-array-parameter -MD -MQ libfprint/libnbis.a.p/nbis_mindtct_minutia.c.o -MF libfprint/libnbis.a.p/nbis_mindtct_minutia.c.o.d -o libfprint/libnbis.a.p/nbis_mindtct_minutia.c.o -c ../libfprint/nbis/mindtct/minutia.c
[31/101] gcc -Ilibfprint/libnbis.a.p -Ilibfprint -I../libfprint -I. -I.. -Ilibfprint/nbis/include -I../libfprint/nbis/include -Ilibfprint/nbis/libfprint-include -I../libfprint/nbis/libfprint-include -I/usr/include/gio-unix-2.0 -I/usr/include/glib-2.0 -I/usr/lib64/glib-2.0/include -I/usr/include/libmount -I/usr/include/blkid -I/usr/include/sysprof-6 -I/usr/include/gusb-1 -I/usr/include/libusb-1.0 -I/usr/include/json-glib-1.0 -fdiagnostics-color=always -D_FILE_OFFSET_BITS=64 -Wall -Winvalid-pch -std=gnu99 -Wall -Wcast-align -Wformat-nonliteral -Wformat-security -Wformat=2 -Wignored-qualifiers -Wlogical-op -Wmissing-declarations -Wmissing-format-attribute -Wmissing-include-dirs -Wmissing-noreturn -Wpointer-arith -Wshadow -Wswitch-enum -Wtype-limits -Wundef -Wunused -Werror=address -Werror=empty-body -Werror=init-self -Werror=int-to-pointer-cast -Werror=main -Werror=missing-braces -Werror=nonnull -Werror=redundant-decls -Werror=return-type -Werror=sequence-point -Werror=trigraphs -Werror=write-strings -fno-strict-aliasing -DGLIB_VERSION_MIN_REQUIRED=GLIB_VERSION_2_56 -DGLIB_VERSION_MAX_ALLOWED=GLIB_VERSION_2_56 -D_GNU_SOURCE '-DG_LOG_DOMAIN="libfprint"' -Wimplicit-function-declaration -Wmissing-prototypes -Wnested-externs -Wold-style-definition -Wstrict-prototypes -Werror=implicit -Werror=pointer-to-int-cast -O2 -flto=auto -ffat-lto-objects -fexceptions -g -grecord-gcc-switches -pipe -Wall -Werror=format-security -Wp,-U_FORTIFY_SOURCE,-D_FORTIFY_SOURCE=3 -Wp,-D_GLIBCXX_ASSERTIONS -specs=/usr/lib/rpm/redhat/redhat-hardened-cc1 -fstack-protector-strong -specs=/usr/lib/rpm/redhat/redhat-annobin-cc1 -m64 -march=x86-64 -mtune=generic -fasynchronous-unwind-tables -fstack-clash-protection -fcf-protection -mtls-dialect=gnu2 -fno-omit-frame-pointer -mno-omit-leaf-frame-pointer -fPIC -pthread -DWITH_GZFILEOP -Wno-error=redundant-decls -Wno-redundant-decls -Wno-discarded-qualifiers -Wno-array-bounds -Wno-array-parameter -MD -MQ libfprint/libnbis.a.p/nbis_mindtct_ridges.c.o -MF libfprint/libnbis.a.p/nbis_mindtct_ridges.c.o.d -o libfprint/libnbis.a.p/nbis_mindtct_ridges.c.o -c ../libfprint/nbis/mindtct/ridges.c
[32/101] gcc -Ilibfprint/libnbis.a.p -Ilibfprint -I../libfprint -I. -I.. -Ilibfprint/nbis/include -I../libfprint/nbis/include -Ilibfprint/nbis/libfprint-include -I../libfprint/nbis/libfprint-include -I/usr/include/gio-unix-2.0 -I/usr/include/glib-2.0 -I/usr/lib64/glib-2.0/include -I/usr/include/libmount -I/usr/include/blkid -I/usr/include/sysprof-6 -I/usr/include/gusb-1 -I/usr/include/libusb-1.0 -I/usr/include/json-glib-1.0 -fdiagnostics-color=always -D_FILE_OFFSET_BITS=64 -Wall -Winvalid-pch -std=gnu99 -Wall -Wcast-align -Wformat-nonliteral -Wformat-security -Wformat=2 -Wignored-qualifiers -Wlogical-op -Wmissing-declarations -Wmissing-format-attribute -Wmissing-include-dirs -Wmissing-noreturn -Wpointer-arith -Wshadow -Wswitch-enum -Wtype-limits -Wundef -Wunused -Werror=address -Werror=empty-body -Werror=init-self -Werror=int-to-pointer-cast -Werror=main -Werror=missing-braces -Werror=nonnull -Werror=redundant-decls -Werror=return-type -Werror=sequence-point -Werror=trigraphs -Werror=write-strings -fno-strict-aliasing -DGLIB_VERSION_MIN_REQUIRED=GLIB_VERSION_2_56 -DGLIB_VERSION_MAX_ALLOWED=GLIB_VERSION_2_56 -D_GNU_SOURCE '-DG_LOG_DOMAIN="libfprint"' -Wimplicit-function-declaration -Wmissing-prototypes -Wnested-externs -Wold-style-definition -Wstrict-prototypes -Werror=implicit -Werror=pointer-to-int-cast -O2 -flto=auto -ffat-lto-objects -fexceptions -g -grecord-gcc-switches -pipe -Wall -Werror=format-security -Wp,-U_FORTIFY_SOURCE,-D_FORTIFY_SOURCE=3 -Wp,-D_GLIBCXX_ASSERTIONS -specs=/usr/lib/rpm/redhat/redhat-hardened-cc1 -fstack-protector-strong -specs=/usr/lib/rpm/redhat/redhat-annobin-cc1 -m64 -march=x86-64 -mtune=generic -fasynchronous-unwind-tables -fstack-clash-protection -fcf-protection -mtls-dialect=gnu2 -fno-omit-frame-pointer -mno-omit-leaf-frame-pointer -fPIC -pthread -DWITH_GZFILEOP -Wno-error=redundant-decls -Wno-redundant-decls -Wno-discarded-qualifiers -Wno-array-bounds -Wno-array-parameter -MD -MQ libfprint/libnbis.a.p/nbis_mindtct_sort.c.o -MF libfprint/libnbis.a.p/nbis_mindtct_sort.c.o.d -o libfprint/libnbis.a.p/nbis_mindtct_sort.c.o -c ../libfprint/nbis/mindtct/sort.c
[33/101] gcc -Ilibfprint/libnbis.a.p -Ilibfprint -I../libfprint -I. -I.. -Ilibfprint/nbis/include -I../libfprint/nbis/include -Ilibfprint/nbis/libfprint-include -I../libfprint/nbis/libfprint-include -I/usr/include/gio-unix-2.0 -I/usr/include/glib-2.0 -I/usr/lib64/glib-2.0/include -I/usr/include/libmount -I/usr/include/blkid -I/usr/include/sysprof-6 -I/usr/include/gusb-1 -I/usr/include/libusb-1.0 -I/usr/include/json-glib-1.0 -fdiagnostics-color=always -D_FILE_OFFSET_BITS=64 -Wall -Winvalid-pch -std=gnu99 -Wall -Wcast-align -Wformat-nonliteral -Wformat-security -Wformat=2 -Wignored-qualifiers -Wlogical-op -Wmissing-declarations -Wmissing-format-attribute -Wmissing-include-dirs -Wmissing-noreturn -Wpointer-arith -Wshadow -Wswitch-enum -Wtype-limits -Wundef -Wunused -Werror=address -Werror=empty-body -Werror=init-self -Werror=int-to-pointer-cast -Werror=main -Werror=missing-braces -Werror=nonnull -Werror=redundant-decls -Werror=return-type -Werror=sequence-point -Werror=trigraphs -Werror=write-strings -fno-strict-aliasing -DGLIB_VERSION_MIN_REQUIRED=GLIB_VERSION_2_56 -DGLIB_VERSION_MAX_ALLOWED=GLIB_VERSION_2_56 -D_GNU_SOURCE '-DG_LOG_DOMAIN="libfprint"' -Wimplicit-function-declaration -Wmissing-prototypes -Wnested-externs -Wold-style-definition -Wstrict-prototypes -Werror=implicit -Werror=pointer-to-int-cast -O2 -flto=auto -ffat-lto-objects -fexceptions -g -grecord-gcc-switches -pipe -Wall -Werror=format-security -Wp,-U_FORTIFY_SOURCE,-D_FORTIFY_SOURCE=3 -Wp,-D_GLIBCXX_ASSERTIONS -specs=/usr/lib/rpm/redhat/redhat-hardened-cc1 -fstack-protector-strong -specs=/usr/lib/rpm/redhat/redhat-annobin-cc1 -m64 -march=x86-64 -mtune=generic -fasynchronous-unwind-tables -fstack-clash-protection -fcf-protection -mtls-dialect=gnu2 -fno-omit-frame-pointer -mno-omit-leaf-frame-pointer -fPIC -pthread -DWITH_GZFILEOP -Wno-error=redundant-decls -Wno-redundant-decls -Wno-discarded-qualifiers -Wno-array-bounds -Wno-array-parameter -MD -MQ libfprint/libnbis.a.p/nbis_mindtct_xytreps.c.o -MF libfprint/libnbis.a.p/nbis_mindtct_xytreps.c.o.d -o libfprint/libnbis.a.p/nbis_mindtct_xytreps.c.o -c ../libfprint/nbis/mindtct/xytreps.c
[34/101] gcc -Ilibfprint/libnbis.a.p -Ilibfprint -I../libfprint -I. -I.. -Ilibfprint/nbis/include -I../libfprint/nbis/include -Ilibfprint/nbis/libfprint-include -I../libfprint/nbis/libfprint-include -I/usr/include/gio-unix-2.0 -I/usr/include/glib-2.0 -I/usr/lib64/glib-2.0/include -I/usr/include/libmount -I/usr/include/blkid -I/usr/include/sysprof-6 -I/usr/include/gusb-1 -I/usr/include/libusb-1.0 -I/usr/include/json-glib-1.0 -fdiagnostics-color=always -D_FILE_OFFSET_BITS=64 -Wall -Winvalid-pch -std=gnu99 -Wall -Wcast-align -Wformat-nonliteral -Wformat-security -Wformat=2 -Wignored-qualifiers -Wlogical-op -Wmissing-declarations -Wmissing-format-attribute -Wmissing-include-dirs -Wmissing-noreturn -Wpointer-arith -Wshadow -Wswitch-enum -Wtype-limits -Wundef -Wunused -Werror=address -Werror=empty-body -Werror=init-self -Werror=int-to-pointer-cast -Werror=main -Werror=missing-braces -Werror=nonnull -Werror=redundant-decls -Werror=return-type -Werror=sequence-point -Werror=trigraphs -Werror=write-strings -fno-strict-aliasing -DGLIB_VERSION_MIN_REQUIRED=GLIB_VERSION_2_56 -DGLIB_VERSION_MAX_ALLOWED=GLIB_VERSION_2_56 -D_GNU_SOURCE '-DG_LOG_DOMAIN="libfprint"' -Wimplicit-function-declaration -Wmissing-prototypes -Wnested-externs -Wold-style-definition -Wstrict-prototypes -Werror=implicit -Werror=pointer-to-int-cast -O2 -flto=auto -ffat-lto-objects -fexceptions -g -grecord-gcc-switches -pipe -Wall -Werror=format-security -Wp,-U_FORTIFY_SOURCE,-D_FORTIFY_SOURCE=3 -Wp,-D_GLIBCXX_ASSERTIONS -specs=/usr/lib/rpm/redhat/redhat-hardened-cc1 -fstack-protector-strong -specs=/usr/lib/rpm/redhat/redhat-annobin-cc1 -m64 -march=x86-64 -mtune=generic -fasynchronous-unwind-tables -fstack-clash-protection -fcf-protection -mtls-dialect=gnu2 -fno-omit-frame-pointer -mno-omit-leaf-frame-pointer -fPIC -pthread -DWITH_GZFILEOP -Wno-error=redundant-decls -Wno-redundant-decls -Wno-discarded-qualifiers -Wno-array-bounds -Wno-array-parameter -MD -MQ libfprint/libnbis.a.p/nbis_mindtct_util.c.o -MF libfprint/libnbis.a.p/nbis_mindtct_util.c.o.d -o libfprint/libnbis.a.p/nbis_mindtct_util.c.o -c ../libfprint/nbis/mindtct/util.c
[35/101] gcc -Ilibfprint/libnbis.a.p -Ilibfprint -I../libfprint -I. -I.. -Ilibfprint/nbis/include -I../libfprint/nbis/include -Ilibfprint/nbis/libfprint-include -I../libfprint/nbis/libfprint-include -I/usr/include/gio-unix-2.0 -I/usr/include/glib-2.0 -I/usr/lib64/glib-2.0/include -I/usr/include/libmount -I/usr/include/blkid -I/usr/include/sysprof-6 -I/usr/include/gusb-1 -I/usr/include/libusb-1.0 -I/usr/include/json-glib-1.0 -fdiagnostics-color=always -D_FILE_OFFSET_BITS=64 -Wall -Winvalid-pch -std=gnu99 -Wall -Wcast-align -Wformat-nonliteral -Wformat-security -Wformat=2 -Wignored-qualifiers -Wlogical-op -Wmissing-declarations -Wmissing-format-attribute -Wmissing-include-dirs -Wmissing-noreturn -Wpointer-arith -Wshadow -Wswitch-enum -Wtype-limits -Wundef -Wunused -Werror=address -Werror=empty-body -Werror=init-self -Werror=int-to-pointer-cast -Werror=main -Werror=missing-braces -Werror=nonnull -Werror=redundant-decls -Werror=return-type -Werror=sequence-point -Werror=trigraphs -Werror=write-strings -fno-strict-aliasing -DGLIB_VERSION_MIN_REQUIRED=GLIB_VERSION_2_56 -DGLIB_VERSION_MAX_ALLOWED=GLIB_VERSION_2_56 -D_GNU_SOURCE '-DG_LOG_DOMAIN="libfprint"' -Wimplicit-function-declaration -Wmissing-prototypes -Wnested-externs -Wold-style-definition -Wstrict-prototypes -Werror=implicit -Werror=pointer-to-int-cast -O2 -flto=auto -ffat-lto-objects -fexceptions -g -grecord-gcc-switches -pipe -Wall -Werror=format-security -Wp,-U_FORTIFY_SOURCE,-D_FORTIFY_SOURCE=3 -Wp,-D_GLIBCXX_ASSERTIONS -specs=/usr/lib/rpm/redhat/redhat-hardened-cc1 -fstack-protector-strong -specs=/usr/lib/rpm/redhat/redhat-annobin-cc1 -m64 -march=x86-64 -mtune=generic -fasynchronous-unwind-tables -fstack-clash-protection -fcf-protection -mtls-dialect=gnu2 -fno-omit-frame-pointer -mno-omit-leaf-frame-pointer -fPIC -pthread -DWITH_GZFILEOP -Wno-error=redundant-decls -Wno-redundant-decls -Wno-discarded-qualifiers -Wno-array-bounds -Wno-array-parameter -MD -MQ libfprint/libnbis.a.p/nbis_mindtct_maps.c.o -MF libfprint/libnbis.a.p/nbis_mindtct_maps.c.o.d -o libfprint/libnbis.a.p/nbis_mindtct_maps.c.o -c ../libfprint/nbis/mindtct/maps.c
[36/101] gcc -Ilibfprint/libfprint-private.a.p -Ilibfprint -I../libfprint -I. -I.. -Ilibfprint/nbis/include -I../libfprint/nbis/include -Ilibfprint/nbis/libfprint-include -I../libfprint/nbis/libfprint-include -I/usr/include/gio-unix-2.0 -I/usr/include/glib-2.0 -I/usr/lib64/glib-2.0/include -I/usr/include/libmount -I/usr/include/blkid -I/usr/include/sysprof-6 -I/usr/include/gusb-1 -I/usr/include/libusb-1.0 -I/usr/include/json-glib-1.0 -fdiagnostics-color=always -D_FILE_OFFSET_BITS=64 -Wall -Winvalid-pch -std=gnu99 -Wall -Wcast-align -Wformat-nonliteral -Wformat-security -Wformat=2 -Wignored-qualifiers -Wlogical-op -Wmissing-declarations -Wmissing-format-attribute -Wmissing-include-dirs -Wmissing-noreturn -Wpointer-arith -Wshadow -Wswitch-enum -Wtype-limits -Wundef -Wunused -Werror=address -Werror=empty-body -Werror=init-self -Werror=int-to-pointer-cast -Werror=main -Werror=missing-braces -Werror=nonnull -Werror=redundant-decls -Werror=return-type -Werror=sequence-point -Werror=trigraphs -Werror=write-strings -fno-strict-aliasing -DGLIB_VERSION_MIN_REQUIRED=GLIB_VERSION_2_56 -DGLIB_VERSION_MAX_ALLOWED=GLIB_VERSION_2_56 -D_GNU_SOURCE '-DG_LOG_DOMAIN="libfprint"' -Wimplicit-function-declaration -Wmissing-prototypes -Wnested-externs -Wold-style-definition -Wstrict-prototypes -Werror=implicit -Werror=pointer-to-int-cast -O2 -flto=auto -ffat-lto-objects -fexceptions -g -grecord-gcc-switches -pipe -Wall -Werror=format-security -Wp,-U_FORTIFY_SOURCE,-D_FORTIFY_SOURCE=3 -Wp,-D_GLIBCXX_ASSERTIONS -specs=/usr/lib/rpm/redhat/redhat-hardened-cc1 -fstack-protector-strong -specs=/usr/lib/rpm/redhat/redhat-annobin-cc1 -m64 -march=x86-64 -mtune=generic -fasynchronous-unwind-tables -fstack-clash-protection -fcf-protection -mtls-dialect=gnu2 -fno-omit-frame-pointer -mno-omit-leaf-frame-pointer -fPIC -pthread -DWITH_GZFILEOP -MD -MQ libfprint/libfprint-private.a.p/meson-generated_.._fpi-enums.c.o -MF libfprint/libfprint-private.a.p/meson-generated_.._fpi-enums.c.o.d -o libfprint/libfprint-private.a.p/meson-generated_.._fpi-enums.c.o -c libfprint/fpi-enums.c
[37/101] gcc -Ilibfprint/libnbis.a.p -Ilibfprint -I../libfprint -I. -I.. -Ilibfprint/nbis/include -I../libfprint/nbis/include -Ilibfprint/nbis/libfprint-include -I../libfprint/nbis/libfprint-include -I/usr/include/gio-unix-2.0 -I/usr/include/glib-2.0 -I/usr/lib64/glib-2.0/include -I/usr/include/libmount -I/usr/include/blkid -I/usr/include/sysprof-6 -I/usr/include/gusb-1 -I/usr/include/libusb-1.0 -I/usr/include/json-glib-1.0 -fdiagnostics-color=always -D_FILE_OFFSET_BITS=64 -Wall -Winvalid-pch -std=gnu99 -Wall -Wcast-align -Wformat-nonliteral -Wformat-security -Wformat=2 -Wignored-qualifiers -Wlogical-op -Wmissing-declarations -Wmissing-format-attribute -Wmissing-include-dirs -Wmissing-noreturn -Wpointer-arith -Wshadow -Wswitch-enum -Wtype-limits -Wundef -Wunused -Werror=address -Werror=empty-body -Werror=init-self -Werror=int-to-pointer-cast -Werror=main -Werror=missing-braces -Werror=nonnull -Werror=redundant-decls -Werror=return-type -Werror=sequence-point -Werror=trigraphs -Werror=write-strings -fno-strict-aliasing -DGLIB_VERSION_MIN_REQUIRED=GLIB_VERSION_2_56 -DGLIB_VERSION_MAX_ALLOWED=GLIB_VERSION_2_56 -D_GNU_SOURCE '-DG_LOG_DOMAIN="libfprint"' -Wimplicit-function-declaration -Wmissing-prototypes -Wnested-externs -Wold-style-definition -Wstrict-prototypes -Werror=implicit -Werror=pointer-to-int-cast -O2 -flto=auto -ffat-lto-objects -fexceptions -g -grecord-gcc-switches -pipe -Wall -Werror=format-security -Wp,-U_FORTIFY_SOURCE,-D_FORTIFY_SOURCE=3 -Wp,-D_GLIBCXX_ASSERTIONS -specs=/usr/lib/rpm/redhat/redhat-hardened-cc1 -fstack-protector-strong -specs=/usr/lib/rpm/redhat/redhat-annobin-cc1 -m64 -march=x86-64 -mtune=generic -fasynchronous-unwind-tables -fstack-clash-protection -fcf-protection -mtls-dialect=gnu2 -fno-omit-frame-pointer -mno-omit-leaf-frame-pointer -fPIC -pthread -DWITH_GZFILEOP -Wno-error=redundant-decls -Wno-redundant-decls -Wno-discarded-qualifiers -Wno-array-bounds -Wno-array-parameter -MD -MQ libfprint/libnbis.a.p/nbis_mindtct_remove.c.o -MF libfprint/libnbis.a.p/nbis_mindtct_remove.c.o.d -o libfprint/libnbis.a.p/nbis_mindtct_remove.c.o -c ../libfprint/nbis/mindtct/remove.c
../libfprint/nbis/mindtct/remove.c: In function ‘remove_perimeter_pts’:
../libfprint/nbis/mindtct/remove.c:1377:9: warning: variable ‘removed’ set but not used [-Wunused-but-set-variable=]
 1377 |     int removed = 0;
      |         ^~~~~~~
[38/101] gcc -Ilibfprint/libfprint-private.a.p -Ilibfprint -I../libfprint -I. -I.. -Ilibfprint/nbis/include -I../libfprint/nbis/include -Ilibfprint/nbis/libfprint-include -I../libfprint/nbis/libfprint-include -I/usr/include/gio-unix-2.0 -I/usr/include/glib-2.0 -I/usr/lib64/glib-2.0/include -I/usr/include/libmount -I/usr/include/blkid -I/usr/include/sysprof-6 -I/usr/include/gusb-1 -I/usr/include/libusb-1.0 -I/usr/include/json-glib-1.0 -fdiagnostics-color=always -D_FILE_OFFSET_BITS=64 -Wall -Winvalid-pch -std=gnu99 -Wall -Wcast-align -Wformat-nonliteral -Wformat-security -Wformat=2 -Wignored-qualifiers -Wlogical-op -Wmissing-declarations -Wmissing-format-attribute -Wmissing-include-dirs -Wmissing-noreturn -Wpointer-arith -Wshadow -Wswitch-enum -Wtype-limits -Wundef -Wunused -Werror=address -Werror=empty-body -Werror=init-self -Werror=int-to-pointer-cast -Werror=main -Werror=missing-braces -Werror=nonnull -Werror=redundant-decls -Werror=return-type -Werror=sequence-point -Werror=trigraphs -Werror=write-strings -fno-strict-aliasing -DGLIB_VERSION_MIN_REQUIRED=GLIB_VERSION_2_56 -DGLIB_VERSION_MAX_ALLOWED=GLIB_VERSION_2_56 -D_GNU_SOURCE '-DG_LOG_DOMAIN="libfprint"' -Wimplicit-function-declaration -Wmissing-prototypes -Wnested-externs -Wold-style-definition -Wstrict-prototypes -Werror=implicit -Werror=pointer-to-int-cast -O2 -flto=auto -ffat-lto-objects -fexceptions -g -grecord-gcc-switches -pipe -Wall -Werror=format-security -Wp,-U_FORTIFY_SOURCE,-D_FORTIFY_SOURCE=3 -Wp,-D_GLIBCXX_ASSERTIONS -specs=/usr/lib/rpm/redhat/redhat-hardened-cc1 -fstack-protector-strong -specs=/usr/lib/rpm/redhat/redhat-annobin-cc1 -m64 -march=x86-64 -mtune=generic -fasynchronous-unwind-tables -fstack-clash-protection -fcf-protection -mtls-dialect=gnu2 -fno-omit-frame-pointer -mno-omit-leaf-frame-pointer -fPIC -pthread -DWITH_GZFILEOP -MD -MQ libfprint/libfprint-private.a.p/fpi-assembling.c.o -MF libfprint/libfprint-private.a.p/fpi-assembling.c.o.d -o libfprint/libfprint-private.a.p/fpi-assembling.c.o -c ../libfprint/fpi-assembling.c
[39/101] gcc -Ilibfprint/libfprint-private.a.p -Ilibfprint -I../libfprint -I. -I.. -Ilibfprint/nbis/include -I../libfprint/nbis/include -Ilibfprint/nbis/libfprint-include -I../libfprint/nbis/libfprint-include -I/usr/include/gio-unix-2.0 -I/usr/include/glib-2.0 -I/usr/lib64/glib-2.0/include -I/usr/include/libmount -I/usr/include/blkid -I/usr/include/sysprof-6 -I/usr/include/gusb-1 -I/usr/include/libusb-1.0 -I/usr/include/json-glib-1.0 -fdiagnostics-color=always -D_FILE_OFFSET_BITS=64 -Wall -Winvalid-pch -std=gnu99 -Wall -Wcast-align -Wformat-nonliteral -Wformat-security -Wformat=2 -Wignored-qualifiers -Wlogical-op -Wmissing-declarations -Wmissing-format-attribute -Wmissing-include-dirs -Wmissing-noreturn -Wpointer-arith -Wshadow -Wswitch-enum -Wtype-limits -Wundef -Wunused -Werror=address -Werror=empty-body -Werror=init-self -Werror=int-to-pointer-cast -Werror=main -Werror=missing-braces -Werror=nonnull -Werror=redundant-decls -Werror=return-type -Werror=sequence-point -Werror=trigraphs -Werror=write-strings -fno-strict-aliasing -DGLIB_VERSION_MIN_REQUIRED=GLIB_VERSION_2_56 -DGLIB_VERSION_MAX_ALLOWED=GLIB_VERSION_2_56 -D_GNU_SOURCE '-DG_LOG_DOMAIN="libfprint"' -Wimplicit-function-declaration -Wmissing-prototypes -Wnested-externs -Wold-style-definition -Wstrict-prototypes -Werror=implicit -Werror=pointer-to-int-cast -O2 -flto=auto -ffat-lto-objects -fexceptions -g -grecord-gcc-switches -pipe -Wall -Werror=format-security -Wp,-U_FORTIFY_SOURCE,-D_FORTIFY_SOURCE=3 -Wp,-D_GLIBCXX_ASSERTIONS -specs=/usr/lib/rpm/redhat/redhat-hardened-cc1 -fstack-protector-strong -specs=/usr/lib/rpm/redhat/redhat-annobin-cc1 -m64 -march=x86-64 -mtune=generic -fasynchronous-unwind-tables -fstack-clash-protection -fcf-protection -mtls-dialect=gnu2 -fno-omit-frame-pointer -mno-omit-leaf-frame-pointer -fPIC -pthread -DWITH_GZFILEOP -MD -MQ libfprint/libfprint-private.a.p/fpi-image.c.o -MF libfprint/libfprint-private.a.p/fpi-image.c.o.d -o libfprint/libfprint-private.a.p/fpi-image.c.o -c ../libfprint/fpi-image.c
[40/101] gcc -Ilibfprint/libfprint-private.a.p -Ilibfprint -I../libfprint -I. -I.. -Ilibfprint/nbis/include -I../libfprint/nbis/include -Ilibfprint/nbis/libfprint-include -I../libfprint/nbis/libfprint-include -I/usr/include/gio-unix-2.0 -I/usr/include/glib-2.0 -I/usr/lib64/glib-2.0/include -I/usr/include/libmount -I/usr/include/blkid -I/usr/include/sysprof-6 -I/usr/include/gusb-1 -I/usr/include/libusb-1.0 -I/usr/include/json-glib-1.0 -fdiagnostics-color=always -D_FILE_OFFSET_BITS=64 -Wall -Winvalid-pch -std=gnu99 -Wall -Wcast-align -Wformat-nonliteral -Wformat-security -Wformat=2 -Wignored-qualifiers -Wlogical-op -Wmissing-declarations -Wmissing-format-attribute -Wmissing-include-dirs -Wmissing-noreturn -Wpointer-arith -Wshadow -Wswitch-enum -Wtype-limits -Wundef -Wunused -Werror=address -Werror=empty-body -Werror=init-self -Werror=int-to-pointer-cast -Werror=main -Werror=missing-braces -Werror=nonnull -Werror=redundant-decls -Werror=return-type -Werror=sequence-point -Werror=trigraphs -Werror=write-strings -fno-strict-aliasing -DGLIB_VERSION_MIN_REQUIRED=GLIB_VERSION_2_56 -DGLIB_VERSION_MAX_ALLOWED=GLIB_VERSION_2_56 -D_GNU_SOURCE '-DG_LOG_DOMAIN="libfprint"' -Wimplicit-function-declaration -Wmissing-prototypes -Wnested-externs -Wold-style-definition -Wstrict-prototypes -Werror=implicit -Werror=pointer-to-int-cast -O2 -flto=auto -ffat-lto-objects -fexceptions -g -grecord-gcc-switches -pipe -Wall -Werror=format-security -Wp,-U_FORTIFY_SOURCE,-D_FORTIFY_SOURCE=3 -Wp,-D_GLIBCXX_ASSERTIONS -specs=/usr/lib/rpm/redhat/redhat-hardened-cc1 -fstack-protector-strong -specs=/usr/lib/rpm/redhat/redhat-annobin-cc1 -m64 -march=x86-64 -mtune=generic -fasynchronous-unwind-tables -fstack-clash-protection -fcf-protection -mtls-dialect=gnu2 -fno-omit-frame-pointer -mno-omit-leaf-frame-pointer -fPIC -pthread -DWITH_GZFILEOP -MD -MQ libfprint/libfprint-private.a.p/fpi-image-device.c.o -MF libfprint/libfprint-private.a.p/fpi-image-device.c.o.d -o libfprint/libfprint-private.a.p/fpi-image-device.c.o -c ../libfprint/fpi-image-device.c
../libfprint/fpi-image-device.c: In function ‘fpi_image_device_minutiae_detected’:
../libfprint/fpi-image-device.c:345:9: warning: ‘result’ may be used uninitialized [-Wmaybe-uninitialized]
  345 |         fpi_device_verify_report (device, result, g_steal_pointer (&print), g_steal_pointer (&error));
      |         ^~~~~~~~~~~~~~~~~~~~~~~~~~~~~~~~~~~~~~~~~~~~~~~~~~~~~~~~~~~~~~~~~~~~~~~~~~~~~~~~~~~~~~~~~~~~~
../libfprint/fpi-image-device.c:327:22: note: ‘result’ was declared here
  327 |       FpiMatchResult result;
      |                      ^~~~~~
[41/101] gcc -Ilibfprint/libfprint-private.a.p -Ilibfprint -I../libfprint -I. -I.. -Ilibfprint/nbis/include -I../libfprint/nbis/include -Ilibfprint/nbis/libfprint-include -I../libfprint/nbis/libfprint-include -I/usr/include/gio-unix-2.0 -I/usr/include/glib-2.0 -I/usr/lib64/glib-2.0/include -I/usr/include/libmount -I/usr/include/blkid -I/usr/include/sysprof-6 -I/usr/include/gusb-1 -I/usr/include/libusb-1.0 -I/usr/include/json-glib-1.0 -fdiagnostics-color=always -D_FILE_OFFSET_BITS=64 -Wall -Winvalid-pch -std=gnu99 -Wall -Wcast-align -Wformat-nonliteral -Wformat-security -Wformat=2 -Wignored-qualifiers -Wlogical-op -Wmissing-declarations -Wmissing-format-attribute -Wmissing-include-dirs -Wmissing-noreturn -Wpointer-arith -Wshadow -Wswitch-enum -Wtype-limits -Wundef -Wunused -Werror=address -Werror=empty-body -Werror=init-self -Werror=int-to-pointer-cast -Werror=main -Werror=missing-braces -Werror=nonnull -Werror=redundant-decls -Werror=return-type -Werror=sequence-point -Werror=trigraphs -Werror=write-strings -fno-strict-aliasing -DGLIB_VERSION_MIN_REQUIRED=GLIB_VERSION_2_56 -DGLIB_VERSION_MAX_ALLOWED=GLIB_VERSION_2_56 -D_GNU_SOURCE '-DG_LOG_DOMAIN="libfprint"' -Wimplicit-function-declaration -Wmissing-prototypes -Wnested-externs -Wold-style-definition -Wstrict-prototypes -Werror=implicit -Werror=pointer-to-int-cast -O2 -flto=auto -ffat-lto-objects -fexceptions -g -grecord-gcc-switches -pipe -Wall -Werror=format-security -Wp,-U_FORTIFY_SOURCE,-D_FORTIFY_SOURCE=3 -Wp,-D_GLIBCXX_ASSERTIONS -specs=/usr/lib/rpm/redhat/redhat-hardened-cc1 -fstack-protector-strong -specs=/usr/lib/rpm/redhat/redhat-annobin-cc1 -m64 -march=x86-64 -mtune=generic -fasynchronous-unwind-tables -fstack-clash-protection -fcf-protection -mtls-dialect=gnu2 -fno-omit-frame-pointer -mno-omit-leaf-frame-pointer -fPIC -pthread -DWITH_GZFILEOP -MD -MQ libfprint/libfprint-private.a.p/fpi-print.c.o -MF libfprint/libfprint-private.a.p/fpi-print.c.o.d -o libfprint/libfprint-private.a.p/fpi-print.c.o -c ../libfprint/fpi-print.c
[42/101] gcc -Ilibfprint/libfprint-private.a.p -Ilibfprint -I../libfprint -I. -I.. -Ilibfprint/nbis/include -I../libfprint/nbis/include -Ilibfprint/nbis/libfprint-include -I../libfprint/nbis/libfprint-include -I/usr/include/gio-unix-2.0 -I/usr/include/glib-2.0 -I/usr/lib64/glib-2.0/include -I/usr/include/libmount -I/usr/include/blkid -I/usr/include/sysprof-6 -I/usr/include/gusb-1 -I/usr/include/libusb-1.0 -I/usr/include/json-glib-1.0 -fdiagnostics-color=always -D_FILE_OFFSET_BITS=64 -Wall -Winvalid-pch -std=gnu99 -Wall -Wcast-align -Wformat-nonliteral -Wformat-security -Wformat=2 -Wignored-qualifiers -Wlogical-op -Wmissing-declarations -Wmissing-format-attribute -Wmissing-include-dirs -Wmissing-noreturn -Wpointer-arith -Wshadow -Wswitch-enum -Wtype-limits -Wundef -Wunused -Werror=address -Werror=empty-body -Werror=init-self -Werror=int-to-pointer-cast -Werror=main -Werror=missing-braces -Werror=nonnull -Werror=redundant-decls -Werror=return-type -Werror=sequence-point -Werror=trigraphs -Werror=write-strings -fno-strict-aliasing -DGLIB_VERSION_MIN_REQUIRED=GLIB_VERSION_2_56 -DGLIB_VERSION_MAX_ALLOWED=GLIB_VERSION_2_56 -D_GNU_SOURCE '-DG_LOG_DOMAIN="libfprint"' -Wimplicit-function-declaration -Wmissing-prototypes -Wnested-externs -Wold-style-definition -Wstrict-prototypes -Werror=implicit -Werror=pointer-to-int-cast -O2 -flto=auto -ffat-lto-objects -fexceptions -g -grecord-gcc-switches -pipe -Wall -Werror=format-security -Wp,-U_FORTIFY_SOURCE,-D_FORTIFY_SOURCE=3 -Wp,-D_GLIBCXX_ASSERTIONS -specs=/usr/lib/rpm/redhat/redhat-hardened-cc1 -fstack-protector-strong -specs=/usr/lib/rpm/redhat/redhat-annobin-cc1 -m64 -march=x86-64 -mtune=generic -fasynchronous-unwind-tables -fstack-clash-protection -fcf-protection -mtls-dialect=gnu2 -fno-omit-frame-pointer -mno-omit-leaf-frame-pointer -fPIC -pthread -DWITH_GZFILEOP -MD -MQ libfprint/libfprint-private.a.p/fpi-byte-reader.c.o -MF libfprint/libfprint-private.a.p/fpi-byte-reader.c.o.d -o libfprint/libfprint-private.a.p/fpi-byte-reader.c.o -c ../libfprint/fpi-byte-reader.c
[43/101] gcc -Ilibfprint/libfprint-private.a.p -Ilibfprint -I../libfprint -I. -I.. -Ilibfprint/nbis/include -I../libfprint/nbis/include -Ilibfprint/nbis/libfprint-include -I../libfprint/nbis/libfprint-include -I/usr/include/gio-unix-2.0 -I/usr/include/glib-2.0 -I/usr/lib64/glib-2.0/include -I/usr/include/libmount -I/usr/include/blkid -I/usr/include/sysprof-6 -I/usr/include/gusb-1 -I/usr/include/libusb-1.0 -I/usr/include/json-glib-1.0 -fdiagnostics-color=always -D_FILE_OFFSET_BITS=64 -Wall -Winvalid-pch -std=gnu99 -Wall -Wcast-align -Wformat-nonliteral -Wformat-security -Wformat=2 -Wignored-qualifiers -Wlogical-op -Wmissing-declarations -Wmissing-format-attribute -Wmissing-include-dirs -Wmissing-noreturn -Wpointer-arith -Wshadow -Wswitch-enum -Wtype-limits -Wundef -Wunused -Werror=address -Werror=empty-body -Werror=init-self -Werror=int-to-pointer-cast -Werror=main -Werror=missing-braces -Werror=nonnull -Werror=redundant-decls -Werror=return-type -Werror=sequence-point -Werror=trigraphs -Werror=write-strings -fno-strict-aliasing -DGLIB_VERSION_MIN_REQUIRED=GLIB_VERSION_2_56 -DGLIB_VERSION_MAX_ALLOWED=GLIB_VERSION_2_56 -D_GNU_SOURCE '-DG_LOG_DOMAIN="libfprint"' -Wimplicit-function-declaration -Wmissing-prototypes -Wnested-externs -Wold-style-definition -Wstrict-prototypes -Werror=implicit -Werror=pointer-to-int-cast -O2 -flto=auto -ffat-lto-objects -fexceptions -g -grecord-gcc-switches -pipe -Wall -Werror=format-security -Wp,-U_FORTIFY_SOURCE,-D_FORTIFY_SOURCE=3 -Wp,-D_GLIBCXX_ASSERTIONS -specs=/usr/lib/rpm/redhat/redhat-hardened-cc1 -fstack-protector-strong -specs=/usr/lib/rpm/redhat/redhat-annobin-cc1 -m64 -march=x86-64 -mtune=generic -fasynchronous-unwind-tables -fstack-clash-protection -fcf-protection -mtls-dialect=gnu2 -fno-omit-frame-pointer -mno-omit-leaf-frame-pointer -fPIC -pthread -DWITH_GZFILEOP -MD -MQ libfprint/libfprint-private.a.p/fpi-ssm.c.o -MF libfprint/libfprint-private.a.p/fpi-ssm.c.o.d -o libfprint/libfprint-private.a.p/fpi-ssm.c.o -c ../libfprint/fpi-ssm.c
[44/101] gcc -Ilibfprint/libfprint-private.a.p -Ilibfprint -I../libfprint -I. -I.. -Ilibfprint/nbis/include -I../libfprint/nbis/include -Ilibfprint/nbis/libfprint-include -I../libfprint/nbis/libfprint-include -I/usr/include/gio-unix-2.0 -I/usr/include/glib-2.0 -I/usr/lib64/glib-2.0/include -I/usr/include/libmount -I/usr/include/blkid -I/usr/include/sysprof-6 -I/usr/include/gusb-1 -I/usr/include/libusb-1.0 -I/usr/include/json-glib-1.0 -fdiagnostics-color=always -D_FILE_OFFSET_BITS=64 -Wall -Winvalid-pch -std=gnu99 -Wall -Wcast-align -Wformat-nonliteral -Wformat-security -Wformat=2 -Wignored-qualifiers -Wlogical-op -Wmissing-declarations -Wmissing-format-attribute -Wmissing-include-dirs -Wmissing-noreturn -Wpointer-arith -Wshadow -Wswitch-enum -Wtype-limits -Wundef -Wunused -Werror=address -Werror=empty-body -Werror=init-self -Werror=int-to-pointer-cast -Werror=main -Werror=missing-braces -Werror=nonnull -Werror=redundant-decls -Werror=return-type -Werror=sequence-point -Werror=trigraphs -Werror=write-strings -fno-strict-aliasing -DGLIB_VERSION_MIN_REQUIRED=GLIB_VERSION_2_56 -DGLIB_VERSION_MAX_ALLOWED=GLIB_VERSION_2_56 -D_GNU_SOURCE '-DG_LOG_DOMAIN="libfprint"' -Wimplicit-function-declaration -Wmissing-prototypes -Wnested-externs -Wold-style-definition -Wstrict-prototypes -Werror=implicit -Werror=pointer-to-int-cast -O2 -flto=auto -ffat-lto-objects -fexceptions -g -grecord-gcc-switches -pipe -Wall -Werror=format-security -Wp,-U_FORTIFY_SOURCE,-D_FORTIFY_SOURCE=3 -Wp,-D_GLIBCXX_ASSERTIONS -specs=/usr/lib/rpm/redhat/redhat-hardened-cc1 -fstack-protector-strong -specs=/usr/lib/rpm/redhat/redhat-annobin-cc1 -m64 -march=x86-64 -mtune=generic -fasynchronous-unwind-tables -fstack-clash-protection -fcf-protection -mtls-dialect=gnu2 -fno-omit-frame-pointer -mno-omit-leaf-frame-pointer -fPIC -pthread -DWITH_GZFILEOP -MD -MQ libfprint/libfprint-private.a.p/fpi-byte-writer.c.o -MF libfprint/libfprint-private.a.p/fpi-byte-writer.c.o.d -o libfprint/libfprint-private.a.p/fpi-byte-writer.c.o -c ../libfprint/fpi-byte-writer.c
[45/101] gcc -Ilibfprint/libfprint-private.a.p -Ilibfprint -I../libfprint -I. -I.. -Ilibfprint/nbis/include -I../libfprint/nbis/include -Ilibfprint/nbis/libfprint-include -I../libfprint/nbis/libfprint-include -I/usr/include/gio-unix-2.0 -I/usr/include/glib-2.0 -I/usr/lib64/glib-2.0/include -I/usr/include/libmount -I/usr/include/blkid -I/usr/include/sysprof-6 -I/usr/include/gusb-1 -I/usr/include/libusb-1.0 -I/usr/include/json-glib-1.0 -fdiagnostics-color=always -D_FILE_OFFSET_BITS=64 -Wall -Winvalid-pch -std=gnu99 -Wall -Wcast-align -Wformat-nonliteral -Wformat-security -Wformat=2 -Wignored-qualifiers -Wlogical-op -Wmissing-declarations -Wmissing-format-attribute -Wmissing-include-dirs -Wmissing-noreturn -Wpointer-arith -Wshadow -Wswitch-enum -Wtype-limits -Wundef -Wunused -Werror=address -Werror=empty-body -Werror=init-self -Werror=int-to-pointer-cast -Werror=main -Werror=missing-braces -Werror=nonnull -Werror=redundant-decls -Werror=return-type -Werror=sequence-point -Werror=trigraphs -Werror=write-strings -fno-strict-aliasing -DGLIB_VERSION_MIN_REQUIRED=GLIB_VERSION_2_56 -DGLIB_VERSION_MAX_ALLOWED=GLIB_VERSION_2_56 -D_GNU_SOURCE '-DG_LOG_DOMAIN="libfprint"' -Wimplicit-function-declaration -Wmissing-prototypes -Wnested-externs -Wold-style-definition -Wstrict-prototypes -Werror=implicit -Werror=pointer-to-int-cast -O2 -flto=auto -ffat-lto-objects -fexceptions -g -grecord-gcc-switches -pipe -Wall -Werror=format-security -Wp,-U_FORTIFY_SOURCE,-D_FORTIFY_SOURCE=3 -Wp,-D_GLIBCXX_ASSERTIONS -specs=/usr/lib/rpm/redhat/redhat-hardened-cc1 -fstack-protector-strong -specs=/usr/lib/rpm/redhat/redhat-annobin-cc1 -m64 -march=x86-64 -mtune=generic -fasynchronous-unwind-tables -fstack-clash-protection -fcf-protection -mtls-dialect=gnu2 -fno-omit-frame-pointer -mno-omit-leaf-frame-pointer -fPIC -pthread -DWITH_GZFILEOP -MD -MQ libfprint/libfprint-private.a.p/fpi-usb-transfer.c.o -MF libfprint/libfprint-private.a.p/fpi-usb-transfer.c.o.d -o libfprint/libfprint-private.a.p/fpi-usb-transfer.c.o -c ../libfprint/fpi-usb-transfer.c
[46/101] gcc -Ilibfprint/libfprint-drivers.a.p -Ilibfprint -I../libfprint -I. -I.. -Ilibfprint/nbis/include -I../libfprint/nbis/include -Ilibfprint/nbis/libfprint-include -I../libfprint/nbis/libfprint-include -I/usr/include/gio-unix-2.0 -I/usr/include/glib-2.0 -I/usr/lib64/glib-2.0/include -I/usr/include/libmount -I/usr/include/blkid -I/usr/include/sysprof-6 -I/usr/include/gusb-1 -I/usr/include/libusb-1.0 -I/usr/include/json-glib-1.0 -fdiagnostics-color=always -D_FILE_OFFSET_BITS=64 -Wall -Winvalid-pch -std=gnu99 -Wall -Wcast-align -Wformat-nonliteral -Wformat-security -Wformat=2 -Wignored-qualifiers -Wlogical-op -Wmissing-declarations -Wmissing-format-attribute -Wmissing-include-dirs -Wmissing-noreturn -Wpointer-arith -Wshadow -Wswitch-enum -Wtype-limits -Wundef -Wunused -Werror=address -Werror=empty-body -Werror=init-self -Werror=int-to-pointer-cast -Werror=main -Werror=missing-braces -Werror=nonnull -Werror=redundant-decls -Werror=return-type -Werror=sequence-point -Werror=trigraphs -Werror=write-strings -fno-strict-aliasing -DGLIB_VERSION_MIN_REQUIRED=GLIB_VERSION_2_56 -DGLIB_VERSION_MAX_ALLOWED=GLIB_VERSION_2_56 -D_GNU_SOURCE '-DG_LOG_DOMAIN="libfprint"' -Wimplicit-function-declaration -Wmissing-prototypes -Wnested-externs -Wold-style-definition -Wstrict-prototypes -Werror=implicit -Werror=pointer-to-int-cast -O2 -flto=auto -ffat-lto-objects -fexceptions -g -grecord-gcc-switches -pipe -Wall -Werror=format-security -Wp,-U_FORTIFY_SOURCE,-D_FORTIFY_SOURCE=3 -Wp,-D_GLIBCXX_ASSERTIONS -specs=/usr/lib/rpm/redhat/redhat-hardened-cc1 -fstack-protector-strong -specs=/usr/lib/rpm/redhat/redhat-annobin-cc1 -m64 -march=x86-64 -mtune=generic -fasynchronous-unwind-tables -fstack-clash-protection -fcf-protection -mtls-dialect=gnu2 -fno-omit-frame-pointer -mno-omit-leaf-frame-pointer -fPIC -pthread -DWITH_GZFILEOP -MD -MQ libfprint/libfprint-drivers.a.p/drivers_goodixtls_goodix_proto.c.o -MF libfprint/libfprint-drivers.a.p/drivers_goodixtls_goodix_proto.c.o.d -o libfprint/libfprint-drivers.a.p/drivers_goodixtls_goodix_proto.c.o -c ../libfprint/drivers/goodixtls/goodix_proto.c
[47/101] gcc -Ilibfprint/libfprint-private.a.p -Ilibfprint -I../libfprint -I. -I.. -Ilibfprint/nbis/include -I../libfprint/nbis/include -Ilibfprint/nbis/libfprint-include -I../libfprint/nbis/libfprint-include -I/usr/include/gio-unix-2.0 -I/usr/include/glib-2.0 -I/usr/lib64/glib-2.0/include -I/usr/include/libmount -I/usr/include/blkid -I/usr/include/sysprof-6 -I/usr/include/gusb-1 -I/usr/include/libusb-1.0 -I/usr/include/json-glib-1.0 -fdiagnostics-color=always -D_FILE_OFFSET_BITS=64 -Wall -Winvalid-pch -std=gnu99 -Wall -Wcast-align -Wformat-nonliteral -Wformat-security -Wformat=2 -Wignored-qualifiers -Wlogical-op -Wmissing-declarations -Wmissing-format-attribute -Wmissing-include-dirs -Wmissing-noreturn -Wpointer-arith -Wshadow -Wswitch-enum -Wtype-limits -Wundef -Wunused -Werror=address -Werror=empty-body -Werror=init-self -Werror=int-to-pointer-cast -Werror=main -Werror=missing-braces -Werror=nonnull -Werror=redundant-decls -Werror=return-type -Werror=sequence-point -Werror=trigraphs -Werror=write-strings -fno-strict-aliasing -DGLIB_VERSION_MIN_REQUIRED=GLIB_VERSION_2_56 -DGLIB_VERSION_MAX_ALLOWED=GLIB_VERSION_2_56 -D_GNU_SOURCE '-DG_LOG_DOMAIN="libfprint"' -Wimplicit-function-declaration -Wmissing-prototypes -Wnested-externs -Wold-style-definition -Wstrict-prototypes -Werror=implicit -Werror=pointer-to-int-cast -O2 -flto=auto -ffat-lto-objects -fexceptions -g -grecord-gcc-switches -pipe -Wall -Werror=format-security -Wp,-U_FORTIFY_SOURCE,-D_FORTIFY_SOURCE=3 -Wp,-D_GLIBCXX_ASSERTIONS -specs=/usr/lib/rpm/redhat/redhat-hardened-cc1 -fstack-protector-strong -specs=/usr/lib/rpm/redhat/redhat-annobin-cc1 -m64 -march=x86-64 -mtune=generic -fasynchronous-unwind-tables -fstack-clash-protection -fcf-protection -mtls-dialect=gnu2 -fno-omit-frame-pointer -mno-omit-leaf-frame-pointer -fPIC -pthread -DWITH_GZFILEOP -MD -MQ libfprint/libfprint-private.a.p/fpi-spi-transfer.c.o -MF libfprint/libfprint-private.a.p/fpi-spi-transfer.c.o.d -o libfprint/libfprint-private.a.p/fpi-spi-transfer.c.o -c ../libfprint/fpi-spi-transfer.c
[48/101] rm -f libfprint/libnbis.a && gcc-ar csrDT libfprint/libnbis.a libfprint/libnbis.a.p/nbis_bozorth3_bozorth3.c.o libfprint/libnbis.a.p/nbis_bozorth3_bz_alloc.c.o libfprint/libnbis.a.p/nbis_bozorth3_bz_drvrs.c.o libfprint/libnbis.a.p/nbis_bozorth3_bz_gbls.c.o libfprint/libnbis.a.p/nbis_bozorth3_bz_io.c.o libfprint/libnbis.a.p/nbis_bozorth3_bz_sort.c.o libfprint/libnbis.a.p/nbis_mindtct_binar.c.o libfprint/libnbis.a.p/nbis_mindtct_block.c.o libfprint/libnbis.a.p/nbis_mindtct_chaincod.c.o libfprint/libnbis.a.p/nbis_mindtct_contour.c.o libfprint/libnbis.a.p/nbis_mindtct_detect.c.o libfprint/libnbis.a.p/nbis_mindtct_dft.c.o libfprint/libnbis.a.p/nbis_mindtct_free.c.o libfprint/libnbis.a.p/nbis_mindtct_getmin.c.o libfprint/libnbis.a.p/nbis_mindtct_globals.c.o libfprint/libnbis.a.p/nbis_mindtct_imgutil.c.o libfprint/libnbis.a.p/nbis_mindtct_init.c.o libfprint/libnbis.a.p/nbis_mindtct_line.c.o libfprint/libnbis.a.p/nbis_mindtct_link.c.o libfprint/libnbis.a.p/nbis_mindtct_log.c.o libfprint/libnbis.a.p/nbis_mindtct_loop.c.o libfprint/libnbis.a.p/nbis_mindtct_maps.c.o libfprint/libnbis.a.p/nbis_mindtct_matchpat.c.o libfprint/libnbis.a.p/nbis_mindtct_minutia.c.o libfprint/libnbis.a.p/nbis_mindtct_morph.c.o libfprint/libnbis.a.p/nbis_mindtct_quality.c.o libfprint/libnbis.a.p/nbis_mindtct_remove.c.o libfprint/libnbis.a.p/nbis_mindtct_ridges.c.o libfprint/libnbis.a.p/nbis_mindtct_shape.c.o libfprint/libnbis.a.p/nbis_mindtct_sort.c.o libfprint/libnbis.a.p/nbis_mindtct_util.c.o libfprint/libnbis.a.p/nbis_mindtct_xytreps.c.o
[49/101] gcc -Ilibfprint/libfprint-private.a.p -Ilibfprint -I../libfprint -I. -I.. -Ilibfprint/nbis/include -I../libfprint/nbis/include -Ilibfprint/nbis/libfprint-include -I../libfprint/nbis/libfprint-include -I/usr/include/gio-unix-2.0 -I/usr/include/glib-2.0 -I/usr/lib64/glib-2.0/include -I/usr/include/libmount -I/usr/include/blkid -I/usr/include/sysprof-6 -I/usr/include/gusb-1 -I/usr/include/libusb-1.0 -I/usr/include/json-glib-1.0 -fdiagnostics-color=always -D_FILE_OFFSET_BITS=64 -Wall -Winvalid-pch -std=gnu99 -Wall -Wcast-align -Wformat-nonliteral -Wformat-security -Wformat=2 -Wignored-qualifiers -Wlogical-op -Wmissing-declarations -Wmissing-format-attribute -Wmissing-include-dirs -Wmissing-noreturn -Wpointer-arith -Wshadow -Wswitch-enum -Wtype-limits -Wundef -Wunused -Werror=address -Werror=empty-body -Werror=init-self -Werror=int-to-pointer-cast -Werror=main -Werror=missing-braces -Werror=nonnull -Werror=redundant-decls -Werror=return-type -Werror=sequence-point -Werror=trigraphs -Werror=write-strings -fno-strict-aliasing -DGLIB_VERSION_MIN_REQUIRED=GLIB_VERSION_2_56 -DGLIB_VERSION_MAX_ALLOWED=GLIB_VERSION_2_56 -D_GNU_SOURCE '-DG_LOG_DOMAIN="libfprint"' -Wimplicit-function-declaration -Wmissing-prototypes -Wnested-externs -Wold-style-definition -Wstrict-prototypes -Werror=implicit -Werror=pointer-to-int-cast -O2 -flto=auto -ffat-lto-objects -fexceptions -g -grecord-gcc-switches -pipe -Wall -Werror=format-security -Wp,-U_FORTIFY_SOURCE,-D_FORTIFY_SOURCE=3 -Wp,-D_GLIBCXX_ASSERTIONS -specs=/usr/lib/rpm/redhat/redhat-hardened-cc1 -fstack-protector-strong -specs=/usr/lib/rpm/redhat/redhat-annobin-cc1 -m64 -march=x86-64 -mtune=generic -fasynchronous-unwind-tables -fstack-clash-protection -fcf-protection -mtls-dialect=gnu2 -fno-omit-frame-pointer -mno-omit-leaf-frame-pointer -fPIC -pthread -DWITH_GZFILEOP -MD -MQ libfprint/libfprint-private.a.p/fpi-device.c.o -MF libfprint/libfprint-private.a.p/fpi-device.c.o.d -o libfprint/libfprint-private.a.p/fpi-device.c.o -c ../libfprint/fpi-device.c
[50/101] rm -f libfprint/libfprint-private.a && gcc-ar csrDT libfprint/libfprint-private.a libfprint/libfprint-private.a.p/meson-generated_.._fpi-enums.c.o libfprint/libfprint-private.a.p/fpi-assembling.c.o libfprint/libfprint-private.a.p/fpi-byte-reader.c.o libfprint/libfprint-private.a.p/fpi-byte-writer.c.o libfprint/libfprint-private.a.p/fpi-device.c.o libfprint/libfprint-private.a.p/fpi-image-device.c.o libfprint/libfprint-private.a.p/fpi-image.c.o libfprint/libfprint-private.a.p/fpi-print.c.o libfprint/libfprint-private.a.p/fpi-ssm.c.o libfprint/libfprint-private.a.p/fpi-usb-transfer.c.o libfprint/libfprint-private.a.p/fpi-spi-transfer.c.o
[51/101] gcc -Ilibfprint/libfprint-drivers.a.p -Ilibfprint -I../libfprint -I. -I.. -Ilibfprint/nbis/include -I../libfprint/nbis/include -Ilibfprint/nbis/libfprint-include -I../libfprint/nbis/libfprint-include -I/usr/include/gio-unix-2.0 -I/usr/include/glib-2.0 -I/usr/lib64/glib-2.0/include -I/usr/include/libmount -I/usr/include/blkid -I/usr/include/sysprof-6 -I/usr/include/gusb-1 -I/usr/include/libusb-1.0 -I/usr/include/json-glib-1.0 -fdiagnostics-color=always -D_FILE_OFFSET_BITS=64 -Wall -Winvalid-pch -std=gnu99 -Wall -Wcast-align -Wformat-nonliteral -Wformat-security -Wformat=2 -Wignored-qualifiers -Wlogical-op -Wmissing-declarations -Wmissing-format-attribute -Wmissing-include-dirs -Wmissing-noreturn -Wpointer-arith -Wshadow -Wswitch-enum -Wtype-limits -Wundef -Wunused -Werror=address -Werror=empty-body -Werror=init-self -Werror=int-to-pointer-cast -Werror=main -Werror=missing-braces -Werror=nonnull -Werror=redundant-decls -Werror=return-type -Werror=sequence-point -Werror=trigraphs -Werror=write-strings -fno-strict-aliasing -DGLIB_VERSION_MIN_REQUIRED=GLIB_VERSION_2_56 -DGLIB_VERSION_MAX_ALLOWED=GLIB_VERSION_2_56 -D_GNU_SOURCE '-DG_LOG_DOMAIN="libfprint"' -Wimplicit-function-declaration -Wmissing-prototypes -Wnested-externs -Wold-style-definition -Wstrict-prototypes -Werror=implicit -Werror=pointer-to-int-cast -O2 -flto=auto -ffat-lto-objects -fexceptions -g -grecord-gcc-switches -pipe -Wall -Werror=format-security -Wp,-U_FORTIFY_SOURCE,-D_FORTIFY_SOURCE=3 -Wp,-D_GLIBCXX_ASSERTIONS -specs=/usr/lib/rpm/redhat/redhat-hardened-cc1 -fstack-protector-strong -specs=/usr/lib/rpm/redhat/redhat-annobin-cc1 -m64 -march=x86-64 -mtune=generic -fasynchronous-unwind-tables -fstack-clash-protection -fcf-protection -mtls-dialect=gnu2 -fno-omit-frame-pointer -mno-omit-leaf-frame-pointer -fPIC -pthread -DWITH_GZFILEOP -MD -MQ libfprint/libfprint-drivers.a.p/drivers_goodixtls_goodixtls.c.o -MF libfprint/libfprint-drivers.a.p/drivers_goodixtls_goodixtls.c.o.d -o libfprint/libfprint-drivers.a.p/drivers_goodixtls_goodixtls.c.o -c ../libfprint/drivers/goodixtls/goodixtls.c
../libfprint/drivers/goodixtls/goodixtls.c: In function ‘err_from_ssl’:
../libfprint/drivers/goodixtls/goodixtls.c:51:3: warning: ‘__strcpy_chk’ writing one too many bytes into a region of a size that depends on ‘strlen’ [-Wstringop-overflow=]
   51 |   strcpy (err->message, msg);
      |   ^
../libfprint/drivers/goodixtls/goodixtls.c:50:18: note: destination object of size [0, 9223372036854775805] allocated by ‘malloc’
   50 |   err->message = malloc (strlen (msg));
      |                  ^~~~~~~~~~~~~~~~~~~~~
[52/101] gcc -Ilibfprint/libfprint-drivers.a.p -Ilibfprint -I../libfprint -I. -I.. -Ilibfprint/nbis/include -I../libfprint/nbis/include -Ilibfprint/nbis/libfprint-include -I../libfprint/nbis/libfprint-include -I/usr/include/gio-unix-2.0 -I/usr/include/glib-2.0 -I/usr/lib64/glib-2.0/include -I/usr/include/libmount -I/usr/include/blkid -I/usr/include/sysprof-6 -I/usr/include/gusb-1 -I/usr/include/libusb-1.0 -I/usr/include/json-glib-1.0 -fdiagnostics-color=always -D_FILE_OFFSET_BITS=64 -Wall -Winvalid-pch -std=gnu99 -Wall -Wcast-align -Wformat-nonliteral -Wformat-security -Wformat=2 -Wignored-qualifiers -Wlogical-op -Wmissing-declarations -Wmissing-format-attribute -Wmissing-include-dirs -Wmissing-noreturn -Wpointer-arith -Wshadow -Wswitch-enum -Wtype-limits -Wundef -Wunused -Werror=address -Werror=empty-body -Werror=init-self -Werror=int-to-pointer-cast -Werror=main -Werror=missing-braces -Werror=nonnull -Werror=redundant-decls -Werror=return-type -Werror=sequence-point -Werror=trigraphs -Werror=write-strings -fno-strict-aliasing -DGLIB_VERSION_MIN_REQUIRED=GLIB_VERSION_2_56 -DGLIB_VERSION_MAX_ALLOWED=GLIB_VERSION_2_56 -D_GNU_SOURCE '-DG_LOG_DOMAIN="libfprint"' -Wimplicit-function-declaration -Wmissing-prototypes -Wnested-externs -Wold-style-definition -Wstrict-prototypes -Werror=implicit -Werror=pointer-to-int-cast -O2 -flto=auto -ffat-lto-objects -fexceptions -g -grecord-gcc-switches -pipe -Wall -Werror=format-security -Wp,-U_FORTIFY_SOURCE,-D_FORTIFY_SOURCE=3 -Wp,-D_GLIBCXX_ASSERTIONS -specs=/usr/lib/rpm/redhat/redhat-hardened-cc1 -fstack-protector-strong -specs=/usr/lib/rpm/redhat/redhat-annobin-cc1 -m64 -march=x86-64 -mtune=generic -fasynchronous-unwind-tables -fstack-clash-protection -fcf-protection -mtls-dialect=gnu2 -fno-omit-frame-pointer -mno-omit-leaf-frame-pointer -fPIC -pthread -DWITH_GZFILEOP -MD -MQ libfprint/libfprint-drivers.a.p/meson-generated_.._fpi-drivers.c.o -MF libfprint/libfprint-drivers.a.p/meson-generated_.._fpi-drivers.c.o.d -o libfprint/libfprint-drivers.a.p/meson-generated_.._fpi-drivers.c.o -c libfprint/fpi-drivers.c
[53/101] gcc -Ilibfprint/libfprint-2.so.2.0.0.p -Ilibfprint -I../libfprint -I. -I.. -Ilibfprint/nbis/include -I../libfprint/nbis/include -Ilibfprint/nbis/libfprint-include -I../libfprint/nbis/libfprint-include -I/usr/include/gio-unix-2.0 -I/usr/include/glib-2.0 -I/usr/lib64/glib-2.0/include -I/usr/include/libmount -I/usr/include/blkid -I/usr/include/sysprof-6 -I/usr/include/gusb-1 -I/usr/include/libusb-1.0 -I/usr/include/json-glib-1.0 -fdiagnostics-color=always -D_FILE_OFFSET_BITS=64 -Wall -Winvalid-pch -std=gnu99 -Wall -Wcast-align -Wformat-nonliteral -Wformat-security -Wformat=2 -Wignored-qualifiers -Wlogical-op -Wmissing-declarations -Wmissing-format-attribute -Wmissing-include-dirs -Wmissing-noreturn -Wpointer-arith -Wshadow -Wswitch-enum -Wtype-limits -Wundef -Wunused -Werror=address -Werror=empty-body -Werror=init-self -Werror=int-to-pointer-cast -Werror=main -Werror=missing-braces -Werror=nonnull -Werror=redundant-decls -Werror=return-type -Werror=sequence-point -Werror=trigraphs -Werror=write-strings -fno-strict-aliasing -DGLIB_VERSION_MIN_REQUIRED=GLIB_VERSION_2_56 -DGLIB_VERSION_MAX_ALLOWED=GLIB_VERSION_2_56 -D_GNU_SOURCE '-DG_LOG_DOMAIN="libfprint"' -Wimplicit-function-declaration -Wmissing-prototypes -Wnested-externs -Wold-style-definition -Wstrict-prototypes -Werror=implicit -Werror=pointer-to-int-cast -O2 -flto=auto -ffat-lto-objects -fexceptions -g -grecord-gcc-switches -pipe -Wall -Werror=format-security -Wp,-U_FORTIFY_SOURCE,-D_FORTIFY_SOURCE=3 -Wp,-D_GLIBCXX_ASSERTIONS -specs=/usr/lib/rpm/redhat/redhat-hardened-cc1 -fstack-protector-strong -specs=/usr/lib/rpm/redhat/redhat-annobin-cc1 -m64 -march=x86-64 -mtune=generic -fasynchronous-unwind-tables -fstack-clash-protection -fcf-protection -mtls-dialect=gnu2 -fno-omit-frame-pointer -mno-omit-leaf-frame-pointer -fPIC -pthread -DWITH_GZFILEOP -MD -MQ libfprint/libfprint-2.so.2.0.0.p/meson-generated_.._fp-enums.c.o -MF libfprint/libfprint-2.so.2.0.0.p/meson-generated_.._fp-enums.c.o.d -o libfprint/libfprint-2.so.2.0.0.p/meson-generated_.._fp-enums.c.o -c libfprint/fp-enums.c
[54/101] gcc -Ilibfprint/libfprint-drivers.a.p -Ilibfprint -I../libfprint -I. -I.. -Ilibfprint/nbis/include -I../libfprint/nbis/include -Ilibfprint/nbis/libfprint-include -I../libfprint/nbis/libfprint-include -I/usr/include/gio-unix-2.0 -I/usr/include/glib-2.0 -I/usr/lib64/glib-2.0/include -I/usr/include/libmount -I/usr/include/blkid -I/usr/include/sysprof-6 -I/usr/include/gusb-1 -I/usr/include/libusb-1.0 -I/usr/include/json-glib-1.0 -fdiagnostics-color=always -D_FILE_OFFSET_BITS=64 -Wall -Winvalid-pch -std=gnu99 -Wall -Wcast-align -Wformat-nonliteral -Wformat-security -Wformat=2 -Wignored-qualifiers -Wlogical-op -Wmissing-declarations -Wmissing-format-attribute -Wmissing-include-dirs -Wmissing-noreturn -Wpointer-arith -Wshadow -Wswitch-enum -Wtype-limits -Wundef -Wunused -Werror=address -Werror=empty-body -Werror=init-self -Werror=int-to-pointer-cast -Werror=main -Werror=missing-braces -Werror=nonnull -Werror=redundant-decls -Werror=return-type -Werror=sequence-point -Werror=trigraphs -Werror=write-strings -fno-strict-aliasing -DGLIB_VERSION_MIN_REQUIRED=GLIB_VERSION_2_56 -DGLIB_VERSION_MAX_ALLOWED=GLIB_VERSION_2_56 -D_GNU_SOURCE '-DG_LOG_DOMAIN="libfprint"' -Wimplicit-function-declaration -Wmissing-prototypes -Wnested-externs -Wold-style-definition -Wstrict-prototypes -Werror=implicit -Werror=pointer-to-int-cast -O2 -flto=auto -ffat-lto-objects -fexceptions -g -grecord-gcc-switches -pipe -Wall -Werror=format-security -Wp,-U_FORTIFY_SOURCE,-D_FORTIFY_SOURCE=3 -Wp,-D_GLIBCXX_ASSERTIONS -specs=/usr/lib/rpm/redhat/redhat-hardened-cc1 -fstack-protector-strong -specs=/usr/lib/rpm/redhat/redhat-annobin-cc1 -m64 -march=x86-64 -mtune=generic -fasynchronous-unwind-tables -fstack-clash-protection -fcf-protection -mtls-dialect=gnu2 -fno-omit-frame-pointer -mno-omit-leaf-frame-pointer -fPIC -pthread -DWITH_GZFILEOP -MD -MQ libfprint/libfprint-drivers.a.p/drivers_goodixtls_goodix511.c.o -MF libfprint/libfprint-drivers.a.p/drivers_goodixtls_goodix511.c.o.d -o libfprint/libfprint-drivers.a.p/drivers_goodixtls_goodix511.c.o -c ../libfprint/drivers/goodixtls/goodix511.c
../libfprint/drivers/goodixtls/goodix511.c: In function ‘otp_write_run’:
../libfprint/drivers/goodixtls/goodix511.c:287:3: warning: ‘data’ may be used uninitialized [-Wmaybe-uninitialized]
  287 |   goodix_send_write_sensor_register(
      |   ^~~~~~~~~~~~~~~~~~~~~~~~~~~~~~~~~~
  288 |       dev, otp_write_addrs[fpi_ssm_get_cur_state(ssm)], data, check_none, ssm);
      |       ~~~~~~~~~~~~~~~~~~~~~~~~~~~~~~~~~~~~~~~~~~~~~~~~~~~~~~~~~~~~~~~~~~~~~~~~
../libfprint/drivers/goodixtls/goodix511.c:265:11: note: ‘data’ was declared here
  265 |   guint16 data;
      |           ^~~~
[55/101] gcc -Ilibfprint/libfprint-2.so.2.0.0.p -Ilibfprint -I../libfprint -I. -I.. -Ilibfprint/nbis/include -I../libfprint/nbis/include -Ilibfprint/nbis/libfprint-include -I../libfprint/nbis/libfprint-include -I/usr/include/gio-unix-2.0 -I/usr/include/glib-2.0 -I/usr/lib64/glib-2.0/include -I/usr/include/libmount -I/usr/include/blkid -I/usr/include/sysprof-6 -I/usr/include/gusb-1 -I/usr/include/libusb-1.0 -I/usr/include/json-glib-1.0 -fdiagnostics-color=always -D_FILE_OFFSET_BITS=64 -Wall -Winvalid-pch -std=gnu99 -Wall -Wcast-align -Wformat-nonliteral -Wformat-security -Wformat=2 -Wignored-qualifiers -Wlogical-op -Wmissing-declarations -Wmissing-format-attribute -Wmissing-include-dirs -Wmissing-noreturn -Wpointer-arith -Wshadow -Wswitch-enum -Wtype-limits -Wundef -Wunused -Werror=address -Werror=empty-body -Werror=init-self -Werror=int-to-pointer-cast -Werror=main -Werror=missing-braces -Werror=nonnull -Werror=redundant-decls -Werror=return-type -Werror=sequence-point -Werror=trigraphs -Werror=write-strings -fno-strict-aliasing -DGLIB_VERSION_MIN_REQUIRED=GLIB_VERSION_2_56 -DGLIB_VERSION_MAX_ALLOWED=GLIB_VERSION_2_56 -D_GNU_SOURCE '-DG_LOG_DOMAIN="libfprint"' -Wimplicit-function-declaration -Wmissing-prototypes -Wnested-externs -Wold-style-definition -Wstrict-prototypes -Werror=implicit -Werror=pointer-to-int-cast -O2 -flto=auto -ffat-lto-objects -fexceptions -g -grecord-gcc-switches -pipe -Wall -Werror=format-security -Wp,-U_FORTIFY_SOURCE,-D_FORTIFY_SOURCE=3 -Wp,-D_GLIBCXX_ASSERTIONS -specs=/usr/lib/rpm/redhat/redhat-hardened-cc1 -fstack-protector-strong -specs=/usr/lib/rpm/redhat/redhat-annobin-cc1 -m64 -march=x86-64 -mtune=generic -fasynchronous-unwind-tables -fstack-clash-protection -fcf-protection -mtls-dialect=gnu2 -fno-omit-frame-pointer -mno-omit-leaf-frame-pointer -fPIC -pthread -DWITH_GZFILEOP -MD -MQ libfprint/libfprint-2.so.2.0.0.p/fp-image-device.c.o -MF libfprint/libfprint-2.so.2.0.0.p/fp-image-device.c.o.d -o libfprint/libfprint-2.so.2.0.0.p/fp-image-device.c.o -c ../libfprint/fp-image-device.c
../libfprint/fp-image-device.c: In function ‘fp_image_device_start_capture_action’:
../libfprint/fp-image-device.c:102:16: warning: unused variable ‘print_type’ [-Wunused-variable]
  102 |   FpiPrintType print_type;
      |                ^~~~~~~~~~
[56/101] gcc -Ilibfprint/libfprint-2.so.2.0.0.p -Ilibfprint -I../libfprint -I. -I.. -Ilibfprint/nbis/include -I../libfprint/nbis/include -Ilibfprint/nbis/libfprint-include -I../libfprint/nbis/libfprint-include -I/usr/include/gio-unix-2.0 -I/usr/include/glib-2.0 -I/usr/lib64/glib-2.0/include -I/usr/include/libmount -I/usr/include/blkid -I/usr/include/sysprof-6 -I/usr/include/gusb-1 -I/usr/include/libusb-1.0 -I/usr/include/json-glib-1.0 -fdiagnostics-color=always -D_FILE_OFFSET_BITS=64 -Wall -Winvalid-pch -std=gnu99 -Wall -Wcast-align -Wformat-nonliteral -Wformat-security -Wformat=2 -Wignored-qualifiers -Wlogical-op -Wmissing-declarations -Wmissing-format-attribute -Wmissing-include-dirs -Wmissing-noreturn -Wpointer-arith -Wshadow -Wswitch-enum -Wtype-limits -Wundef -Wunused -Werror=address -Werror=empty-body -Werror=init-self -Werror=int-to-pointer-cast -Werror=main -Werror=missing-braces -Werror=nonnull -Werror=redundant-decls -Werror=return-type -Werror=sequence-point -Werror=trigraphs -Werror=write-strings -fno-strict-aliasing -DGLIB_VERSION_MIN_REQUIRED=GLIB_VERSION_2_56 -DGLIB_VERSION_MAX_ALLOWED=GLIB_VERSION_2_56 -D_GNU_SOURCE '-DG_LOG_DOMAIN="libfprint"' -Wimplicit-function-declaration -Wmissing-prototypes -Wnested-externs -Wold-style-definition -Wstrict-prototypes -Werror=implicit -Werror=pointer-to-int-cast -O2 -flto=auto -ffat-lto-objects -fexceptions -g -grecord-gcc-switches -pipe -Wall -Werror=format-security -Wp,-U_FORTIFY_SOURCE,-D_FORTIFY_SOURCE=3 -Wp,-D_GLIBCXX_ASSERTIONS -specs=/usr/lib/rpm/redhat/redhat-hardened-cc1 -fstack-protector-strong -specs=/usr/lib/rpm/redhat/redhat-annobin-cc1 -m64 -march=x86-64 -mtune=generic -fasynchronous-unwind-tables -fstack-clash-protection -fcf-protection -mtls-dialect=gnu2 -fno-omit-frame-pointer -mno-omit-leaf-frame-pointer -fPIC -pthread -DWITH_GZFILEOP -MD -MQ libfprint/libfprint-2.so.2.0.0.p/fp-context.c.o -MF libfprint/libfprint-2.so.2.0.0.p/fp-context.c.o.d -o libfprint/libfprint-2.so.2.0.0.p/fp-context.c.o -c ../libfprint/fp-context.c
[57/101] gcc -Ilibfprint/libfprint-drivers.a.p -Ilibfprint -I../libfprint -I. -I.. -Ilibfprint/nbis/include -I../libfprint/nbis/include -Ilibfprint/nbis/libfprint-include -I../libfprint/nbis/libfprint-include -I/usr/include/gio-unix-2.0 -I/usr/include/glib-2.0 -I/usr/lib64/glib-2.0/include -I/usr/include/libmount -I/usr/include/blkid -I/usr/include/sysprof-6 -I/usr/include/gusb-1 -I/usr/include/libusb-1.0 -I/usr/include/json-glib-1.0 -fdiagnostics-color=always -D_FILE_OFFSET_BITS=64 -Wall -Winvalid-pch -std=gnu99 -Wall -Wcast-align -Wformat-nonliteral -Wformat-security -Wformat=2 -Wignored-qualifiers -Wlogical-op -Wmissing-declarations -Wmissing-format-attribute -Wmissing-include-dirs -Wmissing-noreturn -Wpointer-arith -Wshadow -Wswitch-enum -Wtype-limits -Wundef -Wunused -Werror=address -Werror=empty-body -Werror=init-self -Werror=int-to-pointer-cast -Werror=main -Werror=missing-braces -Werror=nonnull -Werror=redundant-decls -Werror=return-type -Werror=sequence-point -Werror=trigraphs -Werror=write-strings -fno-strict-aliasing -DGLIB_VERSION_MIN_REQUIRED=GLIB_VERSION_2_56 -DGLIB_VERSION_MAX_ALLOWED=GLIB_VERSION_2_56 -D_GNU_SOURCE '-DG_LOG_DOMAIN="libfprint"' -Wimplicit-function-declaration -Wmissing-prototypes -Wnested-externs -Wold-style-definition -Wstrict-prototypes -Werror=implicit -Werror=pointer-to-int-cast -O2 -flto=auto -ffat-lto-objects -fexceptions -g -grecord-gcc-switches -pipe -Wall -Werror=format-security -Wp,-U_FORTIFY_SOURCE,-D_FORTIFY_SOURCE=3 -Wp,-D_GLIBCXX_ASSERTIONS -specs=/usr/lib/rpm/redhat/redhat-hardened-cc1 -fstack-protector-strong -specs=/usr/lib/rpm/redhat/redhat-annobin-cc1 -m64 -march=x86-64 -mtune=generic -fasynchronous-unwind-tables -fstack-clash-protection -fcf-protection -mtls-dialect=gnu2 -fno-omit-frame-pointer -mno-omit-leaf-frame-pointer -fPIC -pthread -DWITH_GZFILEOP -MD -MQ libfprint/libfprint-drivers.a.p/drivers_goodixtls_goodix.c.o -MF libfprint/libfprint-drivers.a.p/drivers_goodixtls_goodix.c.o.d -o libfprint/libfprint-drivers.a.p/drivers_goodixtls_goodix.c.o -c ../libfprint/drivers/goodixtls/goodix.c
../libfprint/drivers/goodixtls/goodix.c: In function ‘goodix_receive_preset_psk_read’:
../libfprint/drivers/goodixtls/goodix.c:215:52: warning: format ‘%d’ expects argument of type ‘int’, but argument 3 has type ‘long unsigned int’ [-Wformat=]
  215 |     g_print("Preset Crap failed len: %d, psk_len: %d\n", length, psk_len + sizeof(guint8) + sizeof(GoodixPresetPsk));
      |                                                   ~^             ~~~~~~~~~~~~~~~~~~~~~~~~~~~~~~~~~~~~~~~~~~~~~~~~~~
      |                                                    |                                      |
      |                                                    int                                    long unsigned int
      |                                                   %ld
../libfprint/drivers/goodixtls/goodix.c: In function ‘goodix_send_write_sensor_register’:
../libfprint/drivers/goodixtls/goodix.c:916:40: warning: braces around scalar initializer
  916 |                                        .value = {0x05, 0x03}};
      |                                        ^
../libfprint/drivers/goodixtls/goodix.c:916:40: note: (near initialization for ‘payload.value’)
../libfprint/drivers/goodixtls/goodix.c:916:56: warning: excess elements in scalar initializer
  916 |                                        .value = {0x05, 0x03}};
      |                                                        ^~~~
../libfprint/drivers/goodixtls/goodix.c:916:56: note: (near initialization for ‘payload.value’)
[58/101] gcc -Ilibfprint/libfprint-2.so.2.0.0.p -Ilibfprint -I../libfprint -I. -I.. -Ilibfprint/nbis/include -I../libfprint/nbis/include -Ilibfprint/nbis/libfprint-include -I../libfprint/nbis/libfprint-include -I/usr/include/gio-unix-2.0 -I/usr/include/glib-2.0 -I/usr/lib64/glib-2.0/include -I/usr/include/libmount -I/usr/include/blkid -I/usr/include/sysprof-6 -I/usr/include/gusb-1 -I/usr/include/libusb-1.0 -I/usr/include/json-glib-1.0 -fdiagnostics-color=always -D_FILE_OFFSET_BITS=64 -Wall -Winvalid-pch -std=gnu99 -Wall -Wcast-align -Wformat-nonliteral -Wformat-security -Wformat=2 -Wignored-qualifiers -Wlogical-op -Wmissing-declarations -Wmissing-format-attribute -Wmissing-include-dirs -Wmissing-noreturn -Wpointer-arith -Wshadow -Wswitch-enum -Wtype-limits -Wundef -Wunused -Werror=address -Werror=empty-body -Werror=init-self -Werror=int-to-pointer-cast -Werror=main -Werror=missing-braces -Werror=nonnull -Werror=redundant-decls -Werror=return-type -Werror=sequence-point -Werror=trigraphs -Werror=write-strings -fno-strict-aliasing -DGLIB_VERSION_MIN_REQUIRED=GLIB_VERSION_2_56 -DGLIB_VERSION_MAX_ALLOWED=GLIB_VERSION_2_56 -D_GNU_SOURCE '-DG_LOG_DOMAIN="libfprint"' -Wimplicit-function-declaration -Wmissing-prototypes -Wnested-externs -Wold-style-definition -Wstrict-prototypes -Werror=implicit -Werror=pointer-to-int-cast -O2 -flto=auto -ffat-lto-objects -fexceptions -g -grecord-gcc-switches -pipe -Wall -Werror=format-security -Wp,-U_FORTIFY_SOURCE,-D_FORTIFY_SOURCE=3 -Wp,-D_GLIBCXX_ASSERTIONS -specs=/usr/lib/rpm/redhat/redhat-hardened-cc1 -fstack-protector-strong -specs=/usr/lib/rpm/redhat/redhat-annobin-cc1 -m64 -march=x86-64 -mtune=generic -fasynchronous-unwind-tables -fstack-clash-protection -fcf-protection -mtls-dialect=gnu2 -fno-omit-frame-pointer -mno-omit-leaf-frame-pointer -fPIC -pthread -DWITH_GZFILEOP -MD -MQ libfprint/libfprint-2.so.2.0.0.p/fp-image.c.o -MF libfprint/libfprint-2.so.2.0.0.p/fp-image.c.o.d -o libfprint/libfprint-2.so.2.0.0.p/fp-image.c.o -c ../libfprint/fp-image.c
[59/101] gcc -Ilibfprint/fprint-list-udev-hwdb.p -Ilibfprint -I../libfprint -I. -I.. -Ilibfprint/nbis/include -I../libfprint/nbis/include -Ilibfprint/nbis/libfprint-include -I../libfprint/nbis/libfprint-include -I/usr/include/gio-unix-2.0 -I/usr/include/glib-2.0 -I/usr/lib64/glib-2.0/include -I/usr/include/libmount -I/usr/include/blkid -I/usr/include/sysprof-6 -I/usr/include/gusb-1 -I/usr/include/libusb-1.0 -I/usr/include/json-glib-1.0 -fdiagnostics-color=always -D_FILE_OFFSET_BITS=64 -Wall -Winvalid-pch -std=gnu99 -Wall -Wcast-align -Wformat-nonliteral -Wformat-security -Wformat=2 -Wignored-qualifiers -Wlogical-op -Wmissing-declarations -Wmissing-format-attribute -Wmissing-include-dirs -Wmissing-noreturn -Wpointer-arith -Wshadow -Wswitch-enum -Wtype-limits -Wundef -Wunused -Werror=address -Werror=empty-body -Werror=init-self -Werror=int-to-pointer-cast -Werror=main -Werror=missing-braces -Werror=nonnull -Werror=redundant-decls -Werror=return-type -Werror=sequence-point -Werror=trigraphs -Werror=write-strings -fno-strict-aliasing -DGLIB_VERSION_MIN_REQUIRED=GLIB_VERSION_2_56 -DGLIB_VERSION_MAX_ALLOWED=GLIB_VERSION_2_56 -D_GNU_SOURCE '-DG_LOG_DOMAIN="libfprint"' -Wimplicit-function-declaration -Wmissing-prototypes -Wnested-externs -Wold-style-definition -Wstrict-prototypes -Werror=implicit -Werror=pointer-to-int-cast -O2 -flto=auto -ffat-lto-objects -fexceptions -g -grecord-gcc-switches -pipe -Wall -Werror=format-security -Wp,-U_FORTIFY_SOURCE,-D_FORTIFY_SOURCE=3 -Wp,-D_GLIBCXX_ASSERTIONS -specs=/usr/lib/rpm/redhat/redhat-hardened-cc1 -fstack-protector-strong -specs=/usr/lib/rpm/redhat/redhat-annobin-cc1 -m64 -march=x86-64 -mtune=generic -fasynchronous-unwind-tables -fstack-clash-protection -fcf-protection -mtls-dialect=gnu2 -fno-omit-frame-pointer -mno-omit-leaf-frame-pointer -pthread -DWITH_GZFILEOP -MD -MQ libfprint/fprint-list-udev-hwdb.p/fprint-list-udev-hwdb.c.o -MF libfprint/fprint-list-udev-hwdb.p/fprint-list-udev-hwdb.c.o.d -o libfprint/fprint-list-udev-hwdb.p/fprint-list-udev-hwdb.c.o -c ../libfprint/fprint-list-udev-hwdb.c
[60/101] gcc -Itests/libfprint-test-utils.a.p -Itests -I../tests -Ilibfprint -I../libfprint -I. -I.. -Ilibfprint/nbis/include -I../libfprint/nbis/include -Ilibfprint/nbis/libfprint-include -I../libfprint/nbis/libfprint-include -I/usr/include/gio-unix-2.0 -I/usr/include/glib-2.0 -I/usr/lib64/glib-2.0/include -I/usr/include/libmount -I/usr/include/blkid -I/usr/include/sysprof-6 -I/usr/include/gusb-1 -I/usr/include/libusb-1.0 -I/usr/include/json-glib-1.0 -fdiagnostics-color=always -D_FILE_OFFSET_BITS=64 -Wall -Winvalid-pch -std=gnu99 -Wall -Wcast-align -Wformat-nonliteral -Wformat-security -Wformat=2 -Wignored-qualifiers -Wlogical-op -Wmissing-declarations -Wmissing-format-attribute -Wmissing-include-dirs -Wmissing-noreturn -Wpointer-arith -Wshadow -Wswitch-enum -Wtype-limits -Wundef -Wunused -Werror=address -Werror=empty-body -Werror=init-self -Werror=int-to-pointer-cast -Werror=main -Werror=missing-braces -Werror=nonnull -Werror=redundant-decls -Werror=return-type -Werror=sequence-point -Werror=trigraphs -Werror=write-strings -fno-strict-aliasing -DGLIB_VERSION_MIN_REQUIRED=GLIB_VERSION_2_56 -DGLIB_VERSION_MAX_ALLOWED=GLIB_VERSION_2_56 -D_GNU_SOURCE '-DG_LOG_DOMAIN="libfprint"' -Wimplicit-function-declaration -Wmissing-prototypes -Wnested-externs -Wold-style-definition -Wstrict-prototypes -Werror=implicit -Werror=pointer-to-int-cast -O2 -flto=auto -ffat-lto-objects -fexceptions -g -grecord-gcc-switches -pipe -Wall -Werror=format-security -Wp,-U_FORTIFY_SOURCE,-D_FORTIFY_SOURCE=3 -Wp,-D_GLIBCXX_ASSERTIONS -specs=/usr/lib/rpm/redhat/redhat-hardened-cc1 -fstack-protector-strong -specs=/usr/lib/rpm/redhat/redhat-annobin-cc1 -m64 -march=x86-64 -mtune=generic -fasynchronous-unwind-tables -fstack-clash-protection -fcf-protection -mtls-dialect=gnu2 -fno-omit-frame-pointer -mno-omit-leaf-frame-pointer -fPIC -pthread -DWITH_GZFILEOP -MD -MQ tests/libfprint-test-utils.a.p/test-utils.c.o -MF tests/libfprint-test-utils.a.p/test-utils.c.o.d -o tests/libfprint-test-utils.a.p/test-utils.c.o -c ../tests/test-utils.c
[61/101] gcc -Ilibfprint/fprint-list-supported-devices.p -Ilibfprint -I../libfprint -I. -I.. -Ilibfprint/nbis/include -I../libfprint/nbis/include -Ilibfprint/nbis/libfprint-include -I../libfprint/nbis/libfprint-include -I/usr/include/gio-unix-2.0 -I/usr/include/glib-2.0 -I/usr/lib64/glib-2.0/include -I/usr/include/libmount -I/usr/include/blkid -I/usr/include/sysprof-6 -I/usr/include/gusb-1 -I/usr/include/libusb-1.0 -I/usr/include/json-glib-1.0 -fdiagnostics-color=always -D_FILE_OFFSET_BITS=64 -Wall -Winvalid-pch -std=gnu99 -Wall -Wcast-align -Wformat-nonliteral -Wformat-security -Wformat=2 -Wignored-qualifiers -Wlogical-op -Wmissing-declarations -Wmissing-format-attribute -Wmissing-include-dirs -Wmissing-noreturn -Wpointer-arith -Wshadow -Wswitch-enum -Wtype-limits -Wundef -Wunused -Werror=address -Werror=empty-body -Werror=init-self -Werror=int-to-pointer-cast -Werror=main -Werror=missing-braces -Werror=nonnull -Werror=redundant-decls -Werror=return-type -Werror=sequence-point -Werror=trigraphs -Werror=write-strings -fno-strict-aliasing -DGLIB_VERSION_MIN_REQUIRED=GLIB_VERSION_2_56 -DGLIB_VERSION_MAX_ALLOWED=GLIB_VERSION_2_56 -D_GNU_SOURCE '-DG_LOG_DOMAIN="libfprint"' -Wimplicit-function-declaration -Wmissing-prototypes -Wnested-externs -Wold-style-definition -Wstrict-prototypes -Werror=implicit -Werror=pointer-to-int-cast -O2 -flto=auto -ffat-lto-objects -fexceptions -g -grecord-gcc-switches -pipe -Wall -Werror=format-security -Wp,-U_FORTIFY_SOURCE,-D_FORTIFY_SOURCE=3 -Wp,-D_GLIBCXX_ASSERTIONS -specs=/usr/lib/rpm/redhat/redhat-hardened-cc1 -fstack-protector-strong -specs=/usr/lib/rpm/redhat/redhat-annobin-cc1 -m64 -march=x86-64 -mtune=generic -fasynchronous-unwind-tables -fstack-clash-protection -fcf-protection -mtls-dialect=gnu2 -fno-omit-frame-pointer -mno-omit-leaf-frame-pointer -pthread -DWITH_GZFILEOP -MD -MQ libfprint/fprint-list-supported-devices.p/fprint-list-supported-devices.c.o -MF libfprint/fprint-list-supported-devices.p/fprint-list-supported-devices.c.o.d -o libfprint/fprint-list-supported-devices.p/fprint-list-supported-devices.c.o -c ../libfprint/fprint-list-supported-devices.c
[62/101] gcc -Ilibfprint/libfprint-2.so.2.0.0.p -Ilibfprint -I../libfprint -I. -I.. -Ilibfprint/nbis/include -I../libfprint/nbis/include -Ilibfprint/nbis/libfprint-include -I../libfprint/nbis/libfprint-include -I/usr/include/gio-unix-2.0 -I/usr/include/glib-2.0 -I/usr/lib64/glib-2.0/include -I/usr/include/libmount -I/usr/include/blkid -I/usr/include/sysprof-6 -I/usr/include/gusb-1 -I/usr/include/libusb-1.0 -I/usr/include/json-glib-1.0 -fdiagnostics-color=always -D_FILE_OFFSET_BITS=64 -Wall -Winvalid-pch -std=gnu99 -Wall -Wcast-align -Wformat-nonliteral -Wformat-security -Wformat=2 -Wignored-qualifiers -Wlogical-op -Wmissing-declarations -Wmissing-format-attribute -Wmissing-include-dirs -Wmissing-noreturn -Wpointer-arith -Wshadow -Wswitch-enum -Wtype-limits -Wundef -Wunused -Werror=address -Werror=empty-body -Werror=init-self -Werror=int-to-pointer-cast -Werror=main -Werror=missing-braces -Werror=nonnull -Werror=redundant-decls -Werror=return-type -Werror=sequence-point -Werror=trigraphs -Werror=write-strings -fno-strict-aliasing -DGLIB_VERSION_MIN_REQUIRED=GLIB_VERSION_2_56 -DGLIB_VERSION_MAX_ALLOWED=GLIB_VERSION_2_56 -D_GNU_SOURCE '-DG_LOG_DOMAIN="libfprint"' -Wimplicit-function-declaration -Wmissing-prototypes -Wnested-externs -Wold-style-definition -Wstrict-prototypes -Werror=implicit -Werror=pointer-to-int-cast -O2 -flto=auto -ffat-lto-objects -fexceptions -g -grecord-gcc-switches -pipe -Wall -Werror=format-security -Wp,-U_FORTIFY_SOURCE,-D_FORTIFY_SOURCE=3 -Wp,-D_GLIBCXX_ASSERTIONS -specs=/usr/lib/rpm/redhat/redhat-hardened-cc1 -fstack-protector-strong -specs=/usr/lib/rpm/redhat/redhat-annobin-cc1 -m64 -march=x86-64 -mtune=generic -fasynchronous-unwind-tables -fstack-clash-protection -fcf-protection -mtls-dialect=gnu2 -fno-omit-frame-pointer -mno-omit-leaf-frame-pointer -fPIC -pthread -DWITH_GZFILEOP -MD -MQ libfprint/libfprint-2.so.2.0.0.p/fp-print.c.o -MF libfprint/libfprint-2.so.2.0.0.p/fp-print.c.o.d -o libfprint/libfprint-2.so.2.0.0.p/fp-print.c.o -c ../libfprint/fp-print.c
[63/101] gcc -Itests/libfprint-test-utils.a.p -Itests -I../tests -Ilibfprint -I../libfprint -I. -I.. -Ilibfprint/nbis/include -I../libfprint/nbis/include -Ilibfprint/nbis/libfprint-include -I../libfprint/nbis/libfprint-include -I/usr/include/gio-unix-2.0 -I/usr/include/glib-2.0 -I/usr/lib64/glib-2.0/include -I/usr/include/libmount -I/usr/include/blkid -I/usr/include/sysprof-6 -I/usr/include/gusb-1 -I/usr/include/libusb-1.0 -I/usr/include/json-glib-1.0 -fdiagnostics-color=always -D_FILE_OFFSET_BITS=64 -Wall -Winvalid-pch -std=gnu99 -Wall -Wcast-align -Wformat-nonliteral -Wformat-security -Wformat=2 -Wignored-qualifiers -Wlogical-op -Wmissing-declarations -Wmissing-format-attribute -Wmissing-include-dirs -Wmissing-noreturn -Wpointer-arith -Wshadow -Wswitch-enum -Wtype-limits -Wundef -Wunused -Werror=address -Werror=empty-body -Werror=init-self -Werror=int-to-pointer-cast -Werror=main -Werror=missing-braces -Werror=nonnull -Werror=redundant-decls -Werror=return-type -Werror=sequence-point -Werror=trigraphs -Werror=write-strings -fno-strict-aliasing -DGLIB_VERSION_MIN_REQUIRED=GLIB_VERSION_2_56 -DGLIB_VERSION_MAX_ALLOWED=GLIB_VERSION_2_56 -D_GNU_SOURCE '-DG_LOG_DOMAIN="libfprint"' -Wimplicit-function-declaration -Wmissing-prototypes -Wnested-externs -Wold-style-definition -Wstrict-prototypes -Werror=implicit -Werror=pointer-to-int-cast -O2 -flto=auto -ffat-lto-objects -fexceptions -g -grecord-gcc-switches -pipe -Wall -Werror=format-security -Wp,-U_FORTIFY_SOURCE,-D_FORTIFY_SOURCE=3 -Wp,-D_GLIBCXX_ASSERTIONS -specs=/usr/lib/rpm/redhat/redhat-hardened-cc1 -fstack-protector-strong -specs=/usr/lib/rpm/redhat/redhat-annobin-cc1 -m64 -march=x86-64 -mtune=generic -fasynchronous-unwind-tables -fstack-clash-protection -fcf-protection -mtls-dialect=gnu2 -fno-omit-frame-pointer -mno-omit-leaf-frame-pointer -fPIC -pthread -DWITH_GZFILEOP -MD -MQ tests/libfprint-test-utils.a.p/test-device-fake.c.o -MF tests/libfprint-test-utils.a.p/test-device-fake.c.o.d -o tests/libfprint-test-utils.a.p/test-device-fake.c.o -c ../tests/test-device-fake.c
[64/101] rm -f tests/libfprint-test-utils.a && gcc-ar csrDT tests/libfprint-test-utils.a tests/libfprint-test-utils.a.p/test-utils.c.o tests/libfprint-test-utils.a.p/test-device-fake.c.o
[65/101] gcc -Ilibfprint/libfprint-2.so.2.0.0.p -Ilibfprint -I../libfprint -I. -I.. -Ilibfprint/nbis/include -I../libfprint/nbis/include -Ilibfprint/nbis/libfprint-include -I../libfprint/nbis/libfprint-include -I/usr/include/gio-unix-2.0 -I/usr/include/glib-2.0 -I/usr/lib64/glib-2.0/include -I/usr/include/libmount -I/usr/include/blkid -I/usr/include/sysprof-6 -I/usr/include/gusb-1 -I/usr/include/libusb-1.0 -I/usr/include/json-glib-1.0 -fdiagnostics-color=always -D_FILE_OFFSET_BITS=64 -Wall -Winvalid-pch -std=gnu99 -Wall -Wcast-align -Wformat-nonliteral -Wformat-security -Wformat=2 -Wignored-qualifiers -Wlogical-op -Wmissing-declarations -Wmissing-format-attribute -Wmissing-include-dirs -Wmissing-noreturn -Wpointer-arith -Wshadow -Wswitch-enum -Wtype-limits -Wundef -Wunused -Werror=address -Werror=empty-body -Werror=init-self -Werror=int-to-pointer-cast -Werror=main -Werror=missing-braces -Werror=nonnull -Werror=redundant-decls -Werror=return-type -Werror=sequence-point -Werror=trigraphs -Werror=write-strings -fno-strict-aliasing -DGLIB_VERSION_MIN_REQUIRED=GLIB_VERSION_2_56 -DGLIB_VERSION_MAX_ALLOWED=GLIB_VERSION_2_56 -D_GNU_SOURCE '-DG_LOG_DOMAIN="libfprint"' -Wimplicit-function-declaration -Wmissing-prototypes -Wnested-externs -Wold-style-definition -Wstrict-prototypes -Werror=implicit -Werror=pointer-to-int-cast -O2 -flto=auto -ffat-lto-objects -fexceptions -g -grecord-gcc-switches -pipe -Wall -Werror=format-security -Wp,-U_FORTIFY_SOURCE,-D_FORTIFY_SOURCE=3 -Wp,-D_GLIBCXX_ASSERTIONS -specs=/usr/lib/rpm/redhat/redhat-hardened-cc1 -fstack-protector-strong -specs=/usr/lib/rpm/redhat/redhat-annobin-cc1 -m64 -march=x86-64 -mtune=generic -fasynchronous-unwind-tables -fstack-clash-protection -fcf-protection -mtls-dialect=gnu2 -fno-omit-frame-pointer -mno-omit-leaf-frame-pointer -fPIC -pthread -DWITH_GZFILEOP -MD -MQ libfprint/libfprint-2.so.2.0.0.p/fp-device.c.o -MF libfprint/libfprint-2.so.2.0.0.p/fp-device.c.o.d -o libfprint/libfprint-2.so.2.0.0.p/fp-device.c.o -c ../libfprint/fp-device.c
[66/101] gcc -Iexamples/enroll.p -Iexamples -I../examples -I. -I.. -Ilibfprint -I/usr/include/gio-unix-2.0 -I/usr/include/glib-2.0 -I/usr/lib64/glib-2.0/include -I/usr/include/libmount -I/usr/include/blkid -I/usr/include/sysprof-6 -I/usr/include/gusb-1 -I/usr/include/libusb-1.0 -I/usr/include/json-glib-1.0 -fdiagnostics-color=always -D_FILE_OFFSET_BITS=64 -Wall -Winvalid-pch -std=gnu99 -Wall -Wcast-align -Wformat-nonliteral -Wformat-security -Wformat=2 -Wignored-qualifiers -Wlogical-op -Wmissing-declarations -Wmissing-format-attribute -Wmissing-include-dirs -Wmissing-noreturn -Wpointer-arith -Wshadow -Wswitch-enum -Wtype-limits -Wundef -Wunused -Werror=address -Werror=empty-body -Werror=init-self -Werror=int-to-pointer-cast -Werror=main -Werror=missing-braces -Werror=nonnull -Werror=redundant-decls -Werror=return-type -Werror=sequence-point -Werror=trigraphs -Werror=write-strings -fno-strict-aliasing -DGLIB_VERSION_MIN_REQUIRED=GLIB_VERSION_2_56 -DGLIB_VERSION_MAX_ALLOWED=GLIB_VERSION_2_56 -D_GNU_SOURCE '-DG_LOG_DOMAIN="libfprint"' -Wimplicit-function-declaration -Wmissing-prototypes -Wnested-externs -Wold-style-definition -Wstrict-prototypes -Werror=implicit -Werror=pointer-to-int-cast -O2 -flto=auto -ffat-lto-objects -fexceptions -g -grecord-gcc-switches -pipe -Wall -Werror=format-security -Wp,-U_FORTIFY_SOURCE,-D_FORTIFY_SOURCE=3 -Wp,-D_GLIBCXX_ASSERTIONS -specs=/usr/lib/rpm/redhat/redhat-hardened-cc1 -fstack-protector-strong -specs=/usr/lib/rpm/redhat/redhat-annobin-cc1 -m64 -march=x86-64 -mtune=generic -fasynchronous-unwind-tables -fstack-clash-protection -fcf-protection -mtls-dialect=gnu2 -fno-omit-frame-pointer -mno-omit-leaf-frame-pointer -pthread -DWITH_GZFILEOP -MD -MQ examples/enroll.p/utilities.c.o -MF examples/enroll.p/utilities.c.o.d -o examples/enroll.p/utilities.c.o -c ../examples/utilities.c
[67/101] gcc -Iexamples/enroll.p -Iexamples -I../examples -I. -I.. -Ilibfprint -I/usr/include/gio-unix-2.0 -I/usr/include/glib-2.0 -I/usr/lib64/glib-2.0/include -I/usr/include/libmount -I/usr/include/blkid -I/usr/include/sysprof-6 -I/usr/include/gusb-1 -I/usr/include/libusb-1.0 -I/usr/include/json-glib-1.0 -fdiagnostics-color=always -D_FILE_OFFSET_BITS=64 -Wall -Winvalid-pch -std=gnu99 -Wall -Wcast-align -Wformat-nonliteral -Wformat-security -Wformat=2 -Wignored-qualifiers -Wlogical-op -Wmissing-declarations -Wmissing-format-attribute -Wmissing-include-dirs -Wmissing-noreturn -Wpointer-arith -Wshadow -Wswitch-enum -Wtype-limits -Wundef -Wunused -Werror=address -Werror=empty-body -Werror=init-self -Werror=int-to-pointer-cast -Werror=main -Werror=missing-braces -Werror=nonnull -Werror=redundant-decls -Werror=return-type -Werror=sequence-point -Werror=trigraphs -Werror=write-strings -fno-strict-aliasing -DGLIB_VERSION_MIN_REQUIRED=GLIB_VERSION_2_56 -DGLIB_VERSION_MAX_ALLOWED=GLIB_VERSION_2_56 -D_GNU_SOURCE '-DG_LOG_DOMAIN="libfprint"' -Wimplicit-function-declaration -Wmissing-prototypes -Wnested-externs -Wold-style-definition -Wstrict-prototypes -Werror=implicit -Werror=pointer-to-int-cast -O2 -flto=auto -ffat-lto-objects -fexceptions -g -grecord-gcc-switches -pipe -Wall -Werror=format-security -Wp,-U_FORTIFY_SOURCE,-D_FORTIFY_SOURCE=3 -Wp,-D_GLIBCXX_ASSERTIONS -specs=/usr/lib/rpm/redhat/redhat-hardened-cc1 -fstack-protector-strong -specs=/usr/lib/rpm/redhat/redhat-annobin-cc1 -m64 -march=x86-64 -mtune=generic -fasynchronous-unwind-tables -fstack-clash-protection -fcf-protection -mtls-dialect=gnu2 -fno-omit-frame-pointer -mno-omit-leaf-frame-pointer -pthread -DWITH_GZFILEOP -MD -MQ examples/enroll.p/enroll.c.o -MF examples/enroll.p/enroll.c.o.d -o examples/enroll.p/enroll.c.o -c ../examples/enroll.c
[68/101] gcc -Ilibfprint/libfprint-drivers.a.p -Ilibfprint -I../libfprint -I. -I.. -Ilibfprint/nbis/include -I../libfprint/nbis/include -Ilibfprint/nbis/libfprint-include -I../libfprint/nbis/libfprint-include -I/usr/include/gio-unix-2.0 -I/usr/include/glib-2.0 -I/usr/lib64/glib-2.0/include -I/usr/include/libmount -I/usr/include/blkid -I/usr/include/sysprof-6 -I/usr/include/gusb-1 -I/usr/include/libusb-1.0 -I/usr/include/json-glib-1.0 -fdiagnostics-color=always -D_FILE_OFFSET_BITS=64 -Wall -Winvalid-pch -std=gnu99 -Wall -Wcast-align -Wformat-nonliteral -Wformat-security -Wformat=2 -Wignored-qualifiers -Wlogical-op -Wmissing-declarations -Wmissing-format-attribute -Wmissing-include-dirs -Wmissing-noreturn -Wpointer-arith -Wshadow -Wswitch-enum -Wtype-limits -Wundef -Wunused -Werror=address -Werror=empty-body -Werror=init-self -Werror=int-to-pointer-cast -Werror=main -Werror=missing-braces -Werror=nonnull -Werror=redundant-decls -Werror=return-type -Werror=sequence-point -Werror=trigraphs -Werror=write-strings -fno-strict-aliasing -DGLIB_VERSION_MIN_REQUIRED=GLIB_VERSION_2_56 -DGLIB_VERSION_MAX_ALLOWED=GLIB_VERSION_2_56 -D_GNU_SOURCE '-DG_LOG_DOMAIN="libfprint"' -Wimplicit-function-declaration -Wmissing-prototypes -Wnested-externs -Wold-style-definition -Wstrict-prototypes -Werror=implicit -Werror=pointer-to-int-cast -O2 -flto=auto -ffat-lto-objects -fexceptions -g -grecord-gcc-switches -pipe -Wall -Werror=format-security -Wp,-U_FORTIFY_SOURCE,-D_FORTIFY_SOURCE=3 -Wp,-D_GLIBCXX_ASSERTIONS -specs=/usr/lib/rpm/redhat/redhat-hardened-cc1 -fstack-protector-strong -specs=/usr/lib/rpm/redhat/redhat-annobin-cc1 -m64 -march=x86-64 -mtune=generic -fasynchronous-unwind-tables -fstack-clash-protection -fcf-protection -mtls-dialect=gnu2 -fno-omit-frame-pointer -mno-omit-leaf-frame-pointer -fPIC -pthread -DWITH_GZFILEOP -MD -MQ libfprint/libfprint-drivers.a.p/drivers_goodixtls_goodix55x4.c.o -MF libfprint/libfprint-drivers.a.p/drivers_goodixtls_goodix55x4.c.o.d -o libfprint/libfprint-drivers.a.p/drivers_goodixtls_goodix55x4.c.o -c ../libfprint/drivers/goodixtls/goodix55x4.c
../libfprint/drivers/goodixtls/goodix55x4.c: In function ‘dev_change_state’:
../libfprint/drivers/goodixtls/goodix55x4.c:1512:3: warning: enumeration value ‘FPI_IMAGE_DEVICE_STATE_INACTIVE’ not handled in switch [-Wswitch]
 1512 |   switch (state) {
      |   ^~~~~~
../libfprint/drivers/goodixtls/goodix55x4.c:1512:3: warning: enumeration value ‘FPI_IMAGE_DEVICE_STATE_ACTIVATING’ not handled in switch [-Wswitch]
../libfprint/drivers/goodixtls/goodix55x4.c:1512:3: warning: enumeration value ‘FPI_IMAGE_DEVICE_STATE_DEACTIVATING’ not handled in switch [-Wswitch]
../libfprint/drivers/goodixtls/goodix55x4.c:1512:3: warning: enumeration value ‘FPI_IMAGE_DEVICE_STATE_IDLE’ not handled in switch [-Wswitch]
../libfprint/drivers/goodixtls/goodix55x4.c:1512:3: warning: enumeration value ‘FPI_IMAGE_DEVICE_STATE_CAPTURE’ not handled in switch [-Wswitch]
../libfprint/drivers/goodixtls/goodix55x4.c:1512:3: warning: enumeration value ‘FPI_IMAGE_DEVICE_STATE_AWAIT_FINGER_OFF’ not handled in switch [-Wswitch]
../libfprint/drivers/goodixtls/goodix55x4.c: At top level:
../libfprint/drivers/goodixtls/goodix55x4.c:840:15: warning: ‘frame_ridge_score’ defined but not used [-Wunused-function]
  840 | static double frame_ridge_score(Goodix55X4Pix frame[GOODIX55X4_FRAME_SIZE],
      |               ^~~~~~~~~~~~~~~~~
../libfprint/drivers/goodixtls/goodix55x4.c:638:1: warning: ‘postprocess_frame’ defined but not used [-Wunused-function]
  638 | postprocess_frame(Goodix55X4Pix frame[GOODIX55X4_FRAME_SIZE],
      | ^~~~~~~~~~~~~~~~~
../libfprint/drivers/goodixtls/goodix55x4.c:607:13: warning: ‘squash_frame_linear’ defined but not used [-Wunused-function]
  607 | static void squash_frame_linear(Goodix55X4Pix *frame, guint8 *squashed) {
      |             ^~~~~~~~~~~~~~~~~~~
../libfprint/drivers/goodixtls/goodix55x4.c:593:13: warning: ‘squash_frame’ defined but not used [-Wunused-function]
  593 | static void squash_frame(Goodix55X4Pix *frame, guint8 *squashed) {
      |             ^~~~~~~~~~~~
../libfprint/drivers/goodixtls/goodix55x4.c:583:13: warning: ‘rotate_frame’ defined but not used [-Wunused-function]
  583 | static void rotate_frame(Goodix55X4Pix frame[GOODIX55X4_FRAME_SIZE]) {
      |             ^~~~~~~~~~~~
../libfprint/drivers/goodixtls/goodix55x4.c:579:12: warning: ‘goodix_cmp_short’ defined but not used [-Wunused-function]
  579 | static int goodix_cmp_short(const void *a, const void *b) {
      |            ^~~~~~~~~~~~~~~~
../libfprint/drivers/goodixtls/goodix55x4.c:550:22: warning: ‘get_pix’ defined but not used [-Wunused-function]
  550 | static unsigned char get_pix(struct fpi_frame_asmbl_ctx *ctx,
      |                      ^~~~~~~
../libfprint/drivers/goodixtls/goodix55x4.c:539:13: warning: ‘check_none_cmd’ defined but not used [-Wunused-function]
  539 | static void check_none_cmd(FpDevice *dev, guint8 *data, guint16 len,
      |             ^~~~~~~~~~~~~~
../libfprint/drivers/goodixtls/goodix55x4.c:415:13: warning: ‘check_mcu_pov_image’ defined but not used [-Wunused-function]
  415 | static void check_mcu_pov_image(FpDevice *dev, gboolean success,
      |             ^~~~~~~~~~~~~~~~~~~
../libfprint/drivers/goodixtls/goodix55x4.c:402:13: warning: ‘check_powerdown_scan_freq’ defined but not used [-Wunused-function]
  402 | static void check_powerdown_scan_freq(FpDevice *dev, gboolean success,
      |             ^~~~~~~~~~~~~~~~~~~~~~~~~
[69/101] gcc -Iexamples/enroll.p -Iexamples -I../examples -I. -I.. -Ilibfprint -I/usr/include/gio-unix-2.0 -I/usr/include/glib-2.0 -I/usr/lib64/glib-2.0/include -I/usr/include/libmount -I/usr/include/blkid -I/usr/include/sysprof-6 -I/usr/include/gusb-1 -I/usr/include/libusb-1.0 -I/usr/include/json-glib-1.0 -fdiagnostics-color=always -D_FILE_OFFSET_BITS=64 -Wall -Winvalid-pch -std=gnu99 -Wall -Wcast-align -Wformat-nonliteral -Wformat-security -Wformat=2 -Wignored-qualifiers -Wlogical-op -Wmissing-declarations -Wmissing-format-attribute -Wmissing-include-dirs -Wmissing-noreturn -Wpointer-arith -Wshadow -Wswitch-enum -Wtype-limits -Wundef -Wunused -Werror=address -Werror=empty-body -Werror=init-self -Werror=int-to-pointer-cast -Werror=main -Werror=missing-braces -Werror=nonnull -Werror=redundant-decls -Werror=return-type -Werror=sequence-point -Werror=trigraphs -Werror=write-strings -fno-strict-aliasing -DGLIB_VERSION_MIN_REQUIRED=GLIB_VERSION_2_56 -DGLIB_VERSION_MAX_ALLOWED=GLIB_VERSION_2_56 -D_GNU_SOURCE '-DG_LOG_DOMAIN="libfprint"' -Wimplicit-function-declaration -Wmissing-prototypes -Wnested-externs -Wold-style-definition -Wstrict-prototypes -Werror=implicit -Werror=pointer-to-int-cast -O2 -flto=auto -ffat-lto-objects -fexceptions -g -grecord-gcc-switches -pipe -Wall -Werror=format-security -Wp,-U_FORTIFY_SOURCE,-D_FORTIFY_SOURCE=3 -Wp,-D_GLIBCXX_ASSERTIONS -specs=/usr/lib/rpm/redhat/redhat-hardened-cc1 -fstack-protector-strong -specs=/usr/lib/rpm/redhat/redhat-annobin-cc1 -m64 -march=x86-64 -mtune=generic -fasynchronous-unwind-tables -fstack-clash-protection -fcf-protection -mtls-dialect=gnu2 -fno-omit-frame-pointer -mno-omit-leaf-frame-pointer -pthread -DWITH_GZFILEOP -MD -MQ examples/enroll.p/storage.c.o -MF examples/enroll.p/storage.c.o.d -o examples/enroll.p/storage.c.o -c ../examples/storage.c
[70/101] rm -f libfprint/libfprint-drivers.a && gcc-ar csrDT libfprint/libfprint-drivers.a libfprint/libfprint-drivers.a.p/drivers_goodixtls_goodix_proto.c.o libfprint/libfprint-drivers.a.p/drivers_goodixtls_goodix.c.o libfprint/libfprint-drivers.a.p/drivers_goodixtls_goodix511.c.o libfprint/libfprint-drivers.a.p/drivers_goodixtls_goodixtls.c.o libfprint/libfprint-drivers.a.p/drivers_goodixtls_goodix55x4.c.o libfprint/libfprint-drivers.a.p/meson-generated_.._fpi-drivers.c.o
[71/101] gcc -Iexamples/identify.p -Iexamples -I../examples -I. -I.. -Ilibfprint -I/usr/include/gio-unix-2.0 -I/usr/include/glib-2.0 -I/usr/lib64/glib-2.0/include -I/usr/include/libmount -I/usr/include/blkid -I/usr/include/sysprof-6 -I/usr/include/gusb-1 -I/usr/include/libusb-1.0 -I/usr/include/json-glib-1.0 -fdiagnostics-color=always -D_FILE_OFFSET_BITS=64 -Wall -Winvalid-pch -std=gnu99 -Wall -Wcast-align -Wformat-nonliteral -Wformat-security -Wformat=2 -Wignored-qualifiers -Wlogical-op -Wmissing-declarations -Wmissing-format-attribute -Wmissing-include-dirs -Wmissing-noreturn -Wpointer-arith -Wshadow -Wswitch-enum -Wtype-limits -Wundef -Wunused -Werror=address -Werror=empty-body -Werror=init-self -Werror=int-to-pointer-cast -Werror=main -Werror=missing-braces -Werror=nonnull -Werror=redundant-decls -Werror=return-type -Werror=sequence-point -Werror=trigraphs -Werror=write-strings -fno-strict-aliasing -DGLIB_VERSION_MIN_REQUIRED=GLIB_VERSION_2_56 -DGLIB_VERSION_MAX_ALLOWED=GLIB_VERSION_2_56 -D_GNU_SOURCE '-DG_LOG_DOMAIN="libfprint"' -Wimplicit-function-declaration -Wmissing-prototypes -Wnested-externs -Wold-style-definition -Wstrict-prototypes -Werror=implicit -Werror=pointer-to-int-cast -O2 -flto=auto -ffat-lto-objects -fexceptions -g -grecord-gcc-switches -pipe -Wall -Werror=format-security -Wp,-U_FORTIFY_SOURCE,-D_FORTIFY_SOURCE=3 -Wp,-D_GLIBCXX_ASSERTIONS -specs=/usr/lib/rpm/redhat/redhat-hardened-cc1 -fstack-protector-strong -specs=/usr/lib/rpm/redhat/redhat-annobin-cc1 -m64 -march=x86-64 -mtune=generic -fasynchronous-unwind-tables -fstack-clash-protection -fcf-protection -mtls-dialect=gnu2 -fno-omit-frame-pointer -mno-omit-leaf-frame-pointer -pthread -DWITH_GZFILEOP -MD -MQ examples/identify.p/identify.c.o -MF examples/identify.p/identify.c.o.d -o examples/identify.p/identify.c.o -c ../examples/identify.c
[72/101] gcc -Iexamples/identify.p -Iexamples -I../examples -I. -I.. -Ilibfprint -I/usr/include/gio-unix-2.0 -I/usr/include/glib-2.0 -I/usr/lib64/glib-2.0/include -I/usr/include/libmount -I/usr/include/blkid -I/usr/include/sysprof-6 -I/usr/include/gusb-1 -I/usr/include/libusb-1.0 -I/usr/include/json-glib-1.0 -fdiagnostics-color=always -D_FILE_OFFSET_BITS=64 -Wall -Winvalid-pch -std=gnu99 -Wall -Wcast-align -Wformat-nonliteral -Wformat-security -Wformat=2 -Wignored-qualifiers -Wlogical-op -Wmissing-declarations -Wmissing-format-attribute -Wmissing-include-dirs -Wmissing-noreturn -Wpointer-arith -Wshadow -Wswitch-enum -Wtype-limits -Wundef -Wunused -Werror=address -Werror=empty-body -Werror=init-self -Werror=int-to-pointer-cast -Werror=main -Werror=missing-braces -Werror=nonnull -Werror=redundant-decls -Werror=return-type -Werror=sequence-point -Werror=trigraphs -Werror=write-strings -fno-strict-aliasing -DGLIB_VERSION_MIN_REQUIRED=GLIB_VERSION_2_56 -DGLIB_VERSION_MAX_ALLOWED=GLIB_VERSION_2_56 -D_GNU_SOURCE '-DG_LOG_DOMAIN="libfprint"' -Wimplicit-function-declaration -Wmissing-prototypes -Wnested-externs -Wold-style-definition -Wstrict-prototypes -Werror=implicit -Werror=pointer-to-int-cast -O2 -flto=auto -ffat-lto-objects -fexceptions -g -grecord-gcc-switches -pipe -Wall -Werror=format-security -Wp,-U_FORTIFY_SOURCE,-D_FORTIFY_SOURCE=3 -Wp,-D_GLIBCXX_ASSERTIONS -specs=/usr/lib/rpm/redhat/redhat-hardened-cc1 -fstack-protector-strong -specs=/usr/lib/rpm/redhat/redhat-annobin-cc1 -m64 -march=x86-64 -mtune=generic -fasynchronous-unwind-tables -fstack-clash-protection -fcf-protection -mtls-dialect=gnu2 -fno-omit-frame-pointer -mno-omit-leaf-frame-pointer -pthread -DWITH_GZFILEOP -MD -MQ examples/identify.p/utilities.c.o -MF examples/identify.p/utilities.c.o.d -o examples/identify.p/utilities.c.o -c ../examples/utilities.c
[73/101] gcc -Iexamples/identify.p -Iexamples -I../examples -I. -I.. -Ilibfprint -I/usr/include/gio-unix-2.0 -I/usr/include/glib-2.0 -I/usr/lib64/glib-2.0/include -I/usr/include/libmount -I/usr/include/blkid -I/usr/include/sysprof-6 -I/usr/include/gusb-1 -I/usr/include/libusb-1.0 -I/usr/include/json-glib-1.0 -fdiagnostics-color=always -D_FILE_OFFSET_BITS=64 -Wall -Winvalid-pch -std=gnu99 -Wall -Wcast-align -Wformat-nonliteral -Wformat-security -Wformat=2 -Wignored-qualifiers -Wlogical-op -Wmissing-declarations -Wmissing-format-attribute -Wmissing-include-dirs -Wmissing-noreturn -Wpointer-arith -Wshadow -Wswitch-enum -Wtype-limits -Wundef -Wunused -Werror=address -Werror=empty-body -Werror=init-self -Werror=int-to-pointer-cast -Werror=main -Werror=missing-braces -Werror=nonnull -Werror=redundant-decls -Werror=return-type -Werror=sequence-point -Werror=trigraphs -Werror=write-strings -fno-strict-aliasing -DGLIB_VERSION_MIN_REQUIRED=GLIB_VERSION_2_56 -DGLIB_VERSION_MAX_ALLOWED=GLIB_VERSION_2_56 -D_GNU_SOURCE '-DG_LOG_DOMAIN="libfprint"' -Wimplicit-function-declaration -Wmissing-prototypes -Wnested-externs -Wold-style-definition -Wstrict-prototypes -Werror=implicit -Werror=pointer-to-int-cast -O2 -flto=auto -ffat-lto-objects -fexceptions -g -grecord-gcc-switches -pipe -Wall -Werror=format-security -Wp,-U_FORTIFY_SOURCE,-D_FORTIFY_SOURCE=3 -Wp,-D_GLIBCXX_ASSERTIONS -specs=/usr/lib/rpm/redhat/redhat-hardened-cc1 -fstack-protector-strong -specs=/usr/lib/rpm/redhat/redhat-annobin-cc1 -m64 -march=x86-64 -mtune=generic -fasynchronous-unwind-tables -fstack-clash-protection -fcf-protection -mtls-dialect=gnu2 -fno-omit-frame-pointer -mno-omit-leaf-frame-pointer -pthread -DWITH_GZFILEOP -MD -MQ examples/identify.p/storage.c.o -MF examples/identify.p/storage.c.o.d -o examples/identify.p/storage.c.o -c ../examples/storage.c
[74/101] gcc -Iexamples/img-capture.p -Iexamples -I../examples -I. -I.. -Ilibfprint -I/usr/include/gio-unix-2.0 -I/usr/include/glib-2.0 -I/usr/lib64/glib-2.0/include -I/usr/include/libmount -I/usr/include/blkid -I/usr/include/sysprof-6 -I/usr/include/gusb-1 -I/usr/include/libusb-1.0 -I/usr/include/json-glib-1.0 -fdiagnostics-color=always -D_FILE_OFFSET_BITS=64 -Wall -Winvalid-pch -std=gnu99 -Wall -Wcast-align -Wformat-nonliteral -Wformat-security -Wformat=2 -Wignored-qualifiers -Wlogical-op -Wmissing-declarations -Wmissing-format-attribute -Wmissing-include-dirs -Wmissing-noreturn -Wpointer-arith -Wshadow -Wswitch-enum -Wtype-limits -Wundef -Wunused -Werror=address -Werror=empty-body -Werror=init-self -Werror=int-to-pointer-cast -Werror=main -Werror=missing-braces -Werror=nonnull -Werror=redundant-decls -Werror=return-type -Werror=sequence-point -Werror=trigraphs -Werror=write-strings -fno-strict-aliasing -DGLIB_VERSION_MIN_REQUIRED=GLIB_VERSION_2_56 -DGLIB_VERSION_MAX_ALLOWED=GLIB_VERSION_2_56 -D_GNU_SOURCE '-DG_LOG_DOMAIN="libfprint"' -Wimplicit-function-declaration -Wmissing-prototypes -Wnested-externs -Wold-style-definition -Wstrict-prototypes -Werror=implicit -Werror=pointer-to-int-cast -O2 -flto=auto -ffat-lto-objects -fexceptions -g -grecord-gcc-switches -pipe -Wall -Werror=format-security -Wp,-U_FORTIFY_SOURCE,-D_FORTIFY_SOURCE=3 -Wp,-D_GLIBCXX_ASSERTIONS -specs=/usr/lib/rpm/redhat/redhat-hardened-cc1 -fstack-protector-strong -specs=/usr/lib/rpm/redhat/redhat-annobin-cc1 -m64 -march=x86-64 -mtune=generic -fasynchronous-unwind-tables -fstack-clash-protection -fcf-protection -mtls-dialect=gnu2 -fno-omit-frame-pointer -mno-omit-leaf-frame-pointer -pthread -DWITH_GZFILEOP -MD -MQ examples/img-capture.p/img-capture.c.o -MF examples/img-capture.p/img-capture.c.o.d -o examples/img-capture.p/img-capture.c.o -c ../examples/img-capture.c
[75/101] gcc -Iexamples/img-capture.p -Iexamples -I../examples -I. -I.. -Ilibfprint -I/usr/include/gio-unix-2.0 -I/usr/include/glib-2.0 -I/usr/lib64/glib-2.0/include -I/usr/include/libmount -I/usr/include/blkid -I/usr/include/sysprof-6 -I/usr/include/gusb-1 -I/usr/include/libusb-1.0 -I/usr/include/json-glib-1.0 -fdiagnostics-color=always -D_FILE_OFFSET_BITS=64 -Wall -Winvalid-pch -std=gnu99 -Wall -Wcast-align -Wformat-nonliteral -Wformat-security -Wformat=2 -Wignored-qualifiers -Wlogical-op -Wmissing-declarations -Wmissing-format-attribute -Wmissing-include-dirs -Wmissing-noreturn -Wpointer-arith -Wshadow -Wswitch-enum -Wtype-limits -Wundef -Wunused -Werror=address -Werror=empty-body -Werror=init-self -Werror=int-to-pointer-cast -Werror=main -Werror=missing-braces -Werror=nonnull -Werror=redundant-decls -Werror=return-type -Werror=sequence-point -Werror=trigraphs -Werror=write-strings -fno-strict-aliasing -DGLIB_VERSION_MIN_REQUIRED=GLIB_VERSION_2_56 -DGLIB_VERSION_MAX_ALLOWED=GLIB_VERSION_2_56 -D_GNU_SOURCE '-DG_LOG_DOMAIN="libfprint"' -Wimplicit-function-declaration -Wmissing-prototypes -Wnested-externs -Wold-style-definition -Wstrict-prototypes -Werror=implicit -Werror=pointer-to-int-cast -O2 -flto=auto -ffat-lto-objects -fexceptions -g -grecord-gcc-switches -pipe -Wall -Werror=format-security -Wp,-U_FORTIFY_SOURCE,-D_FORTIFY_SOURCE=3 -Wp,-D_GLIBCXX_ASSERTIONS -specs=/usr/lib/rpm/redhat/redhat-hardened-cc1 -fstack-protector-strong -specs=/usr/lib/rpm/redhat/redhat-annobin-cc1 -m64 -march=x86-64 -mtune=generic -fasynchronous-unwind-tables -fstack-clash-protection -fcf-protection -mtls-dialect=gnu2 -fno-omit-frame-pointer -mno-omit-leaf-frame-pointer -pthread -DWITH_GZFILEOP -MD -MQ examples/img-capture.p/storage.c.o -MF examples/img-capture.p/storage.c.o.d -o examples/img-capture.p/storage.c.o -c ../examples/storage.c
[76/101] gcc -Iexamples/img-capture.p -Iexamples -I../examples -I. -I.. -Ilibfprint -I/usr/include/gio-unix-2.0 -I/usr/include/glib-2.0 -I/usr/lib64/glib-2.0/include -I/usr/include/libmount -I/usr/include/blkid -I/usr/include/sysprof-6 -I/usr/include/gusb-1 -I/usr/include/libusb-1.0 -I/usr/include/json-glib-1.0 -fdiagnostics-color=always -D_FILE_OFFSET_BITS=64 -Wall -Winvalid-pch -std=gnu99 -Wall -Wcast-align -Wformat-nonliteral -Wformat-security -Wformat=2 -Wignored-qualifiers -Wlogical-op -Wmissing-declarations -Wmissing-format-attribute -Wmissing-include-dirs -Wmissing-noreturn -Wpointer-arith -Wshadow -Wswitch-enum -Wtype-limits -Wundef -Wunused -Werror=address -Werror=empty-body -Werror=init-self -Werror=int-to-pointer-cast -Werror=main -Werror=missing-braces -Werror=nonnull -Werror=redundant-decls -Werror=return-type -Werror=sequence-point -Werror=trigraphs -Werror=write-strings -fno-strict-aliasing -DGLIB_VERSION_MIN_REQUIRED=GLIB_VERSION_2_56 -DGLIB_VERSION_MAX_ALLOWED=GLIB_VERSION_2_56 -D_GNU_SOURCE '-DG_LOG_DOMAIN="libfprint"' -Wimplicit-function-declaration -Wmissing-prototypes -Wnested-externs -Wold-style-definition -Wstrict-prototypes -Werror=implicit -Werror=pointer-to-int-cast -O2 -flto=auto -ffat-lto-objects -fexceptions -g -grecord-gcc-switches -pipe -Wall -Werror=format-security -Wp,-U_FORTIFY_SOURCE,-D_FORTIFY_SOURCE=3 -Wp,-D_GLIBCXX_ASSERTIONS -specs=/usr/lib/rpm/redhat/redhat-hardened-cc1 -fstack-protector-strong -specs=/usr/lib/rpm/redhat/redhat-annobin-cc1 -m64 -march=x86-64 -mtune=generic -fasynchronous-unwind-tables -fstack-clash-protection -fcf-protection -mtls-dialect=gnu2 -fno-omit-frame-pointer -mno-omit-leaf-frame-pointer -pthread -DWITH_GZFILEOP -MD -MQ examples/img-capture.p/utilities.c.o -MF examples/img-capture.p/utilities.c.o.d -o examples/img-capture.p/utilities.c.o -c ../examples/utilities.c
[77/101] gcc -Iexamples/manage-prints.p -Iexamples -I../examples -I. -I.. -Ilibfprint -I/usr/include/gio-unix-2.0 -I/usr/include/glib-2.0 -I/usr/lib64/glib-2.0/include -I/usr/include/libmount -I/usr/include/blkid -I/usr/include/sysprof-6 -I/usr/include/gusb-1 -I/usr/include/libusb-1.0 -I/usr/include/json-glib-1.0 -fdiagnostics-color=always -D_FILE_OFFSET_BITS=64 -Wall -Winvalid-pch -std=gnu99 -Wall -Wcast-align -Wformat-nonliteral -Wformat-security -Wformat=2 -Wignored-qualifiers -Wlogical-op -Wmissing-declarations -Wmissing-format-attribute -Wmissing-include-dirs -Wmissing-noreturn -Wpointer-arith -Wshadow -Wswitch-enum -Wtype-limits -Wundef -Wunused -Werror=address -Werror=empty-body -Werror=init-self -Werror=int-to-pointer-cast -Werror=main -Werror=missing-braces -Werror=nonnull -Werror=redundant-decls -Werror=return-type -Werror=sequence-point -Werror=trigraphs -Werror=write-strings -fno-strict-aliasing -DGLIB_VERSION_MIN_REQUIRED=GLIB_VERSION_2_56 -DGLIB_VERSION_MAX_ALLOWED=GLIB_VERSION_2_56 -D_GNU_SOURCE '-DG_LOG_DOMAIN="libfprint"' -Wimplicit-function-declaration -Wmissing-prototypes -Wnested-externs -Wold-style-definition -Wstrict-prototypes -Werror=implicit -Werror=pointer-to-int-cast -O2 -flto=auto -ffat-lto-objects -fexceptions -g -grecord-gcc-switches -pipe -Wall -Werror=format-security -Wp,-U_FORTIFY_SOURCE,-D_FORTIFY_SOURCE=3 -Wp,-D_GLIBCXX_ASSERTIONS -specs=/usr/lib/rpm/redhat/redhat-hardened-cc1 -fstack-protector-strong -specs=/usr/lib/rpm/redhat/redhat-annobin-cc1 -m64 -march=x86-64 -mtune=generic -fasynchronous-unwind-tables -fstack-clash-protection -fcf-protection -mtls-dialect=gnu2 -fno-omit-frame-pointer -mno-omit-leaf-frame-pointer -pthread -DWITH_GZFILEOP -MD -MQ examples/manage-prints.p/utilities.c.o -MF examples/manage-prints.p/utilities.c.o.d -o examples/manage-prints.p/utilities.c.o -c ../examples/utilities.c
[78/101] gcc -Iexamples/manage-prints.p -Iexamples -I../examples -I. -I.. -Ilibfprint -I/usr/include/gio-unix-2.0 -I/usr/include/glib-2.0 -I/usr/lib64/glib-2.0/include -I/usr/include/libmount -I/usr/include/blkid -I/usr/include/sysprof-6 -I/usr/include/gusb-1 -I/usr/include/libusb-1.0 -I/usr/include/json-glib-1.0 -fdiagnostics-color=always -D_FILE_OFFSET_BITS=64 -Wall -Winvalid-pch -std=gnu99 -Wall -Wcast-align -Wformat-nonliteral -Wformat-security -Wformat=2 -Wignored-qualifiers -Wlogical-op -Wmissing-declarations -Wmissing-format-attribute -Wmissing-include-dirs -Wmissing-noreturn -Wpointer-arith -Wshadow -Wswitch-enum -Wtype-limits -Wundef -Wunused -Werror=address -Werror=empty-body -Werror=init-self -Werror=int-to-pointer-cast -Werror=main -Werror=missing-braces -Werror=nonnull -Werror=redundant-decls -Werror=return-type -Werror=sequence-point -Werror=trigraphs -Werror=write-strings -fno-strict-aliasing -DGLIB_VERSION_MIN_REQUIRED=GLIB_VERSION_2_56 -DGLIB_VERSION_MAX_ALLOWED=GLIB_VERSION_2_56 -D_GNU_SOURCE '-DG_LOG_DOMAIN="libfprint"' -Wimplicit-function-declaration -Wmissing-prototypes -Wnested-externs -Wold-style-definition -Wstrict-prototypes -Werror=implicit -Werror=pointer-to-int-cast -O2 -flto=auto -ffat-lto-objects -fexceptions -g -grecord-gcc-switches -pipe -Wall -Werror=format-security -Wp,-U_FORTIFY_SOURCE,-D_FORTIFY_SOURCE=3 -Wp,-D_GLIBCXX_ASSERTIONS -specs=/usr/lib/rpm/redhat/redhat-hardened-cc1 -fstack-protector-strong -specs=/usr/lib/rpm/redhat/redhat-annobin-cc1 -m64 -march=x86-64 -mtune=generic -fasynchronous-unwind-tables -fstack-clash-protection -fcf-protection -mtls-dialect=gnu2 -fno-omit-frame-pointer -mno-omit-leaf-frame-pointer -pthread -DWITH_GZFILEOP -MD -MQ examples/manage-prints.p/manage-prints.c.o -MF examples/manage-prints.p/manage-prints.c.o.d -o examples/manage-prints.p/manage-prints.c.o -c ../examples/manage-prints.c
[79/101] gcc -Iexamples/manage-prints.p -Iexamples -I../examples -I. -I.. -Ilibfprint -I/usr/include/gio-unix-2.0 -I/usr/include/glib-2.0 -I/usr/lib64/glib-2.0/include -I/usr/include/libmount -I/usr/include/blkid -I/usr/include/sysprof-6 -I/usr/include/gusb-1 -I/usr/include/libusb-1.0 -I/usr/include/json-glib-1.0 -fdiagnostics-color=always -D_FILE_OFFSET_BITS=64 -Wall -Winvalid-pch -std=gnu99 -Wall -Wcast-align -Wformat-nonliteral -Wformat-security -Wformat=2 -Wignored-qualifiers -Wlogical-op -Wmissing-declarations -Wmissing-format-attribute -Wmissing-include-dirs -Wmissing-noreturn -Wpointer-arith -Wshadow -Wswitch-enum -Wtype-limits -Wundef -Wunused -Werror=address -Werror=empty-body -Werror=init-self -Werror=int-to-pointer-cast -Werror=main -Werror=missing-braces -Werror=nonnull -Werror=redundant-decls -Werror=return-type -Werror=sequence-point -Werror=trigraphs -Werror=write-strings -fno-strict-aliasing -DGLIB_VERSION_MIN_REQUIRED=GLIB_VERSION_2_56 -DGLIB_VERSION_MAX_ALLOWED=GLIB_VERSION_2_56 -D_GNU_SOURCE '-DG_LOG_DOMAIN="libfprint"' -Wimplicit-function-declaration -Wmissing-prototypes -Wnested-externs -Wold-style-definition -Wstrict-prototypes -Werror=implicit -Werror=pointer-to-int-cast -O2 -flto=auto -ffat-lto-objects -fexceptions -g -grecord-gcc-switches -pipe -Wall -Werror=format-security -Wp,-U_FORTIFY_SOURCE,-D_FORTIFY_SOURCE=3 -Wp,-D_GLIBCXX_ASSERTIONS -specs=/usr/lib/rpm/redhat/redhat-hardened-cc1 -fstack-protector-strong -specs=/usr/lib/rpm/redhat/redhat-annobin-cc1 -m64 -march=x86-64 -mtune=generic -fasynchronous-unwind-tables -fstack-clash-protection -fcf-protection -mtls-dialect=gnu2 -fno-omit-frame-pointer -mno-omit-leaf-frame-pointer -pthread -DWITH_GZFILEOP -MD -MQ examples/manage-prints.p/storage.c.o -MF examples/manage-prints.p/storage.c.o.d -o examples/manage-prints.p/storage.c.o -c ../examples/storage.c
[80/101] gcc -Iexamples/verify.p -Iexamples -I../examples -I. -I.. -Ilibfprint -I/usr/include/gio-unix-2.0 -I/usr/include/glib-2.0 -I/usr/lib64/glib-2.0/include -I/usr/include/libmount -I/usr/include/blkid -I/usr/include/sysprof-6 -I/usr/include/gusb-1 -I/usr/include/libusb-1.0 -I/usr/include/json-glib-1.0 -fdiagnostics-color=always -D_FILE_OFFSET_BITS=64 -Wall -Winvalid-pch -std=gnu99 -Wall -Wcast-align -Wformat-nonliteral -Wformat-security -Wformat=2 -Wignored-qualifiers -Wlogical-op -Wmissing-declarations -Wmissing-format-attribute -Wmissing-include-dirs -Wmissing-noreturn -Wpointer-arith -Wshadow -Wswitch-enum -Wtype-limits -Wundef -Wunused -Werror=address -Werror=empty-body -Werror=init-self -Werror=int-to-pointer-cast -Werror=main -Werror=missing-braces -Werror=nonnull -Werror=redundant-decls -Werror=return-type -Werror=sequence-point -Werror=trigraphs -Werror=write-strings -fno-strict-aliasing -DGLIB_VERSION_MIN_REQUIRED=GLIB_VERSION_2_56 -DGLIB_VERSION_MAX_ALLOWED=GLIB_VERSION_2_56 -D_GNU_SOURCE '-DG_LOG_DOMAIN="libfprint"' -Wimplicit-function-declaration -Wmissing-prototypes -Wnested-externs -Wold-style-definition -Wstrict-prototypes -Werror=implicit -Werror=pointer-to-int-cast -O2 -flto=auto -ffat-lto-objects -fexceptions -g -grecord-gcc-switches -pipe -Wall -Werror=format-security -Wp,-U_FORTIFY_SOURCE,-D_FORTIFY_SOURCE=3 -Wp,-D_GLIBCXX_ASSERTIONS -specs=/usr/lib/rpm/redhat/redhat-hardened-cc1 -fstack-protector-strong -specs=/usr/lib/rpm/redhat/redhat-annobin-cc1 -m64 -march=x86-64 -mtune=generic -fasynchronous-unwind-tables -fstack-clash-protection -fcf-protection -mtls-dialect=gnu2 -fno-omit-frame-pointer -mno-omit-leaf-frame-pointer -pthread -DWITH_GZFILEOP -MD -MQ examples/verify.p/utilities.c.o -MF examples/verify.p/utilities.c.o.d -o examples/verify.p/utilities.c.o -c ../examples/utilities.c
[81/101] gcc -Iexamples/verify.p -Iexamples -I../examples -I. -I.. -Ilibfprint -I/usr/include/gio-unix-2.0 -I/usr/include/glib-2.0 -I/usr/lib64/glib-2.0/include -I/usr/include/libmount -I/usr/include/blkid -I/usr/include/sysprof-6 -I/usr/include/gusb-1 -I/usr/include/libusb-1.0 -I/usr/include/json-glib-1.0 -fdiagnostics-color=always -D_FILE_OFFSET_BITS=64 -Wall -Winvalid-pch -std=gnu99 -Wall -Wcast-align -Wformat-nonliteral -Wformat-security -Wformat=2 -Wignored-qualifiers -Wlogical-op -Wmissing-declarations -Wmissing-format-attribute -Wmissing-include-dirs -Wmissing-noreturn -Wpointer-arith -Wshadow -Wswitch-enum -Wtype-limits -Wundef -Wunused -Werror=address -Werror=empty-body -Werror=init-self -Werror=int-to-pointer-cast -Werror=main -Werror=missing-braces -Werror=nonnull -Werror=redundant-decls -Werror=return-type -Werror=sequence-point -Werror=trigraphs -Werror=write-strings -fno-strict-aliasing -DGLIB_VERSION_MIN_REQUIRED=GLIB_VERSION_2_56 -DGLIB_VERSION_MAX_ALLOWED=GLIB_VERSION_2_56 -D_GNU_SOURCE '-DG_LOG_DOMAIN="libfprint"' -Wimplicit-function-declaration -Wmissing-prototypes -Wnested-externs -Wold-style-definition -Wstrict-prototypes -Werror=implicit -Werror=pointer-to-int-cast -O2 -flto=auto -ffat-lto-objects -fexceptions -g -grecord-gcc-switches -pipe -Wall -Werror=format-security -Wp,-U_FORTIFY_SOURCE,-D_FORTIFY_SOURCE=3 -Wp,-D_GLIBCXX_ASSERTIONS -specs=/usr/lib/rpm/redhat/redhat-hardened-cc1 -fstack-protector-strong -specs=/usr/lib/rpm/redhat/redhat-annobin-cc1 -m64 -march=x86-64 -mtune=generic -fasynchronous-unwind-tables -fstack-clash-protection -fcf-protection -mtls-dialect=gnu2 -fno-omit-frame-pointer -mno-omit-leaf-frame-pointer -pthread -DWITH_GZFILEOP -MD -MQ examples/verify.p/storage.c.o -MF examples/verify.p/storage.c.o.d -o examples/verify.p/storage.c.o -c ../examples/storage.c
[82/101] gcc -Iexamples/verify.p -Iexamples -I../examples -I. -I.. -Ilibfprint -I/usr/include/gio-unix-2.0 -I/usr/include/glib-2.0 -I/usr/lib64/glib-2.0/include -I/usr/include/libmount -I/usr/include/blkid -I/usr/include/sysprof-6 -I/usr/include/gusb-1 -I/usr/include/libusb-1.0 -I/usr/include/json-glib-1.0 -fdiagnostics-color=always -D_FILE_OFFSET_BITS=64 -Wall -Winvalid-pch -std=gnu99 -Wall -Wcast-align -Wformat-nonliteral -Wformat-security -Wformat=2 -Wignored-qualifiers -Wlogical-op -Wmissing-declarations -Wmissing-format-attribute -Wmissing-include-dirs -Wmissing-noreturn -Wpointer-arith -Wshadow -Wswitch-enum -Wtype-limits -Wundef -Wunused -Werror=address -Werror=empty-body -Werror=init-self -Werror=int-to-pointer-cast -Werror=main -Werror=missing-braces -Werror=nonnull -Werror=redundant-decls -Werror=return-type -Werror=sequence-point -Werror=trigraphs -Werror=write-strings -fno-strict-aliasing -DGLIB_VERSION_MIN_REQUIRED=GLIB_VERSION_2_56 -DGLIB_VERSION_MAX_ALLOWED=GLIB_VERSION_2_56 -D_GNU_SOURCE '-DG_LOG_DOMAIN="libfprint"' -Wimplicit-function-declaration -Wmissing-prototypes -Wnested-externs -Wold-style-definition -Wstrict-prototypes -Werror=implicit -Werror=pointer-to-int-cast -O2 -flto=auto -ffat-lto-objects -fexceptions -g -grecord-gcc-switches -pipe -Wall -Werror=format-security -Wp,-U_FORTIFY_SOURCE,-D_FORTIFY_SOURCE=3 -Wp,-D_GLIBCXX_ASSERTIONS -specs=/usr/lib/rpm/redhat/redhat-hardened-cc1 -fstack-protector-strong -specs=/usr/lib/rpm/redhat/redhat-annobin-cc1 -m64 -march=x86-64 -mtune=generic -fasynchronous-unwind-tables -fstack-clash-protection -fcf-protection -mtls-dialect=gnu2 -fno-omit-frame-pointer -mno-omit-leaf-frame-pointer -pthread -DWITH_GZFILEOP -MD -MQ examples/verify.p/verify.c.o -MF examples/verify.p/verify.c.o.d -o examples/verify.p/verify.c.o -c ../examples/verify.c
[83/101] g++ -Iexamples/cpp-test.p -Iexamples -I../examples -I. -I.. -Ilibfprint -I/usr/include/gio-unix-2.0 -I/usr/include/glib-2.0 -I/usr/lib64/glib-2.0/include -I/usr/include/libmount -I/usr/include/blkid -I/usr/include/sysprof-6 -I/usr/include/gusb-1 -I/usr/include/libusb-1.0 -I/usr/include/json-glib-1.0 -fdiagnostics-color=always -D_GLIBCXX_ASSERTIONS=1 -D_FILE_OFFSET_BITS=64 -Wall -Winvalid-pch -Wall -Wcast-align -Wformat-nonliteral -Wformat-security -Wformat=2 -Wignored-qualifiers -Wlogical-op -Wmissing-declarations -Wmissing-format-attribute -Wmissing-include-dirs -Wmissing-noreturn -Wpointer-arith -Wshadow -Wswitch-enum -Wtype-limits -Wundef -Wunused -Werror=address -Werror=empty-body -Werror=init-self -Werror=int-to-pointer-cast -Werror=main -Werror=missing-braces -Werror=nonnull -Werror=redundant-decls -Werror=return-type -Werror=sequence-point -Werror=trigraphs -Werror=write-strings -fno-strict-aliasing -DGLIB_VERSION_MIN_REQUIRED=GLIB_VERSION_2_56 -DGLIB_VERSION_MAX_ALLOWED=GLIB_VERSION_2_56 -D_GNU_SOURCE '-DG_LOG_DOMAIN="libfprint"' -O2 -flto=auto -ffat-lto-objects -fexceptions -g -grecord-gcc-switches -pipe -Wall -Werror=format-security -Wp,-U_FORTIFY_SOURCE,-D_FORTIFY_SOURCE=3 -Wp,-D_GLIBCXX_ASSERTIONS -specs=/usr/lib/rpm/redhat/redhat-hardened-cc1 -fstack-protector-strong -specs=/usr/lib/rpm/redhat/redhat-annobin-cc1 -m64 -march=x86-64 -mtune=generic -fasynchronous-unwind-tables -fstack-clash-protection -fcf-protection -mtls-dialect=gnu2 -fno-omit-frame-pointer -mno-omit-leaf-frame-pointer -pthread -DWITH_GZFILEOP -MD -MQ examples/cpp-test.p/cpp-test.cpp.o -MF examples/cpp-test.p/cpp-test.cpp.o.d -o examples/cpp-test.p/cpp-test.cpp.o -c ../examples/cpp-test.cpp
[84/101] gcc -Itests/test-fpi-ssm.p -Itests -I../tests -Ilibfprint -I../libfprint -I. -I.. -Ilibfprint/nbis/include -I../libfprint/nbis/include -Ilibfprint/nbis/libfprint-include -I../libfprint/nbis/libfprint-include -I/usr/include/gio-unix-2.0 -I/usr/include/glib-2.0 -I/usr/lib64/glib-2.0/include -I/usr/include/libmount -I/usr/include/blkid -I/usr/include/sysprof-6 -I/usr/include/gusb-1 -I/usr/include/libusb-1.0 -I/usr/include/json-glib-1.0 -fdiagnostics-color=always -D_FILE_OFFSET_BITS=64 -Wall -Winvalid-pch -std=gnu99 -Wall -Wcast-align -Wformat-nonliteral -Wformat-security -Wformat=2 -Wignored-qualifiers -Wlogical-op -Wmissing-declarations -Wmissing-format-attribute -Wmissing-include-dirs -Wmissing-noreturn -Wpointer-arith -Wshadow -Wswitch-enum -Wtype-limits -Wundef -Wunused -Werror=address -Werror=empty-body -Werror=init-self -Werror=int-to-pointer-cast -Werror=main -Werror=missing-braces -Werror=nonnull -Werror=redundant-decls -Werror=return-type -Werror=sequence-point -Werror=trigraphs -Werror=write-strings -fno-strict-aliasing -Wimplicit-function-declaration -Wmissing-prototypes -Wnested-externs -Wold-style-definition -Wstrict-prototypes -Werror=implicit -Werror=pointer-to-int-cast -O2 -flto=auto -ffat-lto-objects -fexceptions -g -grecord-gcc-switches -pipe -Wall -Werror=format-security -Wp,-U_FORTIFY_SOURCE,-D_FORTIFY_SOURCE=3 -Wp,-D_GLIBCXX_ASSERTIONS -specs=/usr/lib/rpm/redhat/redhat-hardened-cc1 -fstack-protector-strong -specs=/usr/lib/rpm/redhat/redhat-annobin-cc1 -m64 -march=x86-64 -mtune=generic -fasynchronous-unwind-tables -fstack-clash-protection -fcf-protection -mtls-dialect=gnu2 -fno-omit-frame-pointer -mno-omit-leaf-frame-pointer -pthread -DWITH_GZFILEOP -Wall -Wcast-align -Wformat-nonliteral -Wformat-security -Wformat=2 -Wignored-qualifiers -Wlogical-op -Wmissing-declarations -Wmissing-format-attribute -Wmissing-include-dirs -Wmissing-noreturn -Wpointer-arith -Wshadow -Wswitch-enum -Wtype-limits -Wundef -Wunused -Werror=address -Werror=empty-body -Werror=init-self -Werror=int-to-pointer-cast -Werror=main -Werror=missing-braces -Werror=nonnull -Werror=redundant-decls -Werror=return-type -Werror=sequence-point -Werror=trigraphs -Werror=write-strings -fno-strict-aliasing -DGLIB_VERSION_MIN_REQUIRED=GLIB_VERSION_2_56 -DGLIB_VERSION_MAX_ALLOWED=GLIB_VERSION_2_56 -D_GNU_SOURCE '-DG_LOG_DOMAIN="libfprint"' -MD -MQ tests/test-fpi-ssm.p/test-fpi-ssm.c.o -MF tests/test-fpi-ssm.p/test-fpi-ssm.c.o.d -o tests/test-fpi-ssm.p/test-fpi-ssm.c.o -c ../tests/test-fpi-ssm.c
[85/101] g++ -Ilibfprint/sigfm/libsigfm.a.p -Ilibfprint/sigfm -I../libfprint/sigfm -I/usr/include/opencv4 -fdiagnostics-color=always -D_GLIBCXX_ASSERTIONS=1 -D_FILE_OFFSET_BITS=64 -Wall -Winvalid-pch -Wall -Wcast-align -Wformat-nonliteral -Wformat-security -Wformat=2 -Wignored-qualifiers -Wlogical-op -Wmissing-declarations -Wmissing-format-attribute -Wmissing-include-dirs -Wmissing-noreturn -Wpointer-arith -Wshadow -Wswitch-enum -Wtype-limits -Wundef -Wunused -Werror=address -Werror=empty-body -Werror=init-self -Werror=int-to-pointer-cast -Werror=main -Werror=missing-braces -Werror=nonnull -Werror=redundant-decls -Werror=return-type -Werror=sequence-point -Werror=trigraphs -Werror=write-strings -fno-strict-aliasing -DGLIB_VERSION_MIN_REQUIRED=GLIB_VERSION_2_56 -DGLIB_VERSION_MAX_ALLOWED=GLIB_VERSION_2_56 -D_GNU_SOURCE '-DG_LOG_DOMAIN="libfprint"' -O2 -flto=auto -ffat-lto-objects -fexceptions -g -grecord-gcc-switches -pipe -Wall -Werror=format-security -Wp,-U_FORTIFY_SOURCE,-D_FORTIFY_SOURCE=3 -Wp,-D_GLIBCXX_ASSERTIONS -specs=/usr/lib/rpm/redhat/redhat-hardened-cc1 -fstack-protector-strong -specs=/usr/lib/rpm/redhat/redhat-annobin-cc1 -m64 -march=x86-64 -mtune=generic -fasynchronous-unwind-tables -fstack-clash-protection -fcf-protection -mtls-dialect=gnu2 -fno-omit-frame-pointer -mno-omit-leaf-frame-pointer -fPIC -MD -MQ libfprint/sigfm/libsigfm.a.p/sigfm.cpp.o -MF libfprint/sigfm/libsigfm.a.p/sigfm.cpp.o.d -o libfprint/sigfm/libsigfm.a.p/sigfm.cpp.o -c ../libfprint/sigfm/sigfm.cpp
In file included from /usr/include/opencv4/opencv2/flann/kmeans_index.h:50,
                 from /usr/include/opencv4/opencv2/flann/all_indices.h:40,
                 from /usr/include/opencv4/opencv2/flann/flann_base.hpp:44,
                 from /usr/include/opencv4/opencv2/flann.hpp:48,
                 from /usr/include/opencv4/opencv2/opencv.hpp:65,
                 from ../libfprint/sigfm/sigfm.cpp:39:
/usr/include/opencv4/opencv2/flann/logger.h: In member function ‘int cvflann::Logger::_log(int, const char*, __va_list_tag*)’:
/usr/include/opencv4/opencv2/flann/logger.h:83:27: warning: function ‘int cvflann::Logger::_log(int, const char*, __va_list_tag*)’ might be a candidate for ‘gnu_printf’ format attribute [-Wsuggest-attribute=format]
   83 |         int ret = vfprintf(stream, fmt, arglist);
      |                   ~~~~~~~~^~~~~~~~~~~~~~~~~~~~~~
[86/101] rm -f libfprint/sigfm/libsigfm.a && gcc-ar csrDT libfprint/sigfm/libsigfm.a libfprint/sigfm/libsigfm.a.p/sigfm.cpp.o
[87/101] gcc -Itests/test-fpi-device.p -Itests -I../tests -Ilibfprint -I../libfprint -I. -I.. -Ilibfprint/nbis/include -I../libfprint/nbis/include -Ilibfprint/nbis/libfprint-include -I../libfprint/nbis/libfprint-include -I/usr/include/gio-unix-2.0 -I/usr/include/glib-2.0 -I/usr/lib64/glib-2.0/include -I/usr/include/libmount -I/usr/include/blkid -I/usr/include/sysprof-6 -I/usr/include/gusb-1 -I/usr/include/libusb-1.0 -I/usr/include/json-glib-1.0 -fdiagnostics-color=always -D_FILE_OFFSET_BITS=64 -Wall -Winvalid-pch -std=gnu99 -Wall -Wcast-align -Wformat-nonliteral -Wformat-security -Wformat=2 -Wignored-qualifiers -Wlogical-op -Wmissing-declarations -Wmissing-format-attribute -Wmissing-include-dirs -Wmissing-noreturn -Wpointer-arith -Wshadow -Wswitch-enum -Wtype-limits -Wundef -Wunused -Werror=address -Werror=empty-body -Werror=init-self -Werror=int-to-pointer-cast -Werror=main -Werror=missing-braces -Werror=nonnull -Werror=redundant-decls -Werror=return-type -Werror=sequence-point -Werror=trigraphs -Werror=write-strings -fno-strict-aliasing -Wimplicit-function-declaration -Wmissing-prototypes -Wnested-externs -Wold-style-definition -Wstrict-prototypes -Werror=implicit -Werror=pointer-to-int-cast -O2 -flto=auto -ffat-lto-objects -fexceptions -g -grecord-gcc-switches -pipe -Wall -Werror=format-security -Wp,-U_FORTIFY_SOURCE,-D_FORTIFY_SOURCE=3 -Wp,-D_GLIBCXX_ASSERTIONS -specs=/usr/lib/rpm/redhat/redhat-hardened-cc1 -fstack-protector-strong -specs=/usr/lib/rpm/redhat/redhat-annobin-cc1 -m64 -march=x86-64 -mtune=generic -fasynchronous-unwind-tables -fstack-clash-protection -fcf-protection -mtls-dialect=gnu2 -fno-omit-frame-pointer -mno-omit-leaf-frame-pointer -pthread -DWITH_GZFILEOP -Wall -Wcast-align -Wformat-nonliteral -Wformat-security -Wformat=2 -Wignored-qualifiers -Wlogical-op -Wmissing-declarations -Wmissing-format-attribute -Wmissing-include-dirs -Wmissing-noreturn -Wpointer-arith -Wshadow -Wswitch-enum -Wtype-limits -Wundef -Wunused -Werror=address -Werror=empty-body -Werror=init-self -Werror=int-to-pointer-cast -Werror=main -Werror=missing-braces -Werror=nonnull -Werror=redundant-decls -Werror=return-type -Werror=sequence-point -Werror=trigraphs -Werror=write-strings -fno-strict-aliasing -DGLIB_VERSION_MIN_REQUIRED=GLIB_VERSION_2_56 -DGLIB_VERSION_MAX_ALLOWED=GLIB_VERSION_2_56 -D_GNU_SOURCE '-DG_LOG_DOMAIN="libfprint"' -MD -MQ tests/test-fpi-device.p/test-fpi-device.c.o -MF tests/test-fpi-device.p/test-fpi-device.c.o.d -o tests/test-fpi-device.p/test-fpi-device.c.o -c ../tests/test-fpi-device.c
[88/101] g++  -o libfprint/libfprint-2.so.2.0.0 libfprint/libfprint-2.so.2.0.0.p/meson-generated_.._fp-enums.c.o libfprint/libfprint-2.so.2.0.0.p/fp-context.c.o libfprint/libfprint-2.so.2.0.0.p/fp-device.c.o libfprint/libfprint-2.so.2.0.0.p/fp-image.c.o libfprint/libfprint-2.so.2.0.0.p/fp-print.c.o libfprint/libfprint-2.so.2.0.0.p/fp-image-device.c.o -Wl,--as-needed -Wl,--no-undefined -shared -fPIC -Wl,-soname,libfprint-2.so.2 -Wl,-z,relro -Wl,--as-needed -Wl,-z,pack-relative-relocs -Wl,-z,now -specs=/usr/lib/rpm/redhat/redhat-hardened-ld -specs=/usr/lib/rpm/redhat/redhat-hardened-ld-errors -specs=/usr/lib/rpm/redhat/redhat-annobin-cc1 -Wl,--build-id=sha1 -specs=/usr/lib/rpm/redhat/redhat-package-notes -O2 -flto=auto -ffat-lto-objects -fexceptions -g -grecord-gcc-switches -pipe -Wall -Werror=format-security -Wp,-U_FORTIFY_SOURCE,-D_FORTIFY_SOURCE=3 -Wp,-D_GLIBCXX_ASSERTIONS -specs=/usr/lib/rpm/redhat/redhat-hardened-cc1 -fstack-protector-strong -specs=/usr/lib/rpm/redhat/redhat-annobin-cc1 -m64 -march=x86-64 -mtune=generic -fasynchronous-unwind-tables -fstack-clash-protection -fcf-protection -mtls-dialect=gnu2 -fno-omit-frame-pointer -mno-omit-leaf-frame-pointer -Wl,--start-group libfprint/libfprint-drivers.a libfprint/libfprint-private.a libfprint/libnbis.a libfprint/sigfm/libsigfm.a -Wl,--version-script,/home/f360c4/dev/goodix-55a4-fedora/rpm/_topdir/BUILD/libfprint-goodixtls-55a4-1.94.6-build/libfprint-goodixtls-55x4/libfprint/libfprint.ver /usr/lib64/libgio-2.0.so /usr/lib64/libgobject-2.0.so /usr/lib64/libglib-2.0.so /usr/lib64/libgusb.so /usr/lib64/libusb-1.0.so /usr/lib64/libjson-glib-1.0.so -lm /usr/lib64/libssl.so /usr/lib64/libcrypto.so -pthread /usr/lib64/libopencv_gapi.so /usr/lib64/libopencv_stitching.so /usr/lib64/libopencv_alphamat.so /usr/lib64/libopencv_aruco.so /usr/lib64/libopencv_bgsegm.so /usr/lib64/libopencv_bioinspired.so /usr/lib64/libopencv_ccalib.so /usr/lib64/libopencv_cvv.so /usr/lib64/libopencv_dnn_objdetect.so /usr/lib64/libopencv_dnn_superres.so /usr/lib64/libopencv_dpm.so /usr/lib64/libopencv_face.so /usr/lib64/libopencv_freetype.so /usr/lib64/libopencv_fuzzy.so /usr/lib64/libopencv_hdf.so /usr/lib64/libopencv_hfs.so /usr/lib64/libopencv_img_hash.so /usr/lib64/libopencv_intensity_transform.so /usr/lib64/libopencv_line_descriptor.so /usr/lib64/libopencv_mcc.so /usr/lib64/libopencv_quality.so /usr/lib64/libopencv_rapid.so /usr/lib64/libopencv_reg.so /usr/lib64/libopencv_rgbd.so /usr/lib64/libopencv_saliency.so /usr/lib64/libopencv_shape.so /usr/lib64/libopencv_signal.so /usr/lib64/libopencv_stereo.so /usr/lib64/libopencv_structured_light.so /usr/lib64/libopencv_phase_unwrapping.so /usr/lib64/libopencv_superres.so /usr/lib64/libopencv_optflow.so /usr/lib64/libopencv_surface_matching.so /usr/lib64/libopencv_tracking.so /usr/lib64/libopencv_highgui.so /usr/lib64/libopencv_datasets.so /usr/lib64/libopencv_text.so /usr/lib64/libopencv_plot.so /usr/lib64/libopencv_ml.so /usr/lib64/libopencv_videostab.so /usr/lib64/libopencv_videoio.so /usr/lib64/libopencv_viz.so /usr/lib64/libopencv_wechat_qrcode.so /usr/lib64/libopencv_ximgproc.so /usr/lib64/libopencv_video.so /usr/lib64/libopencv_xobjdetect.so /usr/lib64/libopencv_objdetect.so /usr/lib64/libopencv_calib3d.so /usr/lib64/libopencv_imgcodecs.so /usr/lib64/libopencv_features2d.so /usr/lib64/libopencv_dnn.so /usr/lib64/libopencv_flann.so /usr/lib64/libopencv_xphoto.so /usr/lib64/libopencv_photo.so /usr/lib64/libopencv_imgproc.so /usr/lib64/libopencv_core.so -Wl,--end-group
../libfprint/drivers/goodixtls/goodixtls.c: In function ‘err_from_ssl’:
../libfprint/drivers/goodixtls/goodixtls.c:51:3: warning: ‘__builtin___strcpy_chk’ writing one too many bytes into a region of a size that depends on ‘strlen’ [-Wstringop-overflow=]
   51 |   strcpy (err->message, msg);
      |   ^
../libfprint/drivers/goodixtls/goodixtls.c:50:18: note: destination object of size [0, 9223372036854775805] allocated by ‘malloc’
   50 |   err->message = malloc (strlen (msg));
      |                  ^
[89/101] /usr/bin/meson --internal symbolextractor /home/f360c4/dev/goodix-55a4-fedora/rpm/_topdir/BUILD/libfprint-goodixtls-55a4-1.94.6-build/libfprint-goodixtls-55x4/redhat-linux-build libfprint/libfprint-2.so.2.0.0 libfprint/libfprint-2.so.2.0.0 libfprint/libfprint-2.so.2.0.0.p/libfprint-2.so.2.0.0.symbols 
[90/101] g++  -o examples/img-capture examples/img-capture.p/img-capture.c.o examples/img-capture.p/storage.c.o examples/img-capture.p/utilities.c.o -Wl,--as-needed -Wl,--no-undefined -Wl,-z,relro -Wl,--as-needed -Wl,-z,pack-relative-relocs -Wl,-z,now -specs=/usr/lib/rpm/redhat/redhat-hardened-ld -specs=/usr/lib/rpm/redhat/redhat-hardened-ld-errors -specs=/usr/lib/rpm/redhat/redhat-annobin-cc1 -Wl,--build-id=sha1 -specs=/usr/lib/rpm/redhat/redhat-package-notes -O2 -flto=auto -ffat-lto-objects -fexceptions -g -grecord-gcc-switches -pipe -Wall -Werror=format-security -Wp,-U_FORTIFY_SOURCE,-D_FORTIFY_SOURCE=3 -Wp,-D_GLIBCXX_ASSERTIONS -specs=/usr/lib/rpm/redhat/redhat-hardened-cc1 -fstack-protector-strong -specs=/usr/lib/rpm/redhat/redhat-annobin-cc1 -m64 -march=x86-64 -mtune=generic -fasynchronous-unwind-tables -fstack-clash-protection -fcf-protection -mtls-dialect=gnu2 -fno-omit-frame-pointer -mno-omit-leaf-frame-pointer '-Wl,-rpath,$ORIGIN/../libfprint' -Wl,--start-group libfprint/libfprint-2.so.2.0.0 /usr/lib64/libgio-2.0.so /usr/lib64/libgobject-2.0.so /usr/lib64/libglib-2.0.so /usr/lib64/libgusb.so /usr/lib64/libusb-1.0.so /usr/lib64/libjson-glib-1.0.so -Wl,--end-group
[91/101] g++  -o examples/enroll examples/enroll.p/enroll.c.o examples/enroll.p/storage.c.o examples/enroll.p/utilities.c.o -Wl,--as-needed -Wl,--no-undefined -Wl,-z,relro -Wl,--as-needed -Wl,-z,pack-relative-relocs -Wl,-z,now -specs=/usr/lib/rpm/redhat/redhat-hardened-ld -specs=/usr/lib/rpm/redhat/redhat-hardened-ld-errors -specs=/usr/lib/rpm/redhat/redhat-annobin-cc1 -Wl,--build-id=sha1 -specs=/usr/lib/rpm/redhat/redhat-package-notes -O2 -flto=auto -ffat-lto-objects -fexceptions -g -grecord-gcc-switches -pipe -Wall -Werror=format-security -Wp,-U_FORTIFY_SOURCE,-D_FORTIFY_SOURCE=3 -Wp,-D_GLIBCXX_ASSERTIONS -specs=/usr/lib/rpm/redhat/redhat-hardened-cc1 -fstack-protector-strong -specs=/usr/lib/rpm/redhat/redhat-annobin-cc1 -m64 -march=x86-64 -mtune=generic -fasynchronous-unwind-tables -fstack-clash-protection -fcf-protection -mtls-dialect=gnu2 -fno-omit-frame-pointer -mno-omit-leaf-frame-pointer '-Wl,-rpath,$ORIGIN/../libfprint' -Wl,--start-group libfprint/libfprint-2.so.2.0.0 /usr/lib64/libgio-2.0.so /usr/lib64/libgobject-2.0.so /usr/lib64/libglib-2.0.so /usr/lib64/libgusb.so /usr/lib64/libusb-1.0.so /usr/lib64/libjson-glib-1.0.so -Wl,--end-group
[92/101] g++  -o examples/identify examples/identify.p/identify.c.o examples/identify.p/storage.c.o examples/identify.p/utilities.c.o -Wl,--as-needed -Wl,--no-undefined -Wl,-z,relro -Wl,--as-needed -Wl,-z,pack-relative-relocs -Wl,-z,now -specs=/usr/lib/rpm/redhat/redhat-hardened-ld -specs=/usr/lib/rpm/redhat/redhat-hardened-ld-errors -specs=/usr/lib/rpm/redhat/redhat-annobin-cc1 -Wl,--build-id=sha1 -specs=/usr/lib/rpm/redhat/redhat-package-notes -O2 -flto=auto -ffat-lto-objects -fexceptions -g -grecord-gcc-switches -pipe -Wall -Werror=format-security -Wp,-U_FORTIFY_SOURCE,-D_FORTIFY_SOURCE=3 -Wp,-D_GLIBCXX_ASSERTIONS -specs=/usr/lib/rpm/redhat/redhat-hardened-cc1 -fstack-protector-strong -specs=/usr/lib/rpm/redhat/redhat-annobin-cc1 -m64 -march=x86-64 -mtune=generic -fasynchronous-unwind-tables -fstack-clash-protection -fcf-protection -mtls-dialect=gnu2 -fno-omit-frame-pointer -mno-omit-leaf-frame-pointer '-Wl,-rpath,$ORIGIN/../libfprint' -Wl,--start-group libfprint/libfprint-2.so.2.0.0 /usr/lib64/libgio-2.0.so /usr/lib64/libgobject-2.0.so /usr/lib64/libglib-2.0.so /usr/lib64/libgusb.so /usr/lib64/libusb-1.0.so /usr/lib64/libjson-glib-1.0.so -Wl,--end-group
[93/101] g++  -o examples/manage-prints examples/manage-prints.p/manage-prints.c.o examples/manage-prints.p/storage.c.o examples/manage-prints.p/utilities.c.o -Wl,--as-needed -Wl,--no-undefined -Wl,-z,relro -Wl,--as-needed -Wl,-z,pack-relative-relocs -Wl,-z,now -specs=/usr/lib/rpm/redhat/redhat-hardened-ld -specs=/usr/lib/rpm/redhat/redhat-hardened-ld-errors -specs=/usr/lib/rpm/redhat/redhat-annobin-cc1 -Wl,--build-id=sha1 -specs=/usr/lib/rpm/redhat/redhat-package-notes -O2 -flto=auto -ffat-lto-objects -fexceptions -g -grecord-gcc-switches -pipe -Wall -Werror=format-security -Wp,-U_FORTIFY_SOURCE,-D_FORTIFY_SOURCE=3 -Wp,-D_GLIBCXX_ASSERTIONS -specs=/usr/lib/rpm/redhat/redhat-hardened-cc1 -fstack-protector-strong -specs=/usr/lib/rpm/redhat/redhat-annobin-cc1 -m64 -march=x86-64 -mtune=generic -fasynchronous-unwind-tables -fstack-clash-protection -fcf-protection -mtls-dialect=gnu2 -fno-omit-frame-pointer -mno-omit-leaf-frame-pointer '-Wl,-rpath,$ORIGIN/../libfprint' -Wl,--start-group libfprint/libfprint-2.so.2.0.0 /usr/lib64/libgio-2.0.so /usr/lib64/libgobject-2.0.so /usr/lib64/libglib-2.0.so /usr/lib64/libgusb.so /usr/lib64/libusb-1.0.so /usr/lib64/libjson-glib-1.0.so -Wl,--end-group
[94/101] g++  -o examples/cpp-test examples/cpp-test.p/cpp-test.cpp.o -Wl,--as-needed -Wl,--no-undefined -Wl,-z,relro -Wl,--as-needed -Wl,-z,pack-relative-relocs -Wl,-z,now -specs=/usr/lib/rpm/redhat/redhat-hardened-ld -specs=/usr/lib/rpm/redhat/redhat-hardened-ld-errors -specs=/usr/lib/rpm/redhat/redhat-annobin-cc1 -Wl,--build-id=sha1 -specs=/usr/lib/rpm/redhat/redhat-package-notes -O2 -flto=auto -ffat-lto-objects -fexceptions -g -grecord-gcc-switches -pipe -Wall -Werror=format-security -Wp,-U_FORTIFY_SOURCE,-D_FORTIFY_SOURCE=3 -Wp,-D_GLIBCXX_ASSERTIONS -specs=/usr/lib/rpm/redhat/redhat-hardened-cc1 -fstack-protector-strong -specs=/usr/lib/rpm/redhat/redhat-annobin-cc1 -m64 -march=x86-64 -mtune=generic -fasynchronous-unwind-tables -fstack-clash-protection -fcf-protection -mtls-dialect=gnu2 -fno-omit-frame-pointer -mno-omit-leaf-frame-pointer '-Wl,-rpath,$ORIGIN/../libfprint' -Wl,--start-group libfprint/libfprint-2.so.2.0.0 /usr/lib64/libgio-2.0.so /usr/lib64/libgobject-2.0.so /usr/lib64/libglib-2.0.so /usr/lib64/libgusb.so /usr/lib64/libusb-1.0.so /usr/lib64/libjson-glib-1.0.so -Wl,--end-group
[95/101] g++  -o examples/verify examples/verify.p/verify.c.o examples/verify.p/storage.c.o examples/verify.p/utilities.c.o -Wl,--as-needed -Wl,--no-undefined -Wl,-z,relro -Wl,--as-needed -Wl,-z,pack-relative-relocs -Wl,-z,now -specs=/usr/lib/rpm/redhat/redhat-hardened-ld -specs=/usr/lib/rpm/redhat/redhat-hardened-ld-errors -specs=/usr/lib/rpm/redhat/redhat-annobin-cc1 -Wl,--build-id=sha1 -specs=/usr/lib/rpm/redhat/redhat-package-notes -O2 -flto=auto -ffat-lto-objects -fexceptions -g -grecord-gcc-switches -pipe -Wall -Werror=format-security -Wp,-U_FORTIFY_SOURCE,-D_FORTIFY_SOURCE=3 -Wp,-D_GLIBCXX_ASSERTIONS -specs=/usr/lib/rpm/redhat/redhat-hardened-cc1 -fstack-protector-strong -specs=/usr/lib/rpm/redhat/redhat-annobin-cc1 -m64 -march=x86-64 -mtune=generic -fasynchronous-unwind-tables -fstack-clash-protection -fcf-protection -mtls-dialect=gnu2 -fno-omit-frame-pointer -mno-omit-leaf-frame-pointer '-Wl,-rpath,$ORIGIN/../libfprint' -Wl,--start-group libfprint/libfprint-2.so.2.0.0 /usr/lib64/libgio-2.0.so /usr/lib64/libgobject-2.0.so /usr/lib64/libglib-2.0.so /usr/lib64/libgusb.so /usr/lib64/libusb-1.0.so /usr/lib64/libjson-glib-1.0.so -Wl,--end-group
[96/101] env PKG_CONFIG_PATH=/home/f360c4/dev/goodix-55a4-fedora/rpm/_topdir/BUILD/libfprint-goodixtls-55a4-1.94.6-build/libfprint-goodixtls-55x4/redhat-linux-build/meson-uninstalled:/usr/lib64/pkgconfig:/usr/share/pkgconfig PKG_CONFIG=/usr/bin/pkg-config CC=gcc 'CFLAGS=-Wl,-z,relro -Wl,--as-needed -Wl,-z,pack-relative-relocs -Wl,-z,now -specs=/usr/lib/rpm/redhat/redhat-hardened-ld -specs=/usr/lib/rpm/redhat/redhat-hardened-ld-errors -specs=/usr/lib/rpm/redhat/redhat-annobin-cc1 -Wl,--build-id=sha1 -specs=/usr/lib/rpm/redhat/redhat-package-notes -O2 -flto=auto -ffat-lto-objects -fexceptions -g -grecord-gcc-switches -pipe -Wall -Werror=format-security -Wp,-U_FORTIFY_SOURCE,-D_FORTIFY_SOURCE=3 -Wp,-D_GLIBCXX_ASSERTIONS -specs=/usr/lib/rpm/redhat/redhat-hardened-cc1 -fstack-protector-strong -specs=/usr/lib/rpm/redhat/redhat-annobin-cc1 -m64 -march=x86-64 -mtune=generic -fasynchronous-unwind-tables -fstack-clash-protection -fcf-protection -mtls-dialect=gnu2 -fno-omit-frame-pointer -mno-omit-leaf-frame-pointer' /usr/bin/g-ir-scanner --quiet --no-libtool --namespace=FPrint --nsversion=2.0 --warn-all --output libfprint/FPrint-2.0.gir --c-include=fprint.h -I/home/f360c4/dev/goodix-55a4-fedora/rpm/_topdir/BUILD/libfprint-goodixtls-55a4-1.94.6-build/libfprint-goodixtls-55x4/libfprint -I/home/f360c4/dev/goodix-55a4-fedora/rpm/_topdir/BUILD/libfprint-goodixtls-55a4-1.94.6-build/libfprint-goodixtls-55x4/redhat-linux-build/libfprint -I/home/f360c4/dev/goodix-55a4-fedora/rpm/_topdir/BUILD/libfprint-goodixtls-55a4-1.94.6-build/libfprint-goodixtls-55x4/. -I/home/f360c4/dev/goodix-55a4-fedora/rpm/_topdir/BUILD/libfprint-goodixtls-55a4-1.94.6-build/libfprint-goodixtls-55x4/redhat-linux-build/. -I/home/f360c4/dev/goodix-55a4-fedora/rpm/_topdir/BUILD/libfprint-goodixtls-55a4-1.94.6-build/libfprint-goodixtls-55x4/libfprint/nbis/include -I/home/f360c4/dev/goodix-55a4-fedora/rpm/_topdir/BUILD/libfprint-goodixtls-55a4-1.94.6-build/libfprint-goodixtls-55x4/redhat-linux-build/libfprint/nbis/include -I/home/f360c4/dev/goodix-55a4-fedora/rpm/_topdir/BUILD/libfprint-goodixtls-55a4-1.94.6-build/libfprint-goodixtls-55x4/libfprint/nbis/libfprint-include -I/home/f360c4/dev/goodix-55a4-fedora/rpm/_topdir/BUILD/libfprint-goodixtls-55a4-1.94.6-build/libfprint-goodixtls-55x4/redhat-linux-build/libfprint/nbis/libfprint-include --filelist=/home/f360c4/dev/goodix-55a4-fedora/rpm/_topdir/BUILD/libfprint-goodixtls-55a4-1.94.6-build/libfprint-goodixtls-55x4/redhat-linux-build/libfprint/libfprint-2.so.2.0.0.p/FPrint_2.0_gir_filelist -L/home/f360c4/dev/goodix-55a4-fedora/rpm/_topdir/BUILD/libfprint-goodixtls-55a4-1.94.6-build/libfprint-goodixtls-55x4/redhat-linux-build/libfprint --extra-library=fprint-2 --include=Gio-2.0 --include=GObject-2.0 --include=GUsb-1.0 --symbol-prefix=fp_ --identifier-prefix=Fp --pkg-export=fprint --cflags-begin -DGLIB_VERSION_MIN_REQUIRED=GLIB_VERSION_2_56 -DGLIB_VERSION_MAX_ALLOWED=GLIB_VERSION_2_56 -D_GNU_SOURCE '-DG_LOG_DOMAIN="libfprint"' -I/home/f360c4/dev/goodix-55a4-fedora/rpm/_topdir/BUILD/libfprint-goodixtls-55a4-1.94.6-build/libfprint-goodixtls-55x4/. -I/home/f360c4/dev/goodix-55a4-fedora/rpm/_topdir/BUILD/libfprint-goodixtls-55a4-1.94.6-build/libfprint-goodixtls-55x4/redhat-linux-build/. -I/home/f360c4/dev/goodix-55a4-fedora/rpm/_topdir/BUILD/libfprint-goodixtls-55a4-1.94.6-build/libfprint-goodixtls-55x4/libfprint/nbis/include -I/home/f360c4/dev/goodix-55a4-fedora/rpm/_topdir/BUILD/libfprint-goodixtls-55a4-1.94.6-build/libfprint-goodixtls-55x4/redhat-linux-build/libfprint/nbis/include -I/home/f360c4/dev/goodix-55a4-fedora/rpm/_topdir/BUILD/libfprint-goodixtls-55a4-1.94.6-build/libfprint-goodixtls-55x4/libfprint/nbis/libfprint-include -I/home/f360c4/dev/goodix-55a4-fedora/rpm/_topdir/BUILD/libfprint-goodixtls-55a4-1.94.6-build/libfprint-goodixtls-55x4/redhat-linux-build/libfprint/nbis/libfprint-include -I/usr/include/gio-unix-2.0 -I/usr/include/glib-2.0 -I/usr/lib64/glib-2.0/include -DWITH_GZFILEOP -I/usr/include/libmount -I/usr/include/blkid -I/usr/include/sysprof-6 -I/usr/include/gusb-1 -I/usr/include/libusb-1.0 -I/usr/include/json-glib-1.0 -I/usr/include/gobject-introspection-1.0 --cflags-end --add-include-path=/usr/share/gir-1.0 -L/home/f360c4/dev/goodix-55a4-fedora/rpm/_topdir/BUILD/libfprint-goodixtls-55a4-1.94.6-build/libfprint-goodixtls-55x4/redhat-linux-build/libfprint --library fprint-2 --extra-library=gio-2.0 --extra-library=gobject-2.0 --extra-library=glib-2.0 --extra-library=gusb --extra-library=usb-1.0 --extra-library=json-glib-1.0 --extra-library=m --extra-library=ssl --extra-library=crypto --extra-library=girepository-1.0 --sources-top-dirs /home/f360c4/dev/goodix-55a4-fedora/rpm/_topdir/BUILD/libfprint-goodixtls-55a4-1.94.6-build/libfprint-goodixtls-55x4/ --sources-top-dirs /home/f360c4/dev/goodix-55a4-fedora/rpm/_topdir/BUILD/libfprint-goodixtls-55a4-1.94.6-build/libfprint-goodixtls-55x4/redhat-linux-build/
../libfprint/fp-device.c:1107: Warning: FPrint: invalid "closure" annotation: only valid on callback parameters
../libfprint/fp-device.c:1252: Warning: FPrint: invalid "closure" annotation: only valid on callback parameters
../libfprint/fp-device.c:1378: Warning: FPrint: invalid "closure" annotation: only valid on callback parameters
../libfprint/fp-device.c:1947: Warning: FPrint: invalid "closure" annotation: only valid on callback parameters
../libfprint/fp-device.c:1987: Warning: FPrint: invalid "closure" annotation: only valid on callback parameters
../libfprint/fp-device.h:32: Warning: FPrint: Multiple getter candidates for property 'Device:open' found, 'is_open' was chosen by a heuristic. Please annotate the property with one of the following to ensure it is consistent:
- '(getter is_open)'
- '(getter open)'
../libfprint/fp-image.h:48: Warning: FPrint: Couldn't find 'extract_sigfm_info_finish' for the corresponding async function: 'extract_sigfm_info'
../libfprint/fp-image.h:65: Warning: FPrint: fp_image_get_sigfm_info: return value: Unresolved type: 'SigfmImgInfo*'
[97/101] /usr/bin/g-ir-compiler libfprint/FPrint-2.0.gir --output libfprint/FPrint-2.0.typelib --includedir=/usr/share/gir-1.0
[98/101] g++  -o tests/test-fpi-device tests/test-fpi-device.p/test-fpi-device.c.o -Wl,--as-needed -Wl,--no-undefined -Wl,--whole-archive -Wl,--start-group tests/libfprint-test-utils.a -Wl,--no-whole-archive -Wl,-z,relro -Wl,--as-needed -Wl,-z,pack-relative-relocs -Wl,-z,now -specs=/usr/lib/rpm/redhat/redhat-hardened-ld -specs=/usr/lib/rpm/redhat/redhat-hardened-ld-errors -specs=/usr/lib/rpm/redhat/redhat-annobin-cc1 -Wl,--build-id=sha1 -specs=/usr/lib/rpm/redhat/redhat-package-notes -O2 -flto=auto -ffat-lto-objects -fexceptions -g -grecord-gcc-switches -pipe -Wall -Werror=format-security -Wp,-U_FORTIFY_SOURCE,-D_FORTIFY_SOURCE=3 -Wp,-D_GLIBCXX_ASSERTIONS -specs=/usr/lib/rpm/redhat/redhat-hardened-cc1 -fstack-protector-strong -specs=/usr/lib/rpm/redhat/redhat-annobin-cc1 -m64 -march=x86-64 -mtune=generic -fasynchronous-unwind-tables -fstack-clash-protection -fcf-protection -mtls-dialect=gnu2 -fno-omit-frame-pointer -mno-omit-leaf-frame-pointer '-Wl,-rpath,$ORIGIN/../libfprint' libfprint/libfprint-private.a libfprint/libnbis.a libfprint/sigfm/libsigfm.a libfprint/libfprint-2.so.2.0.0 /usr/lib64/libgio-2.0.so /usr/lib64/libgobject-2.0.so /usr/lib64/libglib-2.0.so /usr/lib64/libgusb.so /usr/lib64/libusb-1.0.so /usr/lib64/libjson-glib-1.0.so -lm /usr/lib64/libssl.so /usr/lib64/libcrypto.so -pthread /usr/lib64/libopencv_gapi.so /usr/lib64/libopencv_stitching.so /usr/lib64/libopencv_alphamat.so /usr/lib64/libopencv_aruco.so /usr/lib64/libopencv_bgsegm.so /usr/lib64/libopencv_bioinspired.so /usr/lib64/libopencv_ccalib.so /usr/lib64/libopencv_cvv.so /usr/lib64/libopencv_dnn_objdetect.so /usr/lib64/libopencv_dnn_superres.so /usr/lib64/libopencv_dpm.so /usr/lib64/libopencv_face.so /usr/lib64/libopencv_freetype.so /usr/lib64/libopencv_fuzzy.so /usr/lib64/libopencv_hdf.so /usr/lib64/libopencv_hfs.so /usr/lib64/libopencv_img_hash.so /usr/lib64/libopencv_intensity_transform.so /usr/lib64/libopencv_line_descriptor.so /usr/lib64/libopencv_mcc.so /usr/lib64/libopencv_quality.so /usr/lib64/libopencv_rapid.so /usr/lib64/libopencv_reg.so /usr/lib64/libopencv_rgbd.so /usr/lib64/libopencv_saliency.so /usr/lib64/libopencv_shape.so /usr/lib64/libopencv_signal.so /usr/lib64/libopencv_stereo.so /usr/lib64/libopencv_structured_light.so /usr/lib64/libopencv_phase_unwrapping.so /usr/lib64/libopencv_superres.so /usr/lib64/libopencv_optflow.so /usr/lib64/libopencv_surface_matching.so /usr/lib64/libopencv_tracking.so /usr/lib64/libopencv_highgui.so /usr/lib64/libopencv_datasets.so /usr/lib64/libopencv_text.so /usr/lib64/libopencv_plot.so /usr/lib64/libopencv_ml.so /usr/lib64/libopencv_videostab.so /usr/lib64/libopencv_videoio.so /usr/lib64/libopencv_viz.so /usr/lib64/libopencv_wechat_qrcode.so /usr/lib64/libopencv_ximgproc.so /usr/lib64/libopencv_video.so /usr/lib64/libopencv_xobjdetect.so /usr/lib64/libopencv_objdetect.so /usr/lib64/libopencv_calib3d.so /usr/lib64/libopencv_imgcodecs.so /usr/lib64/libopencv_features2d.so /usr/lib64/libopencv_dnn.so /usr/lib64/libopencv_flann.so /usr/lib64/libopencv_xphoto.so /usr/lib64/libopencv_photo.so /usr/lib64/libopencv_imgproc.so /usr/lib64/libopencv_core.so -Wl,--end-group
[99/101] g++  -o tests/test-fpi-ssm tests/test-fpi-ssm.p/test-fpi-ssm.c.o -Wl,--as-needed -Wl,--no-undefined -Wl,--whole-archive -Wl,--start-group tests/libfprint-test-utils.a -Wl,--no-whole-archive -Wl,-z,relro -Wl,--as-needed -Wl,-z,pack-relative-relocs -Wl,-z,now -specs=/usr/lib/rpm/redhat/redhat-hardened-ld -specs=/usr/lib/rpm/redhat/redhat-hardened-ld-errors -specs=/usr/lib/rpm/redhat/redhat-annobin-cc1 -Wl,--build-id=sha1 -specs=/usr/lib/rpm/redhat/redhat-package-notes -O2 -flto=auto -ffat-lto-objects -fexceptions -g -grecord-gcc-switches -pipe -Wall -Werror=format-security -Wp,-U_FORTIFY_SOURCE,-D_FORTIFY_SOURCE=3 -Wp,-D_GLIBCXX_ASSERTIONS -specs=/usr/lib/rpm/redhat/redhat-hardened-cc1 -fstack-protector-strong -specs=/usr/lib/rpm/redhat/redhat-annobin-cc1 -m64 -march=x86-64 -mtune=generic -fasynchronous-unwind-tables -fstack-clash-protection -fcf-protection -mtls-dialect=gnu2 -fno-omit-frame-pointer -mno-omit-leaf-frame-pointer '-Wl,-rpath,$ORIGIN/../libfprint' libfprint/libfprint-private.a libfprint/libnbis.a libfprint/sigfm/libsigfm.a libfprint/libfprint-2.so.2.0.0 /usr/lib64/libgio-2.0.so /usr/lib64/libgobject-2.0.so /usr/lib64/libglib-2.0.so /usr/lib64/libgusb.so /usr/lib64/libusb-1.0.so /usr/lib64/libjson-glib-1.0.so -lm /usr/lib64/libssl.so /usr/lib64/libcrypto.so -pthread /usr/lib64/libopencv_gapi.so /usr/lib64/libopencv_stitching.so /usr/lib64/libopencv_alphamat.so /usr/lib64/libopencv_aruco.so /usr/lib64/libopencv_bgsegm.so /usr/lib64/libopencv_bioinspired.so /usr/lib64/libopencv_ccalib.so /usr/lib64/libopencv_cvv.so /usr/lib64/libopencv_dnn_objdetect.so /usr/lib64/libopencv_dnn_superres.so /usr/lib64/libopencv_dpm.so /usr/lib64/libopencv_face.so /usr/lib64/libopencv_freetype.so /usr/lib64/libopencv_fuzzy.so /usr/lib64/libopencv_hdf.so /usr/lib64/libopencv_hfs.so /usr/lib64/libopencv_img_hash.so /usr/lib64/libopencv_intensity_transform.so /usr/lib64/libopencv_line_descriptor.so /usr/lib64/libopencv_mcc.so /usr/lib64/libopencv_quality.so /usr/lib64/libopencv_rapid.so /usr/lib64/libopencv_reg.so /usr/lib64/libopencv_rgbd.so /usr/lib64/libopencv_saliency.so /usr/lib64/libopencv_shape.so /usr/lib64/libopencv_signal.so /usr/lib64/libopencv_stereo.so /usr/lib64/libopencv_structured_light.so /usr/lib64/libopencv_phase_unwrapping.so /usr/lib64/libopencv_superres.so /usr/lib64/libopencv_optflow.so /usr/lib64/libopencv_surface_matching.so /usr/lib64/libopencv_tracking.so /usr/lib64/libopencv_highgui.so /usr/lib64/libopencv_datasets.so /usr/lib64/libopencv_text.so /usr/lib64/libopencv_plot.so /usr/lib64/libopencv_ml.so /usr/lib64/libopencv_videostab.so /usr/lib64/libopencv_videoio.so /usr/lib64/libopencv_viz.so /usr/lib64/libopencv_wechat_qrcode.so /usr/lib64/libopencv_ximgproc.so /usr/lib64/libopencv_video.so /usr/lib64/libopencv_xobjdetect.so /usr/lib64/libopencv_objdetect.so /usr/lib64/libopencv_calib3d.so /usr/lib64/libopencv_imgcodecs.so /usr/lib64/libopencv_features2d.so /usr/lib64/libopencv_dnn.so /usr/lib64/libopencv_flann.so /usr/lib64/libopencv_xphoto.so /usr/lib64/libopencv_photo.so /usr/lib64/libopencv_imgproc.so /usr/lib64/libopencv_core.so -Wl,--end-group
[100/101] g++  -o libfprint/fprint-list-udev-hwdb libfprint/fprint-list-udev-hwdb.p/fprint-list-udev-hwdb.c.o -Wl,--as-needed -Wl,--no-undefined -Wl,-z,relro -Wl,--as-needed -Wl,-z,pack-relative-relocs -Wl,-z,now -specs=/usr/lib/rpm/redhat/redhat-hardened-ld -specs=/usr/lib/rpm/redhat/redhat-hardened-ld-errors -specs=/usr/lib/rpm/redhat/redhat-annobin-cc1 -Wl,--build-id=sha1 -specs=/usr/lib/rpm/redhat/redhat-package-notes -O2 -flto=auto -ffat-lto-objects -fexceptions -g -grecord-gcc-switches -pipe -Wall -Werror=format-security -Wp,-U_FORTIFY_SOURCE,-D_FORTIFY_SOURCE=3 -Wp,-D_GLIBCXX_ASSERTIONS -specs=/usr/lib/rpm/redhat/redhat-hardened-cc1 -fstack-protector-strong -specs=/usr/lib/rpm/redhat/redhat-annobin-cc1 -m64 -march=x86-64 -mtune=generic -fasynchronous-unwind-tables -fstack-clash-protection -fcf-protection -mtls-dialect=gnu2 -fno-omit-frame-pointer -mno-omit-leaf-frame-pointer '-Wl,-rpath,$ORIGIN/' -Wl,--start-group libfprint/libfprint-drivers.a libfprint/libfprint-private.a libfprint/libnbis.a libfprint/sigfm/libsigfm.a libfprint/libfprint-2.so.2.0.0 /usr/lib64/libgio-2.0.so /usr/lib64/libgobject-2.0.so /usr/lib64/libglib-2.0.so /usr/lib64/libgusb.so /usr/lib64/libusb-1.0.so /usr/lib64/libjson-glib-1.0.so -lm /usr/lib64/libssl.so /usr/lib64/libcrypto.so -pthread /usr/lib64/libopencv_gapi.so /usr/lib64/libopencv_stitching.so /usr/lib64/libopencv_alphamat.so /usr/lib64/libopencv_aruco.so /usr/lib64/libopencv_bgsegm.so /usr/lib64/libopencv_bioinspired.so /usr/lib64/libopencv_ccalib.so /usr/lib64/libopencv_cvv.so /usr/lib64/libopencv_dnn_objdetect.so /usr/lib64/libopencv_dnn_superres.so /usr/lib64/libopencv_dpm.so /usr/lib64/libopencv_face.so /usr/lib64/libopencv_freetype.so /usr/lib64/libopencv_fuzzy.so /usr/lib64/libopencv_hdf.so /usr/lib64/libopencv_hfs.so /usr/lib64/libopencv_img_hash.so /usr/lib64/libopencv_intensity_transform.so /usr/lib64/libopencv_line_descriptor.so /usr/lib64/libopencv_mcc.so /usr/lib64/libopencv_quality.so /usr/lib64/libopencv_rapid.so /usr/lib64/libopencv_reg.so /usr/lib64/libopencv_rgbd.so /usr/lib64/libopencv_saliency.so /usr/lib64/libopencv_shape.so /usr/lib64/libopencv_signal.so /usr/lib64/libopencv_stereo.so /usr/lib64/libopencv_structured_light.so /usr/lib64/libopencv_phase_unwrapping.so /usr/lib64/libopencv_superres.so /usr/lib64/libopencv_optflow.so /usr/lib64/libopencv_surface_matching.so /usr/lib64/libopencv_tracking.so /usr/lib64/libopencv_highgui.so /usr/lib64/libopencv_datasets.so /usr/lib64/libopencv_text.so /usr/lib64/libopencv_plot.so /usr/lib64/libopencv_ml.so /usr/lib64/libopencv_videostab.so /usr/lib64/libopencv_videoio.so /usr/lib64/libopencv_viz.so /usr/lib64/libopencv_wechat_qrcode.so /usr/lib64/libopencv_ximgproc.so /usr/lib64/libopencv_video.so /usr/lib64/libopencv_xobjdetect.so /usr/lib64/libopencv_objdetect.so /usr/lib64/libopencv_calib3d.so /usr/lib64/libopencv_imgcodecs.so /usr/lib64/libopencv_features2d.so /usr/lib64/libopencv_dnn.so /usr/lib64/libopencv_flann.so /usr/lib64/libopencv_xphoto.so /usr/lib64/libopencv_photo.so /usr/lib64/libopencv_imgproc.so /usr/lib64/libopencv_core.so -Wl,--end-group
../libfprint/drivers/goodixtls/goodixtls.c: In function ‘err_from_ssl’:
../libfprint/drivers/goodixtls/goodixtls.c:51:3: warning: ‘__builtin___strcpy_chk’ writing one too many bytes into a region of a size that depends on ‘strlen’ [-Wstringop-overflow=]
   51 |   strcpy (err->message, msg);
      |   ^
../libfprint/drivers/goodixtls/goodixtls.c:50:18: note: destination object of size [0, 9223372036854775805] allocated by ‘malloc’
   50 |   err->message = malloc (strlen (msg));
      |                  ^
[101/101] g++  -o libfprint/fprint-list-supported-devices libfprint/fprint-list-supported-devices.p/fprint-list-supported-devices.c.o -Wl,--as-needed -Wl,--no-undefined -Wl,-z,relro -Wl,--as-needed -Wl,-z,pack-relative-relocs -Wl,-z,now -specs=/usr/lib/rpm/redhat/redhat-hardened-ld -specs=/usr/lib/rpm/redhat/redhat-hardened-ld-errors -specs=/usr/lib/rpm/redhat/redhat-annobin-cc1 -Wl,--build-id=sha1 -specs=/usr/lib/rpm/redhat/redhat-package-notes -O2 -flto=auto -ffat-lto-objects -fexceptions -g -grecord-gcc-switches -pipe -Wall -Werror=format-security -Wp,-U_FORTIFY_SOURCE,-D_FORTIFY_SOURCE=3 -Wp,-D_GLIBCXX_ASSERTIONS -specs=/usr/lib/rpm/redhat/redhat-hardened-cc1 -fstack-protector-strong -specs=/usr/lib/rpm/redhat/redhat-annobin-cc1 -m64 -march=x86-64 -mtune=generic -fasynchronous-unwind-tables -fstack-clash-protection -fcf-protection -mtls-dialect=gnu2 -fno-omit-frame-pointer -mno-omit-leaf-frame-pointer '-Wl,-rpath,$ORIGIN/' -Wl,--start-group libfprint/libfprint-drivers.a libfprint/libfprint-private.a libfprint/libnbis.a libfprint/sigfm/libsigfm.a libfprint/libfprint-2.so.2.0.0 /usr/lib64/libgio-2.0.so /usr/lib64/libgobject-2.0.so /usr/lib64/libglib-2.0.so /usr/lib64/libgusb.so /usr/lib64/libusb-1.0.so /usr/lib64/libjson-glib-1.0.so -lm /usr/lib64/libssl.so /usr/lib64/libcrypto.so -pthread /usr/lib64/libopencv_gapi.so /usr/lib64/libopencv_stitching.so /usr/lib64/libopencv_alphamat.so /usr/lib64/libopencv_aruco.so /usr/lib64/libopencv_bgsegm.so /usr/lib64/libopencv_bioinspired.so /usr/lib64/libopencv_ccalib.so /usr/lib64/libopencv_cvv.so /usr/lib64/libopencv_dnn_objdetect.so /usr/lib64/libopencv_dnn_superres.so /usr/lib64/libopencv_dpm.so /usr/lib64/libopencv_face.so /usr/lib64/libopencv_freetype.so /usr/lib64/libopencv_fuzzy.so /usr/lib64/libopencv_hdf.so /usr/lib64/libopencv_hfs.so /usr/lib64/libopencv_img_hash.so /usr/lib64/libopencv_intensity_transform.so /usr/lib64/libopencv_line_descriptor.so /usr/lib64/libopencv_mcc.so /usr/lib64/libopencv_quality.so /usr/lib64/libopencv_rapid.so /usr/lib64/libopencv_reg.so /usr/lib64/libopencv_rgbd.so /usr/lib64/libopencv_saliency.so /usr/lib64/libopencv_shape.so /usr/lib64/libopencv_signal.so /usr/lib64/libopencv_stereo.so /usr/lib64/libopencv_structured_light.so /usr/lib64/libopencv_phase_unwrapping.so /usr/lib64/libopencv_superres.so /usr/lib64/libopencv_optflow.so /usr/lib64/libopencv_surface_matching.so /usr/lib64/libopencv_tracking.so /usr/lib64/libopencv_highgui.so /usr/lib64/libopencv_datasets.so /usr/lib64/libopencv_text.so /usr/lib64/libopencv_plot.so /usr/lib64/libopencv_ml.so /usr/lib64/libopencv_videostab.so /usr/lib64/libopencv_videoio.so /usr/lib64/libopencv_viz.so /usr/lib64/libopencv_wechat_qrcode.so /usr/lib64/libopencv_ximgproc.so /usr/lib64/libopencv_video.so /usr/lib64/libopencv_xobjdetect.so /usr/lib64/libopencv_objdetect.so /usr/lib64/libopencv_calib3d.so /usr/lib64/libopencv_imgcodecs.so /usr/lib64/libopencv_features2d.so /usr/lib64/libopencv_dnn.so /usr/lib64/libopencv_flann.so /usr/lib64/libopencv_xphoto.so /usr/lib64/libopencv_photo.so /usr/lib64/libopencv_imgproc.so /usr/lib64/libopencv_core.so -Wl,--end-group
../libfprint/drivers/goodixtls/goodixtls.c: In function ‘err_from_ssl’:
../libfprint/drivers/goodixtls/goodixtls.c:51:3: warning: ‘__builtin___strcpy_chk’ writing one too many bytes into a region of a size that depends on ‘strlen’ [-Wstringop-overflow=]
   51 |   strcpy (err->message, msg);
      |   ^
../libfprint/drivers/goodixtls/goodixtls.c:50:18: note: destination object of size [0, 9223372036854775805] allocated by ‘malloc’
   50 |   err->message = malloc (strlen (msg));
      |                  ^
INFO: autodetecting backend as ninja
INFO: calculating backend command to run: /usr/bin/ninja -C /home/f360c4/dev/goodix-55a4-fedora/rpm/_topdir/BUILD/libfprint-goodixtls-55a4-1.94.6-build/libfprint-goodixtls-55x4/redhat-linux-build -j 8 -v
+ RPM_EC=0
++ jobs -p
+ exit 0
Executando (%install): /bin/sh -e /var/tmp/rpm-tmp.jEl9Aq
+ umask 022
+ cd /home/f360c4/dev/goodix-55a4-fedora/rpm/_topdir/BUILD/libfprint-goodixtls-55a4-1.94.6-build
+ '[' /home/f360c4/dev/goodix-55a4-fedora/rpm/_topdir/BUILD/libfprint-goodixtls-55a4-1.94.6-build/BUILDROOT '!=' / ']'
+ rm -rf /home/f360c4/dev/goodix-55a4-fedora/rpm/_topdir/BUILD/libfprint-goodixtls-55a4-1.94.6-build/BUILDROOT
++ dirname /home/f360c4/dev/goodix-55a4-fedora/rpm/_topdir/BUILD/libfprint-goodixtls-55a4-1.94.6-build/BUILDROOT
+ mkdir -p /home/f360c4/dev/goodix-55a4-fedora/rpm/_topdir/BUILD/libfprint-goodixtls-55a4-1.94.6-build
+ mkdir /home/f360c4/dev/goodix-55a4-fedora/rpm/_topdir/BUILD/libfprint-goodixtls-55a4-1.94.6-build/BUILDROOT
+ CFLAGS='-O2 -flto=auto -ffat-lto-objects -fexceptions -g -grecord-gcc-switches -pipe -Wall -Werror=format-security -Wp,-U_FORTIFY_SOURCE,-D_FORTIFY_SOURCE=3 -Wp,-D_GLIBCXX_ASSERTIONS -specs=/usr/lib/rpm/redhat/redhat-hardened-cc1 -fstack-protector-strong -specs=/usr/lib/rpm/redhat/redhat-annobin-cc1  -m64 -march=x86-64 -mtune=generic -fasynchronous-unwind-tables -fstack-clash-protection -fcf-protection -mtls-dialect=gnu2 -fno-omit-frame-pointer -mno-omit-leaf-frame-pointer  '
+ export CFLAGS
+ CXXFLAGS='-O2 -flto=auto -ffat-lto-objects -fexceptions -g -grecord-gcc-switches -pipe -Wall -Werror=format-security -Wp,-U_FORTIFY_SOURCE,-D_FORTIFY_SOURCE=3 -Wp,-D_GLIBCXX_ASSERTIONS -specs=/usr/lib/rpm/redhat/redhat-hardened-cc1 -fstack-protector-strong -specs=/usr/lib/rpm/redhat/redhat-annobin-cc1  -m64 -march=x86-64 -mtune=generic -fasynchronous-unwind-tables -fstack-clash-protection -fcf-protection -mtls-dialect=gnu2 -fno-omit-frame-pointer -mno-omit-leaf-frame-pointer  '
+ export CXXFLAGS
+ FFLAGS='-O2 -flto=auto -ffat-lto-objects -fexceptions -g -grecord-gcc-switches -pipe -Wall -Wp,-U_FORTIFY_SOURCE,-D_FORTIFY_SOURCE=3 -Wp,-D_GLIBCXX_ASSERTIONS -specs=/usr/lib/rpm/redhat/redhat-hardened-cc1 -fstack-protector-strong -specs=/usr/lib/rpm/redhat/redhat-annobin-cc1  -m64 -march=x86-64 -mtune=generic -fasynchronous-unwind-tables -fstack-clash-protection -fcf-protection -mtls-dialect=gnu2 -fno-omit-frame-pointer -mno-omit-leaf-frame-pointer -I/usr/lib64/gfortran/modules  '
+ export FFLAGS
+ FCFLAGS='-O2 -flto=auto -ffat-lto-objects -fexceptions -g -grecord-gcc-switches -pipe -Wall -Wp,-U_FORTIFY_SOURCE,-D_FORTIFY_SOURCE=3 -Wp,-D_GLIBCXX_ASSERTIONS -specs=/usr/lib/rpm/redhat/redhat-hardened-cc1 -fstack-protector-strong -specs=/usr/lib/rpm/redhat/redhat-annobin-cc1  -m64 -march=x86-64 -mtune=generic -fasynchronous-unwind-tables -fstack-clash-protection -fcf-protection -mtls-dialect=gnu2 -fno-omit-frame-pointer -mno-omit-leaf-frame-pointer -I/usr/lib64/gfortran/modules  '
+ export FCFLAGS
+ VALAFLAGS=-g
+ export VALAFLAGS
+ RUSTFLAGS='-Copt-level=3 -Cdebuginfo=2 -Ccodegen-units=1 -Cstrip=none -Cforce-frame-pointers=yes -Clink-arg=-specs=/usr/lib/rpm/redhat/redhat-package-notes --cap-lints=warn'
+ export RUSTFLAGS
+ LDFLAGS='-Wl,-z,relro -Wl,--as-needed  -Wl,-z,pack-relative-relocs -Wl,-z,now -specs=/usr/lib/rpm/redhat/redhat-hardened-ld -specs=/usr/lib/rpm/redhat/redhat-hardened-ld-errors -specs=/usr/lib/rpm/redhat/redhat-annobin-cc1  -Wl,--build-id=sha1 -specs=/usr/lib/rpm/redhat/redhat-package-notes  '
+ export LDFLAGS
+ LT_SYS_LIBRARY_PATH=/usr/lib64:
+ export LT_SYS_LIBRARY_PATH
+ CC=gcc
+ export CC
+ CXX=g++
+ export CXX
+ cd libfprint-goodixtls-55x4
+ DESTDIR=/home/f360c4/dev/goodix-55a4-fedora/rpm/_topdir/BUILD/libfprint-goodixtls-55a4-1.94.6-build/BUILDROOT
+ /usr/bin/meson install -C redhat-linux-build --no-rebuild
Installing libfprint/fp-enums.h to /home/f360c4/dev/goodix-55a4-fedora/rpm/_topdir/BUILD/libfprint-goodixtls-55a4-1.94.6-build/BUILDROOT/usr/include/libfprint-2
Installing libfprint/libfprint-2.so.2.0.0 to /home/f360c4/dev/goodix-55a4-fedora/rpm/_topdir/BUILD/libfprint-goodixtls-55a4-1.94.6-build/BUILDROOT/usr/lib64
Installing libfprint/FPrint-2.0.gir to /home/f360c4/dev/goodix-55a4-fedora/rpm/_topdir/BUILD/libfprint-goodixtls-55a4-1.94.6-build/BUILDROOT/usr/share/gir-1.0
Installing libfprint/FPrint-2.0.typelib to /home/f360c4/dev/goodix-55a4-fedora/rpm/_topdir/BUILD/libfprint-goodixtls-55a4-1.94.6-build/BUILDROOT/usr/lib64/girepository-1.0
Installing /home/f360c4/dev/goodix-55a4-fedora/rpm/_topdir/BUILD/libfprint-goodixtls-55a4-1.94.6-build/libfprint-goodixtls-55x4/libfprint/fprint.h to /home/f360c4/dev/goodix-55a4-fedora/rpm/_topdir/BUILD/libfprint-goodixtls-55a4-1.94.6-build/BUILDROOT/usr/include/libfprint-2
Installing /home/f360c4/dev/goodix-55a4-fedora/rpm/_topdir/BUILD/libfprint-goodixtls-55a4-1.94.6-build/libfprint-goodixtls-55x4/libfprint/fp-context.h to /home/f360c4/dev/goodix-55a4-fedora/rpm/_topdir/BUILD/libfprint-goodixtls-55a4-1.94.6-build/BUILDROOT/usr/include/libfprint-2
Installing /home/f360c4/dev/goodix-55a4-fedora/rpm/_topdir/BUILD/libfprint-goodixtls-55a4-1.94.6-build/libfprint-goodixtls-55x4/libfprint/fp-device.h to /home/f360c4/dev/goodix-55a4-fedora/rpm/_topdir/BUILD/libfprint-goodixtls-55a4-1.94.6-build/BUILDROOT/usr/include/libfprint-2
Installing /home/f360c4/dev/goodix-55a4-fedora/rpm/_topdir/BUILD/libfprint-goodixtls-55a4-1.94.6-build/libfprint-goodixtls-55x4/libfprint/fp-image-device.h to /home/f360c4/dev/goodix-55a4-fedora/rpm/_topdir/BUILD/libfprint-goodixtls-55a4-1.94.6-build/BUILDROOT/usr/include/libfprint-2
Installing /home/f360c4/dev/goodix-55a4-fedora/rpm/_topdir/BUILD/libfprint-goodixtls-55a4-1.94.6-build/libfprint-goodixtls-55x4/libfprint/fp-image.h to /home/f360c4/dev/goodix-55a4-fedora/rpm/_topdir/BUILD/libfprint-goodixtls-55a4-1.94.6-build/BUILDROOT/usr/include/libfprint-2
Installing /home/f360c4/dev/goodix-55a4-fedora/rpm/_topdir/BUILD/libfprint-goodixtls-55a4-1.94.6-build/libfprint-goodixtls-55x4/libfprint/fp-print.h to /home/f360c4/dev/goodix-55a4-fedora/rpm/_topdir/BUILD/libfprint-goodixtls-55a4-1.94.6-build/BUILDROOT/usr/include/libfprint-2
Installing /home/f360c4/dev/goodix-55a4-fedora/rpm/_topdir/BUILD/libfprint-goodixtls-55a4-1.94.6-build/libfprint-goodixtls-55x4/redhat-linux-build/meson-private/libfprint-2.pc to /home/f360c4/dev/goodix-55a4-fedora/rpm/_topdir/BUILD/libfprint-goodixtls-55a4-1.94.6-build/BUILDROOT/usr/lib64/pkgconfig
Installing symlink pointing to libfprint-2.so.2.0.0 to /home/f360c4/dev/goodix-55a4-fedora/rpm/_topdir/BUILD/libfprint-goodixtls-55a4-1.94.6-build/BUILDROOT/usr/lib64/libfprint-2.so.2
Installing symlink pointing to libfprint-2.so.2 to /home/f360c4/dev/goodix-55a4-fedora/rpm/_topdir/BUILD/libfprint-goodixtls-55a4-1.94.6-build/BUILDROOT/usr/lib64/libfprint-2.so
+ /usr/bin/find-debuginfo -j8 --strict-build-id -m -i --build-id-seed 1.94.6-0.1.c1937b9.fc44 --unique-debug-suffix -1.94.6-0.1.c1937b9.fc44.x86_64 --unique-debug-src-base libfprint-goodixtls-55a4-1.94.6-0.1.c1937b9.fc44.x86_64 --run-dwz --dwz-low-mem-die-limit 10000000 --dwz-max-die-limit 110000000 --remove-section .gnu.build.attributes -S debugsourcefiles.list /home/f360c4/dev/goodix-55a4-fedora/rpm/_topdir/BUILD/libfprint-goodixtls-55a4-1.94.6-build/libfprint-goodixtls-55x4
find-debuginfo: starting
Extracting debug info from 1 files
DWARF-compressing 1 files
sepdebugcrcfix: Updated 1 CRC32s, 0 CRC32s did match.
Creating .debug symlinks for symlinks to ELF files
Copying sources found by 'debugedit -l' to /usr/src/debug/libfprint-goodixtls-55a4-1.94.6-0.1.c1937b9.fc44.x86_64
find-debuginfo: done
+ /usr/lib/rpm/check-buildroot
+ /usr/lib/rpm/redhat/brp-ldconfig
+ COMPRESS='gzip -9 -n'
+ COMPRESS_EXT=.gz
+ /usr/lib/rpm/brp-compress
+ /usr/lib/rpm/redhat/brp-strip-lto /usr/bin/strip
+ /usr/lib/rpm/check-rpaths
+ /usr/lib/rpm/redhat/brp-mangle-shebangs
+ /usr/lib/rpm/brp-remove-la-files
+ /usr/lib/rpm/redhat/brp-python-rpm-in-distinfo
+ env /usr/lib/rpm/redhat/brp-python-bytecompile '' 1 0 -j8
+ /usr/lib/rpm/redhat/brp-python-hardlink
+ /usr/bin/add-det --brp -j8 /home/f360c4/dev/goodix-55a4-fedora/rpm/_topdir/BUILD/libfprint-goodixtls-55a4-1.94.6-build/BUILDROOT
Scanned 26 directories and 94 files,
    processed 0 inodes,
    0 modified (0 replaced + 0 rewritten),
    0 unsupported format, 0 errors
+ /usr/bin/linkdupes --brp /home/f360c4/dev/goodix-55a4-fedora/rpm/_topdir/BUILD/libfprint-goodixtls-55a4-1.94.6-build/BUILDROOT/usr
Scanned 25 directories and 94 files,
    considered 92 files, read 12 files, linked 6 files, 0 errors
    sum of sizes of linked files: 28059 bytes
Reading /home/f360c4/dev/goodix-55a4-fedora/rpm/_topdir/BUILD/libfprint-goodixtls-55a4-1.94.6-build/SPECPARTS/rpm-debuginfo.specpart
Processando arquivos: libfprint-goodixtls-55a4-1.94.6-0.1.c1937b9.fc44.x86_64
Executando (%doc): /bin/sh -e /var/tmp/rpm-tmp.cO27CP
+ umask 022
+ cd /home/f360c4/dev/goodix-55a4-fedora/rpm/_topdir/BUILD/libfprint-goodixtls-55a4-1.94.6-build
+ cd libfprint-goodixtls-55x4
+ DOCDIR=/home/f360c4/dev/goodix-55a4-fedora/rpm/_topdir/BUILD/libfprint-goodixtls-55a4-1.94.6-build/BUILDROOT/usr/share/doc/libfprint-goodixtls-55a4
+ export LC_ALL=C.UTF-8
+ LC_ALL=C.UTF-8
+ export DOCDIR
+ /usr/bin/mkdir -p /home/f360c4/dev/goodix-55a4-fedora/rpm/_topdir/BUILD/libfprint-goodixtls-55a4-1.94.6-build/BUILDROOT/usr/share/doc/libfprint-goodixtls-55a4
+ cp -pr /home/f360c4/dev/goodix-55a4-fedora/rpm/_topdir/BUILD/libfprint-goodixtls-55a4-1.94.6-build/libfprint-goodixtls-55x4/AUTHORS /home/f360c4/dev/goodix-55a4-fedora/rpm/_topdir/BUILD/libfprint-goodixtls-55a4-1.94.6-build/BUILDROOT/usr/share/doc/libfprint-goodixtls-55a4
+ cp -pr /home/f360c4/dev/goodix-55a4-fedora/rpm/_topdir/BUILD/libfprint-goodixtls-55a4-1.94.6-build/libfprint-goodixtls-55x4/NEWS /home/f360c4/dev/goodix-55a4-fedora/rpm/_topdir/BUILD/libfprint-goodixtls-55a4-1.94.6-build/BUILDROOT/usr/share/doc/libfprint-goodixtls-55a4
+ cp -pr /home/f360c4/dev/goodix-55a4-fedora/rpm/_topdir/BUILD/libfprint-goodixtls-55a4-1.94.6-build/libfprint-goodixtls-55x4/README.md /home/f360c4/dev/goodix-55a4-fedora/rpm/_topdir/BUILD/libfprint-goodixtls-55a4-1.94.6-build/BUILDROOT/usr/share/doc/libfprint-goodixtls-55a4
+ cp -pr /home/f360c4/dev/goodix-55a4-fedora/rpm/_topdir/BUILD/libfprint-goodixtls-55a4-1.94.6-build/libfprint-goodixtls-55x4/THANKS /home/f360c4/dev/goodix-55a4-fedora/rpm/_topdir/BUILD/libfprint-goodixtls-55a4-1.94.6-build/BUILDROOT/usr/share/doc/libfprint-goodixtls-55a4
+ RPM_EC=0
++ jobs -p
+ exit 0
Executando (%license): /bin/sh -e /var/tmp/rpm-tmp.9cUWKv
+ umask 022
+ cd /home/f360c4/dev/goodix-55a4-fedora/rpm/_topdir/BUILD/libfprint-goodixtls-55a4-1.94.6-build
+ cd libfprint-goodixtls-55x4
+ LICENSEDIR=/home/f360c4/dev/goodix-55a4-fedora/rpm/_topdir/BUILD/libfprint-goodixtls-55a4-1.94.6-build/BUILDROOT/usr/share/licenses/libfprint-goodixtls-55a4
+ export LC_ALL=C.UTF-8
+ LC_ALL=C.UTF-8
+ export LICENSEDIR
+ /usr/bin/mkdir -p /home/f360c4/dev/goodix-55a4-fedora/rpm/_topdir/BUILD/libfprint-goodixtls-55a4-1.94.6-build/BUILDROOT/usr/share/licenses/libfprint-goodixtls-55a4
+ cp -pr /home/f360c4/dev/goodix-55a4-fedora/rpm/_topdir/BUILD/libfprint-goodixtls-55a4-1.94.6-build/libfprint-goodixtls-55x4/COPYING /home/f360c4/dev/goodix-55a4-fedora/rpm/_topdir/BUILD/libfprint-goodixtls-55a4-1.94.6-build/BUILDROOT/usr/share/licenses/libfprint-goodixtls-55a4
+ RPM_EC=0
++ jobs -p
+ exit 0
Provides: libfprint = 1.94.6-0.1.c1937b9.fc44 libfprint(x86-64) = 1.94.6-0.1.c1937b9.fc44 libfprint-2.so.2()(64bit) libfprint-2.so.2(LIBFPRINT_2.0.0)(64bit) libfprint-goodixtls-55a4 = 1.94.6-0.1.c1937b9.fc44 libfprint-goodixtls-55a4(x86-64) = 1.94.6-0.1.c1937b9.fc44
Requires(rpmlib): rpmlib(CompressedFileNames) <= 3.0.4-1 rpmlib(FileDigests) <= 4.6.0-1 rpmlib(PayloadFilesHavePrefix) <= 4.0-1
Requires: libc.so.6()(64bit) libc.so.6(GLIBC_2.14)(64bit) libc.so.6(GLIBC_2.2.5)(64bit) libc.so.6(GLIBC_2.3.4)(64bit) libc.so.6(GLIBC_2.32)(64bit) libc.so.6(GLIBC_2.34)(64bit) libc.so.6(GLIBC_2.4)(64bit) libc.so.6(GLIBC_ABI_DT_RELR)(64bit) libcrypto.so.3()(64bit) libcrypto.so.3(OPENSSL_3.0.0)(64bit) libgcc_s.so.1()(64bit) libgcc_s.so.1(GCC_3.0)(64bit) libgcc_s.so.1(GCC_3.3.1)(64bit) libgio-2.0.so.0()(64bit) libglib-2.0.so.0()(64bit) libgobject-2.0.so.0()(64bit) libgusb.so.2()(64bit) libgusb.so.2(LIBGUSB_0.1.0)(64bit) libgusb.so.2(LIBGUSB_0.2.2)(64bit) libgusb.so.2(LIBGUSB_0.2.4)(64bit) libm.so.6()(64bit) libm.so.6(GLIBC_2.2.5)(64bit) libm.so.6(GLIBC_2.29)(64bit) libm.so.6(GLIBC_2.38)(64bit) libm.so.6(GLIBC_2.43)(64bit) libopencv_core.so.413()(64bit) libopencv_features2d.so.413()(64bit) libopencv_imgproc.so.413()(64bit) libopencv_stitching.so.413()(64bit) libssl.so.3()(64bit) libssl.so.3(OPENSSL_3.0.0)(64bit) libstdc++.so.6()(64bit) libstdc++.so.6(CXXABI_1.3)(64bit) libstdc++.so.6(CXXABI_1.3.9)(64bit) libstdc++.so.6(GLIBCXX_3.4)(64bit) libstdc++.so.6(GLIBCXX_3.4.20)(64bit) libstdc++.so.6(GLIBCXX_3.4.21)(64bit) libstdc++.so.6(GLIBCXX_3.4.30)(64bit) libstdc++.so.6(GLIBCXX_3.4.32)(64bit) rtld(GNU_HASH)
Conflicts: libfprint
Processando arquivos: libfprint-goodixtls-55a4-devel-1.94.6-0.1.c1937b9.fc44.x86_64
Provides: libfprint-devel = 1.94.6-0.1.c1937b9.fc44 libfprint-devel(x86-64) = 1.94.6-0.1.c1937b9.fc44 libfprint-goodixtls-55a4-devel = 1.94.6-0.1.c1937b9.fc44 libfprint-goodixtls-55a4-devel(x86-64) = 1.94.6-0.1.c1937b9.fc44 pkgconfig(libfprint-2) = 1.94.6
Requires(rpmlib): rpmlib(CompressedFileNames) <= 3.0.4-1 rpmlib(FileDigests) <= 4.6.0-1 rpmlib(PayloadFilesHavePrefix) <= 4.0-1
Requires: /usr/bin/pkg-config libfprint-2.so.2()(64bit) pkgconfig(gio-unix-2.0) >= 2.56 pkgconfig(gobject-2.0) >= 2.56
Conflicts: libfprint-devel
Processando arquivos: libfprint-goodixtls-55a4-debugsource-1.94.6-0.1.c1937b9.fc44.x86_64
Provides: libfprint-goodixtls-55a4-debugsource = 1.94.6-0.1.c1937b9.fc44 libfprint-goodixtls-55a4-debugsource(x86-64) = 1.94.6-0.1.c1937b9.fc44
Requires(rpmlib): rpmlib(CompressedFileNames) <= 3.0.4-1 rpmlib(FileDigests) <= 4.6.0-1 rpmlib(PayloadFilesHavePrefix) <= 4.0-1
Processando arquivos: libfprint-goodixtls-55a4-debuginfo-1.94.6-0.1.c1937b9.fc44.x86_64
Provides: debuginfo(build-id) = 14064ec4438b2bba65faebb8ee934ba7bf2a1120 libfprint-2.so.2.0.0-1.94.6-0.1.c1937b9.fc44.x86_64.debug()(64bit) libfprint-goodixtls-55a4-debuginfo = 1.94.6-0.1.c1937b9.fc44 libfprint-goodixtls-55a4-debuginfo(x86-64) = 1.94.6-0.1.c1937b9.fc44
Requires(rpmlib): rpmlib(CompressedFileNames) <= 3.0.4-1 rpmlib(FileDigests) <= 4.6.0-1 rpmlib(PayloadFilesHavePrefix) <= 4.0-1
Recommends: libfprint-goodixtls-55a4-debugsource(x86-64) = 1.94.6-0.1.c1937b9.fc44
Procurando por arquivos desempacotados: /usr/lib/rpm/check-files /home/f360c4/dev/goodix-55a4-fedora/rpm/_topdir/BUILD/libfprint-goodixtls-55a4-1.94.6-build/BUILDROOT
Gravou: /home/f360c4/dev/goodix-55a4-fedora/rpm/_topdir/SRPMS/libfprint-goodixtls-55a4-1.94.6-0.1.c1937b9.fc44.src.rpm
Gravou: /home/f360c4/dev/goodix-55a4-fedora/rpm/_topdir/RPMS/x86_64/libfprint-goodixtls-55a4-devel-1.94.6-0.1.c1937b9.fc44.x86_64.rpm
Gravou: /home/f360c4/dev/goodix-55a4-fedora/rpm/_topdir/RPMS/x86_64/libfprint-goodixtls-55a4-1.94.6-0.1.c1937b9.fc44.x86_64.rpm
Gravou: /home/f360c4/dev/goodix-55a4-fedora/rpm/_topdir/RPMS/x86_64/libfprint-goodixtls-55a4-debugsource-1.94.6-0.1.c1937b9.fc44.x86_64.rpm
Gravou: /home/f360c4/dev/goodix-55a4-fedora/rpm/_topdir/RPMS/x86_64/libfprint-goodixtls-55a4-debuginfo-1.94.6-0.1.c1937b9.fc44.x86_64.rpm
Executando (rmbuild): /bin/sh -e /var/tmp/rpm-tmp.RpcNdB
+ umask 022
+ cd /home/f360c4/dev/goodix-55a4-fedora/rpm/_topdir/BUILD/libfprint-goodixtls-55a4-1.94.6-build
+ test -d /home/f360c4/dev/goodix-55a4-fedora/rpm/_topdir/BUILD/libfprint-goodixtls-55a4-1.94.6-build
+ /usr/bin/chmod -Rf a+rX,u+w,g-w,o-w /home/f360c4/dev/goodix-55a4-fedora/rpm/_topdir/BUILD/libfprint-goodixtls-55a4-1.94.6-build
+ rm -rf /home/f360c4/dev/goodix-55a4-fedora/rpm/_topdir/BUILD/libfprint-goodixtls-55a4-1.94.6-build
+ RPM_EC=0
++ jobs -p
+ exit 0

Avisos na construção do RPM:
    data incorreta em %changelog: Wed Oct 08 2026 Luiz Felipe <f360c4@gmail.com> - 1.94.6-0.1.c1937b9
total 7928
-rw-r--r--. 1 f360c4 f360c4 7057084 out  8 01:23 libfprint-goodixtls-55a4-1.94.6-0.1.c1937b9.fc44.src.rpm
-rw-r--r--. 1 f360c4 f360c4  160573 out  8 01:23 libfprint-goodixtls-55a4-1.94.6-0.1.c1937b9.fc44.x86_64.rpm
-rw-r--r--. 1 f360c4 f360c4  658971 out  8 01:23 libfprint-goodixtls-55a4-debuginfo-1.94.6-0.1.c1937b9.fc44.x86_64.rpm
-rw-r--r--. 1 f360c4 f360c4  206420 out  8 01:23 libfprint-goodixtls-55a4-debugsource-1.94.6-0.1.c1937b9.fc44.x86_64.rpm
-rw-r--r--. 1 f360c4 f360c4   25854 out  8 01:23 libfprint-goodixtls-55a4-devel-1.94.6-0.1.c1937b9.fc44.x86_64.rpm
